learner_id,concept_id,concept_name,difficulty,days_since_last_review,quiz_accuracy,response_time,attempt_count,retention_label
L004,software_engineering,Software Engineering,0.4,9.0,0.0,21.01,5,0.132
L021,operating_systems,Operating Systems,0.6,11.0,0.15,23.62,2,0.0
L004,algorithm_design,Algorithm Design,0.5,18.0,0.0,26.8,5,0.0
L028,software_engineering,Software Engineering,0.4,8.0,0.235,28.18,3,0.214
L017,ml_fundamentals,ML Fundamentals,0.5,1.0,0.446,10.9,3,0.819
L038,oop_concepts,OOP Concepts,0.35,16.0,0.126,24.42,5,0.12
L034,dbms_normalization,DBMS Normalization,0.7,17.0,0.0,20.08,4,0.0
L002,operating_systems,Operating Systems,0.6,9.0,0.095,20.54,4,0.247
L004,algorithm_design,Algorithm Design,0.5,13.0,0.094,15.77,1,0.045
L033,data_structures,Data Structures,0.4,20.0,0.07,24.02,2,0.03
L017,software_engineering,Software Engineering,0.4,7.0,0.227,17.52,1,0.261
L038,operating_systems,Operating Systems,0.6,10.0,0.076,14.15,3,0.023
L014,operating_systems,Operating Systems,0.6,8.0,0.181,20.0,5,0.102
L032,oop_concepts,OOP Concepts,0.35,1.0,0.428,15.22,1,0.866
L022,dbms_normalization,DBMS Normalization,0.7,0.0,0.671,18.41,4,0.986
L026,operating_systems,Operating Systems,0.6,17.0,0.082,27.68,1,0.0
L032,dbms_normalization,DBMS Normalization,0.7,21.0,0.004,16.12,3,0.0
L019,software_engineering,Software Engineering,0.4,6.0,0.214,9.23,3,0.441
L039,ml_fundamentals,ML Fundamentals,0.5,18.0,0.071,21.18,3,0.0
L013,operating_systems,Operating Systems,0.6,2.0,0.426,20.36,2,0.527
L040,dbms_normalization,DBMS Normalization,0.7,3.0,0.212,16.43,3,0.252
L026,ml_fundamentals,ML Fundamentals,0.5,19.0,0.0,16.9,2,0.0
L007,discrete_mathematics,Discrete Mathematics,0.55,18.0,0.197,22.28,5,0.035
L017,computer_networks,Computer Networks,0.55,16.0,0.0,28.19,4,0.145
L036,operating_systems,Operating Systems,0.6,8.0,0.137,19.38,3,0.104
L018,operating_systems,Operating Systems,0.6,3.0,0.155,16.74,2,0.456
L031,algorithm_design,Algorithm Design,0.5,19.0,0.01,19.98,5,0.0
L006,oop_concepts,OOP Concepts,0.35,6.0,0.279,18.65,5,0.442
L034,operating_systems,Operating Systems,0.6,16.0,0.0,20.65,3,0.0
L026,software_engineering,Software Engineering,0.4,14.0,0.0,20.24,1,0.048
L038,discrete_mathematics,Discrete Mathematics,0.55,6.0,0.126,11.81,3,0.56
L011,dbms_normalization,DBMS Normalization,0.7,18.0,0.0,23.37,5,0.104
L013,ml_fundamentals,ML Fundamentals,0.5,20.0,0.014,16.36,5,0.0
L029,data_structures,Data Structures,0.4,18.0,0.1,22.84,1,0.06
L030,discrete_mathematics,Discrete Mathematics,0.55,11.0,0.248,23.06,1,0.003
L001,computer_networks,Computer Networks,0.55,19.0,0.088,14.83,1,0.075
L033,discrete_mathematics,Discrete Mathematics,0.55,7.0,0.066,20.49,5,0.095
L013,algorithm_design,Algorithm Design,0.5,18.0,0.103,19.81,3,0.0
L007,oop_concepts,OOP Concepts,0.35,7.0,0.308,13.37,2,0.422
L032,computer_architecture,Computer Architecture,0.5,18.0,0.235,23.33,3,0.092
L023,algorithm_design,Algorithm Design,0.5,1.0,0.616,13.02,2,0.892
L026,operating_systems,Operating Systems,0.6,12.0,0.0,18.49,1,0.234
L018,software_engineering,Software Engineering,0.4,20.0,0.0,23.04,5,0.09
L001,algorithm_design,Algorithm Design,0.5,14.0,0.195,13.73,3,0.0
L034,operating_systems,Operating Systems,0.6,15.0,0.0,25.25,1,0.065
L030,discrete_mathematics,Discrete Mathematics,0.55,13.0,0.048,22.87,2,0.126
L023,oop_concepts,OOP Concepts,0.35,2.0,0.513,18.08,4,0.731
L027,computer_architecture,Computer Architecture,0.5,18.0,0.078,13.48,5,0.147
L002,neural_networks,Neural Networks,0.6,2.0,0.238,12.66,3,0.642
L021,computer_architecture,Computer Architecture,0.5,11.0,0.061,22.57,1,0.169
L027,computer_architecture,Computer Architecture,0.5,3.0,0.4,14.28,4,0.479
L035,software_engineering,Software Engineering,0.4,0.0,0.664,15.32,5,0.88
L040,software_engineering,Software Engineering,0.4,6.0,0.172,20.38,5,0.307
L033,discrete_mathematics,Discrete Mathematics,0.55,2.0,0.469,12.29,1,0.6
L033,neural_networks,Neural Networks,0.6,0.0,0.562,13.57,2,0.938
L001,data_structures,Data Structures,0.4,10.0,0.083,15.92,4,0.141
L022,software_engineering,Software Engineering,0.4,19.0,0.043,15.72,3,0.101
L011,probability_and_statistics,Probability & Statistics,0.65,3.0,0.568,24.93,1,0.542
L038,ml_fundamentals,ML Fundamentals,0.5,13.0,0.138,17.4,3,0.031
L038,probability_and_statistics,Probability & Statistics,0.65,20.0,0.162,18.15,1,0.021
L024,neural_networks,Neural Networks,0.6,12.0,0.145,17.06,4,0.038
L022,computer_networks,Computer Networks,0.55,17.0,0.045,21.04,4,0.0
L010,ml_fundamentals,ML Fundamentals,0.5,8.0,0.232,22.13,3,0.117
L023,computer_networks,Computer Networks,0.55,16.0,0.0,15.81,2,0.103
L029,operating_systems,Operating Systems,0.6,14.0,0.26,23.62,1,0.0
L031,neural_networks,Neural Networks,0.6,16.0,0.098,23.37,2,0.041
L029,operating_systems,Operating Systems,0.6,20.0,0.151,21.04,5,0.104
L034,computer_networks,Computer Networks,0.55,18.0,0.05,17.68,4,0.029
L038,data_structures,Data Structures,0.4,4.0,0.057,15.07,2,0.278
L034,discrete_mathematics,Discrete Mathematics,0.55,12.0,0.093,17.15,4,0.124
L036,computer_networks,Computer Networks,0.55,7.0,0.208,18.33,3,0.199
L005,discrete_mathematics,Discrete Mathematics,0.55,12.0,0.012,23.15,3,0.022
L016,dbms_normalization,DBMS Normalization,0.7,6.0,0.208,20.45,1,0.143
L023,data_structures,Data Structures,0.4,3.0,0.542,20.77,4,0.607
L027,discrete_mathematics,Discrete Mathematics,0.55,6.0,0.091,29.75,5,0.0
L026,algorithm_design,Algorithm Design,0.5,9.0,0.33,13.57,5,0.105
L021,software_engineering,Software Engineering,0.4,19.0,0.069,19.4,5,0.106
L009,algorithm_design,Algorithm Design,0.5,5.0,0.064,21.08,5,0.245
L038,neural_networks,Neural Networks,0.6,14.0,0.07,22.94,4,0.0
L005,probability_and_statistics,Probability & Statistics,0.65,9.0,0.085,19.38,1,0.024
L025,neural_networks,Neural Networks,0.6,9.0,0.049,13.87,5,0.019
L005,ml_fundamentals,ML Fundamentals,0.5,19.0,0.0,24.61,1,0.142
L026,ml_fundamentals,ML Fundamentals,0.5,11.0,0.07,19.53,1,0.202
L014,operating_systems,Operating Systems,0.6,1.0,0.489,14.24,1,0.919
L018,oop_concepts,OOP Concepts,0.35,21.0,0.024,15.09,4,0.0
L036,discrete_mathematics,Discrete Mathematics,0.55,21.0,0.0,16.69,4,0.055
L008,operating_systems,Operating Systems,0.6,1.0,0.661,15.86,3,0.939
L024,neural_networks,Neural Networks,0.6,10.0,0.037,19.74,1,0.075
L038,oop_concepts,OOP Concepts,0.35,20.0,0.0,17.42,5,0.018
L011,algorithm_design,Algorithm Design,0.5,1.0,0.684,9.56,1,0.799
L040,ml_fundamentals,ML Fundamentals,0.5,5.0,0.16,18.47,3,0.335
L011,oop_concepts,OOP Concepts,0.35,9.0,0.098,25.08,3,0.006
L037,oop_concepts,OOP Concepts,0.35,7.0,0.109,14.79,2,0.3
L008,operating_systems,Operating Systems,0.6,7.0,0.245,23.0,1,0.125
L029,probability_and_statistics,Probability & Statistics,0.65,1.0,0.52,17.64,3,0.916
L019,operating_systems,Operating Systems,0.6,21.0,0.0,30.17,5,0.11
L004,computer_networks,Computer Networks,0.55,3.0,0.424,20.41,2,0.458
L033,data_structures,Data Structures,0.4,16.0,0.0,27.9,2,0.186
L034,ml_fundamentals,ML Fundamentals,0.5,3.0,0.288,17.91,3,0.572
L005,computer_architecture,Computer Architecture,0.5,20.0,0.053,22.82,1,0.02
L017,algorithm_design,Algorithm Design,0.5,4.0,0.275,20.17,2,0.232
L008,data_structures,Data Structures,0.4,3.0,0.375,11.07,2,0.68
L031,neural_networks,Neural Networks,0.6,16.0,0.003,22.31,3,0.044
L002,software_engineering,Software Engineering,0.4,9.0,0.151,20.58,3,0.256
L015,computer_architecture,Computer Architecture,0.5,15.0,0.0,21.78,1,0.036
L017,algorithm_design,Algorithm Design,0.5,14.0,0.014,19.34,4,0.069
L035,software_engineering,Software Engineering,0.4,0.0,0.865,12.14,2,1.0
L038,discrete_mathematics,Discrete Mathematics,0.55,13.0,0.007,25.26,2,0.04
L021,oop_concepts,OOP Concepts,0.35,7.0,0.325,19.72,2,0.281
L001,computer_architecture,Computer Architecture,0.5,4.0,0.185,21.81,1,0.271
L020,algorithm_design,Algorithm Design,0.5,10.0,0.143,21.28,2,0.0
L036,operating_systems,Operating Systems,0.6,2.0,0.436,19.74,2,0.539
L015,computer_architecture,Computer Architecture,0.5,9.0,0.0,14.31,1,0.037
L017,algorithm_design,Algorithm Design,0.5,1.0,0.496,10.54,2,0.83
L034,computer_networks,Computer Networks,0.55,2.0,0.423,23.56,4,0.655
L030,operating_systems,Operating Systems,0.6,3.0,0.394,14.71,5,0.539
L006,discrete_mathematics,Discrete Mathematics,0.55,11.0,0.069,16.82,3,0.178
L001,software_engineering,Software Engineering,0.4,6.0,0.245,18.75,3,0.356
L008,computer_architecture,Computer Architecture,0.5,18.0,0.0,21.05,5,0.116
L016,operating_systems,Operating Systems,0.6,0.0,0.72,10.58,2,1.0
L034,computer_architecture,Computer Architecture,0.5,17.0,0.11,16.91,4,0.002
L038,computer_networks,Computer Networks,0.55,14.0,0.21,22.24,4,0.0
L012,probability_and_statistics,Probability & Statistics,0.65,12.0,0.117,21.83,5,0.014
L032,probability_and_statistics,Probability & Statistics,0.65,3.0,0.403,15.84,5,0.366
L003,oop_concepts,OOP Concepts,0.35,11.0,0.22,22.42,2,0.126
L012,discrete_mathematics,Discrete Mathematics,0.55,16.0,0.241,27.05,4,0.014
L036,algorithm_design,Algorithm Design,0.5,12.0,0.119,17.77,3,0.107
L019,oop_concepts,OOP Concepts,0.35,18.0,0.142,22.89,1,0.0
L033,dbms_normalization,DBMS Normalization,0.7,20.0,0.003,20.9,5,0.0
L012,ml_fundamentals,ML Fundamentals,0.5,20.0,0.0,20.29,5,0.0
L030,ml_fundamentals,ML Fundamentals,0.5,1.0,0.511,15.76,2,0.787
L029,discrete_mathematics,Discrete Mathematics,0.55,7.0,0.129,22.98,3,0.334
L018,probability_and_statistics,Probability & Statistics,0.65,17.0,0.0,23.74,2,0.0
L040,software_engineering,Software Engineering,0.4,2.0,0.54,16.43,3,0.729
L019,probability_and_statistics,Probability & Statistics,0.65,6.0,0.079,20.12,2,0.099
L019,software_engineering,Software Engineering,0.4,5.0,0.328,10.39,1,0.469
L038,operating_systems,Operating Systems,0.6,8.0,0.225,19.01,4,0.265
L010,ml_fundamentals,ML Fundamentals,0.5,4.0,0.361,16.31,4,0.423
L010,algorithm_design,Algorithm Design,0.5,17.0,0.242,23.4,4,0.116
L013,ml_fundamentals,ML Fundamentals,0.5,3.0,0.33,18.57,3,0.542
L037,software_engineering,Software Engineering,0.4,8.0,0.136,17.57,2,0.353
L023,discrete_mathematics,Discrete Mathematics,0.55,7.0,0.247,18.98,1,0.258
L035,software_engineering,Software Engineering,0.4,7.0,0.197,10.63,4,0.244
L023,algorithm_design,Algorithm Design,0.5,0.0,0.704,12.15,1,0.995
L022,software_engineering,Software Engineering,0.4,6.0,0.331,20.01,2,0.504
L014,dbms_normalization,DBMS Normalization,0.7,0.0,0.709,9.75,5,1.0
L037,computer_networks,Computer Networks,0.55,20.0,0.0,20.43,5,0.0
L011,neural_networks,Neural Networks,0.6,16.0,0.013,20.51,3,0.0
L015,oop_concepts,OOP Concepts,0.35,6.0,0.181,18.7,3,0.411
L006,algorithm_design,Algorithm Design,0.5,9.0,0.082,15.78,3,0.053
L031,probability_and_statistics,Probability & Statistics,0.65,18.0,0.019,24.86,5,0.13
L019,probability_and_statistics,Probability & Statistics,0.65,6.0,0.0,19.54,4,0.077
L004,operating_systems,Operating Systems,0.6,3.0,0.489,19.25,2,0.447
L017,dbms_normalization,DBMS Normalization,0.7,0.0,0.46,3.0,5,0.928
L008,discrete_mathematics,Discrete Mathematics,0.55,2.0,0.361,17.72,5,0.681
L019,computer_architecture,Computer Architecture,0.5,20.0,0.0,22.05,5,0.049
L032,probability_and_statistics,Probability & Statistics,0.65,14.0,0.185,17.8,2,0.12
L027,computer_networks,Computer Networks,0.55,17.0,0.008,15.24,4,0.11
L039,algorithm_design,Algorithm Design,0.5,6.0,0.239,19.58,4,0.331
L013,operating_systems,Operating Systems,0.6,21.0,0.019,21.36,2,0.0
L039,computer_architecture,Computer Architecture,0.5,2.0,0.473,16.42,4,0.67
L040,data_structures,Data Structures,0.4,20.0,0.16,13.09,4,0.0
L009,oop_concepts,OOP Concepts,0.35,12.0,0.337,23.69,4,0.171
L027,operating_systems,Operating Systems,0.6,3.0,0.155,15.08,3,0.358
L038,probability_and_statistics,Probability & Statistics,0.65,12.0,0.126,20.65,2,0.0
L030,probability_and_statistics,Probability & Statistics,0.65,20.0,0.089,19.12,2,0.042
L029,ml_fundamentals,ML Fundamentals,0.5,1.0,0.684,10.25,1,0.837
L005,computer_networks,Computer Networks,0.55,3.0,0.076,18.32,1,0.363
L020,computer_networks,Computer Networks,0.55,11.0,0.237,23.55,5,0.072
L040,discrete_mathematics,Discrete Mathematics,0.55,7.0,0.102,15.95,3,0.331
L027,data_structures,Data Structures,0.4,11.0,0.158,15.67,2,0.138
L001,discrete_mathematics,Discrete Mathematics,0.55,15.0,0.023,19.97,3,0.107
L007,computer_architecture,Computer Architecture,0.5,17.0,0.177,26.38,1,0.117
L022,software_engineering,Software Engineering,0.4,13.0,0.167,22.67,5,0.167
L039,discrete_mathematics,Discrete Mathematics,0.55,9.0,0.155,12.61,4,0.244
L005,operating_systems,Operating Systems,0.6,12.0,0.164,19.71,4,0.039
L035,dbms_normalization,DBMS Normalization,0.7,18.0,0.0,26.41,2,0.013
L015,operating_systems,Operating Systems,0.6,3.0,0.359,17.82,1,0.446
L021,software_engineering,Software Engineering,0.4,14.0,0.098,28.93,5,0.259
L025,computer_architecture,Computer Architecture,0.5,7.0,0.334,20.24,4,0.194
L007,oop_concepts,OOP Concepts,0.35,16.0,0.014,17.31,4,0.024
L022,algorithm_design,Algorithm Design,0.5,20.0,0.126,19.17,3,0.039
L030,probability_and_statistics,Probability & Statistics,0.65,15.0,0.247,20.21,4,0.021
L029,data_structures,Data Structures,0.4,15.0,0.111,30.16,4,0.109
L013,computer_networks,Computer Networks,0.55,17.0,0.074,25.64,4,0.034
L002,neural_networks,Neural Networks,0.6,11.0,0.141,21.85,2,0.0
L009,discrete_mathematics,Discrete Mathematics,0.55,12.0,0.226,23.18,1,0.095
L008,discrete_mathematics,Discrete Mathematics,0.55,3.0,0.253,17.89,4,0.553
L010,ml_fundamentals,ML Fundamentals,0.5,15.0,0.0,22.8,3,0.0
L005,software_engineering,Software Engineering,0.4,9.0,0.177,19.75,5,0.17
L029,dbms_normalization,DBMS Normalization,0.7,3.0,0.306,21.97,2,0.242
L037,dbms_normalization,DBMS Normalization,0.7,1.0,0.294,9.57,5,0.57
L018,discrete_mathematics,Discrete Mathematics,0.55,11.0,0.076,12.7,4,0.113
L020,computer_networks,Computer Networks,0.55,16.0,0.0,24.62,3,0.0
L031,computer_architecture,Computer Architecture,0.5,2.0,0.503,20.0,5,0.732
L018,computer_networks,Computer Networks,0.55,13.0,0.0,19.42,2,0.003
L003,discrete_mathematics,Discrete Mathematics,0.55,14.0,0.038,20.19,1,0.032
L012,neural_networks,Neural Networks,0.6,9.0,0.037,24.6,2,0.0
L028,ml_fundamentals,ML Fundamentals,0.5,13.0,0.0,21.48,4,0.126
L015,computer_architecture,Computer Architecture,0.5,4.0,0.275,16.75,2,0.38
L007,computer_networks,Computer Networks,0.55,3.0,0.239,15.43,1,0.543
L006,computer_architecture,Computer Architecture,0.5,14.0,0.0,20.98,3,0.148
L017,oop_concepts,OOP Concepts,0.35,3.0,0.409,15.78,1,0.512
L026,ml_fundamentals,ML Fundamentals,0.5,2.0,0.491,27.12,2,0.547
L026,computer_networks,Computer Networks,0.55,1.0,0.645,15.2,1,0.825
L010,discrete_mathematics,Discrete Mathematics,0.55,11.0,0.035,20.79,1,0.179
L005,software_engineering,Software Engineering,0.4,2.0,0.504,8.51,4,0.791
L007,neural_networks,Neural Networks,0.6,9.0,0.057,25.94,1,0.063
L034,software_engineering,Software Engineering,0.4,17.0,0.027,15.3,2,0.066
L019,computer_architecture,Computer Architecture,0.5,17.0,0.032,28.63,5,0.128
L009,operating_systems,Operating Systems,0.6,13.0,0.03,15.13,5,0.056
L032,ml_fundamentals,ML Fundamentals,0.5,4.0,0.238,16.59,2,0.339
L037,neural_networks,Neural Networks,0.6,13.0,0.0,22.78,3,0.012
L017,computer_architecture,Computer Architecture,0.5,7.0,0.078,15.0,4,0.225
L017,software_engineering,Software Engineering,0.4,17.0,0.056,21.1,2,0.007
L038,algorithm_design,Algorithm Design,0.5,2.0,0.52,12.08,3,0.623
L039,algorithm_design,Algorithm Design,0.5,5.0,0.194,20.85,5,0.277
L006,operating_systems,Operating Systems,0.6,8.0,0.07,17.92,1,0.0
L004,software_engineering,Software Engineering,0.4,9.0,0.029,17.68,5,0.281
L007,oop_concepts,OOP Concepts,0.35,9.0,0.328,21.64,4,0.159
L039,neural_networks,Neural Networks,0.6,19.0,0.102,18.88,1,0.0
L005,ml_fundamentals,ML Fundamentals,0.5,5.0,0.486,14.73,2,0.319
L014,neural_networks,Neural Networks,0.6,12.0,0.0,16.93,4,0.071
L014,oop_concepts,OOP Concepts,0.35,16.0,0.16,14.84,2,0.3
L004,probability_and_statistics,Probability & Statistics,0.65,20.0,0.148,25.18,3,0.011
L027,oop_concepts,OOP Concepts,0.35,7.0,0.067,20.52,3,0.329
L006,operating_systems,Operating Systems,0.6,14.0,0.0,20.39,3,0.021
L005,computer_architecture,Computer Architecture,0.5,8.0,0.087,20.7,4,0.052
L010,discrete_mathematics,Discrete Mathematics,0.55,3.0,0.125,17.96,4,0.513
L028,ml_fundamentals,ML Fundamentals,0.5,16.0,0.025,13.3,5,0.074
L013,dbms_normalization,DBMS Normalization,0.7,14.0,0.202,18.25,5,0.011
L024,software_engineering,Software Engineering,0.4,0.0,0.699,12.88,2,0.984
L028,neural_networks,Neural Networks,0.6,9.0,0.0,16.3,2,0.0
L005,software_engineering,Software Engineering,0.4,3.0,0.383,15.55,1,0.565
L001,data_structures,Data Structures,0.4,17.0,0.0,24.25,1,0.0
L016,data_structures,Data Structures,0.4,13.0,0.202,18.86,5,0.18
L036,dbms_normalization,DBMS Normalization,0.7,3.0,0.0,22.17,4,0.384
L031,computer_networks,Computer Networks,0.55,16.0,0.026,13.95,1,0.018
L010,probability_and_statistics,Probability & Statistics,0.65,11.0,0.0,16.92,5,0.0
L008,data_structures,Data Structures,0.4,12.0,0.0,18.74,3,0.168
L025,computer_architecture,Computer Architecture,0.5,6.0,0.229,17.22,5,0.316
L010,computer_architecture,Computer Architecture,0.5,17.0,0.0,19.05,1,0.11
L021,operating_systems,Operating Systems,0.6,15.0,0.1,21.77,1,0.0
L038,computer_architecture,Computer Architecture,0.5,0.0,0.605,8.55,2,1.0
L004,dbms_normalization,DBMS Normalization,0.7,14.0,0.0,16.32,2,0.064
L004,neural_networks,Neural Networks,0.6,11.0,0.0,18.51,1,0.121
L031,software_engineering,Software Engineering,0.4,11.0,0.045,23.89,2,0.102
L011,probability_and_statistics,Probability & Statistics,0.65,7.0,0.042,18.24,5,0.111
L022,ml_fundamentals,ML Fundamentals,0.5,4.0,0.277,18.0,3,0.543
L013,computer_networks,Computer Networks,0.55,16.0,0.133,22.16,1,0.019
L001,computer_networks,Computer Networks,0.55,4.0,0.2,14.92,3,0.304
L004,software_engineering,Software Engineering,0.4,7.0,0.298,19.72,1,0.344
L011,computer_architecture,Computer Architecture,0.5,16.0,0.138,15.14,1,0.191
L008,data_structures,Data Structures,0.4,2.0,0.609,18.12,5,0.651
L030,computer_architecture,Computer Architecture,0.5,17.0,0.107,21.68,3,0.0
L039,ml_fundamentals,ML Fundamentals,0.5,15.0,0.0,22.35,5,0.019
L037,computer_architecture,Computer Architecture,0.5,15.0,0.122,19.82,2,0.093
L021,neural_networks,Neural Networks,0.6,11.0,0.029,15.68,2,0.02
L003,algorithm_design,Algorithm Design,0.5,0.0,0.566,16.64,5,1.0
L028,neural_networks,Neural Networks,0.6,6.0,0.077,15.34,5,0.142
L020,computer_networks,Computer Networks,0.55,2.0,0.545,15.26,3,0.693
L025,ml_fundamentals,ML Fundamentals,0.5,20.0,0.034,16.73,1,0.011
L017,computer_networks,Computer Networks,0.55,7.0,0.0,22.38,2,0.087
L015,computer_architecture,Computer Architecture,0.5,17.0,0.073,24.21,3,0.039
L007,oop_concepts,OOP Concepts,0.35,15.0,0.0,27.14,5,0.119
L002,operating_systems,Operating Systems,0.6,2.0,0.495,12.52,1,0.481
L031,ml_fundamentals,ML Fundamentals,0.5,18.0,0.102,20.59,1,0.041
L008,ml_fundamentals,ML Fundamentals,0.5,20.0,0.0,22.05,3,0.021
L002,operating_systems,Operating Systems,0.6,13.0,0.14,29.94,3,0.119
L020,computer_architecture,Computer Architecture,0.5,3.0,0.381,22.28,1,0.47
L007,computer_architecture,Computer Architecture,0.5,7.0,0.197,21.47,3,0.406
L021,algorithm_design,Algorithm Design,0.5,1.0,0.559,16.24,4,0.836
L005,probability_and_statistics,Probability & Statistics,0.65,10.0,0.195,23.55,3,0.135
L037,operating_systems,Operating Systems,0.6,12.0,0.052,15.72,5,0.179
L013,dbms_normalization,DBMS Normalization,0.7,18.0,0.087,20.46,2,0.132
L024,probability_and_statistics,Probability & Statistics,0.65,17.0,0.006,20.13,5,0.121
L035,algorithm_design,Algorithm Design,0.5,18.0,0.073,14.11,1,0.036
L013,probability_and_statistics,Probability & Statistics,0.65,5.0,0.163,22.28,2,0.279
L012,algorithm_design,Algorithm Design,0.5,20.0,0.104,25.81,4,0.089
L001,operating_systems,Operating Systems,0.6,0.0,0.603,6.06,1,1.0
L038,probability_and_statistics,Probability & Statistics,0.65,12.0,0.06,23.96,5,0.167
L031,probability_and_statistics,Probability & Statistics,0.65,0.0,0.603,7.82,1,0.998
L029,software_engineering,Software Engineering,0.4,6.0,0.068,22.82,2,0.325
L028,data_structures,Data Structures,0.4,13.0,0.0,21.24,1,0.083
L010,oop_concepts,OOP Concepts,0.35,2.0,0.647,16.48,2,0.63
L034,data_structures,Data Structures,0.4,0.0,0.755,11.14,1,0.889
L025,computer_architecture,Computer Architecture,0.5,20.0,0.071,9.48,1,0.0
L005,dbms_normalization,DBMS Normalization,0.7,9.0,0.14,22.89,3,0.049
L004,neural_networks,Neural Networks,0.6,18.0,0.053,26.32,2,0.096
L038,ml_fundamentals,ML Fundamentals,0.5,0.0,0.611,10.78,1,0.971
L022,discrete_mathematics,Discrete Mathematics,0.55,10.0,0.208,22.04,3,0.079
L017,operating_systems,Operating Systems,0.6,20.0,0.082,23.28,1,0.001
L034,oop_concepts,OOP Concepts,0.35,7.0,0.472,17.38,3,0.324
L002,operating_systems,Operating Systems,0.6,4.0,0.0,15.1,4,0.085
L023,data_structures,Data Structures,0.4,6.0,0.364,22.08,4,0.419
L014,software_engineering,Software Engineering,0.4,12.0,0.017,18.9,1,0.124
L016,algorithm_design,Algorithm Design,0.5,4.0,0.235,8.25,4,0.51
L030,ml_fundamentals,ML Fundamentals,0.5,11.0,0.09,22.1,5,0.334
L014,operating_systems,Operating Systems,0.6,21.0,0.0,20.85,3,0.013
L034,operating_systems,Operating Systems,0.6,20.0,0.014,21.62,4,0.0
L036,neural_networks,Neural Networks,0.6,10.0,0.0,24.58,2,0.077
L027,software_engineering,Software Engineering,0.4,10.0,0.0,16.72,1,0.038
L020,computer_networks,Computer Networks,0.55,16.0,0.077,19.07,3,0.0
L032,operating_systems,Operating Systems,0.6,18.0,0.0,28.14,3,0.0
L001,neural_networks,Neural Networks,0.6,8.0,0.216,10.46,3,0.111
L015,algorithm_design,Algorithm Design,0.5,7.0,0.49,16.09,1,0.359
L040,dbms_normalization,DBMS Normalization,0.7,4.0,0.038,17.47,2,0.01
L008,computer_networks,Computer Networks,0.55,21.0,0.0,24.71,5,0.074
L028,oop_concepts,OOP Concepts,0.35,13.0,0.069,19.22,4,0.149
L027,computer_architecture,Computer Architecture,0.5,17.0,0.0,14.1,4,0.0
L013,discrete_mathematics,Discrete Mathematics,0.55,0.0,0.615,17.29,2,1.0
L031,probability_and_statistics,Probability & Statistics,0.65,9.0,0.0,21.67,1,0.0
L025,probability_and_statistics,Probability & Statistics,0.65,11.0,0.078,21.03,1,0.077
L033,algorithm_design,Algorithm Design,0.5,0.0,0.756,9.19,3,1.0
L038,ml_fundamentals,ML Fundamentals,0.5,5.0,0.226,22.4,3,0.486
L010,ml_fundamentals,ML Fundamentals,0.5,19.0,0.224,22.97,1,0.101
L013,computer_networks,Computer Networks,0.55,15.0,0.061,19.47,1,0.02
L020,software_engineering,Software Engineering,0.4,3.0,0.454,8.42,4,0.751
L029,dbms_normalization,DBMS Normalization,0.7,13.0,0.128,24.05,3,0.026
L026,discrete_mathematics,Discrete Mathematics,0.55,18.0,0.0,24.31,1,0.053
L023,computer_architecture,Computer Architecture,0.5,18.0,0.0,20.38,4,0.159
L033,dbms_normalization,DBMS Normalization,0.7,1.0,0.291,15.98,2,0.735
L006,oop_concepts,OOP Concepts,0.35,8.0,0.267,23.87,5,0.445
L024,computer_architecture,Computer Architecture,0.5,3.0,0.34,26.49,3,0.499
L024,oop_concepts,OOP Concepts,0.35,11.0,0.048,25.12,4,0.277
L016,dbms_normalization,DBMS Normalization,0.7,18.0,0.131,22.2,4,0.098
L037,software_engineering,Software Engineering,0.4,3.0,0.526,9.16,5,0.592
L037,computer_architecture,Computer Architecture,0.5,9.0,0.277,19.79,3,0.198
L023,dbms_normalization,DBMS Normalization,0.7,12.0,0.0,15.31,5,0.051
L023,oop_concepts,OOP Concepts,0.35,10.0,0.249,17.01,3,0.29
L003,computer_networks,Computer Networks,0.55,12.0,0.022,27.03,5,0.126
L030,neural_networks,Neural Networks,0.6,10.0,0.071,25.77,3,0.152
L022,data_structures,Data Structures,0.4,20.0,0.051,17.82,5,0.0
L001,oop_concepts,OOP Concepts,0.35,6.0,0.528,13.91,2,0.273
L002,discrete_mathematics,Discrete Mathematics,0.55,7.0,0.021,19.92,3,0.163
L011,computer_networks,Computer Networks,0.55,9.0,0.083,19.55,1,0.069
L036,data_structures,Data Structures,0.4,4.0,0.372,16.4,3,0.486
L011,neural_networks,Neural Networks,0.6,21.0,0.026,25.88,1,0.0
L008,dbms_normalization,DBMS Normalization,0.7,16.0,0.0,16.82,3,0.0
L023,discrete_mathematics,Discrete Mathematics,0.55,19.0,0.052,23.48,5,0.0
L025,operating_systems,Operating Systems,0.6,0.0,0.656,13.6,1,0.828
L012,operating_systems,Operating Systems,0.6,4.0,0.136,17.88,5,0.359
L005,ml_fundamentals,ML Fundamentals,0.5,10.0,0.252,13.6,1,0.157
L010,neural_networks,Neural Networks,0.6,12.0,0.0,16.98,5,0.0
L033,discrete_mathematics,Discrete Mathematics,0.55,11.0,0.022,31.22,4,0.145
L025,data_structures,Data Structures,0.4,13.0,0.259,24.72,1,0.119
L001,data_structures,Data Structures,0.4,9.0,0.189,23.6,1,0.199
L005,computer_architecture,Computer Architecture,0.5,14.0,0.0,19.12,4,0.128
L010,dbms_normalization,DBMS Normalization,0.7,11.0,0.11,25.81,4,0.041
L015,probability_and_statistics,Probability & Statistics,0.65,10.0,0.012,23.38,2,0.0
L031,dbms_normalization,DBMS Normalization,0.7,8.0,0.048,21.78,3,0.023
L012,oop_concepts,OOP Concepts,0.35,9.0,0.111,24.19,2,0.261
L040,computer_networks,Computer Networks,0.55,4.0,0.365,21.65,2,0.326
L012,computer_architecture,Computer Architecture,0.5,16.0,0.0,19.02,4,0.022
L006,computer_networks,Computer Networks,0.55,11.0,0.112,24.43,1,0.108
L014,dbms_normalization,DBMS Normalization,0.7,10.0,0.037,28.86,5,0.166
L026,probability_and_statistics,Probability & Statistics,0.65,16.0,0.0,23.12,1,0.079
L018,computer_architecture,Computer Architecture,0.5,9.0,0.25,22.5,5,0.226
L016,algorithm_design,Algorithm Design,0.5,19.0,0.14,21.32,1,0.092
L011,discrete_mathematics,Discrete Mathematics,0.55,6.0,0.22,17.78,4,0.233
L007,probability_and_statistics,Probability & Statistics,0.65,9.0,0.0,22.83,3,0.213
L029,discrete_mathematics,Discrete Mathematics,0.55,17.0,0.0,22.09,3,0.0
L034,dbms_normalization,DBMS Normalization,0.7,21.0,0.11,25.01,1,0.069
L026,discrete_mathematics,Discrete Mathematics,0.55,2.0,0.413,12.1,4,0.688
L021,data_structures,Data Structures,0.4,14.0,0.099,17.87,5,0.116
L034,ml_fundamentals,ML Fundamentals,0.5,21.0,0.023,26.55,1,0.003
L017,software_engineering,Software Engineering,0.4,14.0,0.0,22.21,4,0.239
L029,probability_and_statistics,Probability & Statistics,0.65,16.0,0.066,16.31,2,0.022
L038,software_engineering,Software Engineering,0.4,20.0,0.014,18.42,3,0.111
L031,operating_systems,Operating Systems,0.6,14.0,0.177,19.69,3,0.025
L022,operating_systems,Operating Systems,0.6,16.0,0.076,27.85,4,0.08
L036,neural_networks,Neural Networks,0.6,5.0,0.021,9.52,1,0.335
L008,ml_fundamentals,ML Fundamentals,0.5,8.0,0.137,21.11,2,0.166
L015,ml_fundamentals,ML Fundamentals,0.5,3.0,0.303,22.34,5,0.374
L036,computer_networks,Computer Networks,0.55,14.0,0.013,19.31,4,0.163
L009,discrete_mathematics,Discrete Mathematics,0.55,18.0,0.0,22.25,4,0.154
L021,ml_fundamentals,ML Fundamentals,0.5,17.0,0.314,19.28,3,0.032
L027,dbms_normalization,DBMS Normalization,0.7,1.0,0.653,21.45,3,0.749
L001,discrete_mathematics,Discrete Mathematics,0.55,0.0,0.742,21.44,4,0.979
L013,software_engineering,Software Engineering,0.4,11.0,0.233,21.85,2,0.044
L016,computer_architecture,Computer Architecture,0.5,19.0,0.063,24.33,1,0.0
L003,computer_architecture,Computer Architecture,0.5,6.0,0.25,23.12,4,0.353
L012,ml_fundamentals,ML Fundamentals,0.5,8.0,0.162,16.5,4,0.165
L033,ml_fundamentals,ML Fundamentals,0.5,14.0,0.213,25.52,1,0.0
L012,algorithm_design,Algorithm Design,0.5,13.0,0.016,18.6,4,0.052
L011,neural_networks,Neural Networks,0.6,12.0,0.054,22.44,5,0.085
L019,computer_architecture,Computer Architecture,0.5,5.0,0.26,24.22,5,0.234
L014,data_structures,Data Structures,0.4,6.0,0.052,20.75,2,0.186
L032,discrete_mathematics,Discrete Mathematics,0.55,17.0,0.15,26.53,5,0.003
L010,operating_systems,Operating Systems,0.6,11.0,0.0,29.78,1,0.063
L020,neural_networks,Neural Networks,0.6,2.0,0.383,19.51,5,0.561
L033,oop_concepts,OOP Concepts,0.35,0.0,0.789,13.15,1,1.0
L012,dbms_normalization,DBMS Normalization,0.7,5.0,0.149,23.06,3,0.202
L023,operating_systems,Operating Systems,0.6,11.0,0.106,23.73,4,0.055
L004,data_structures,Data Structures,0.4,4.0,0.462,19.48,1,0.585
L027,operating_systems,Operating Systems,0.6,13.0,0.169,23.52,1,0.175
L012,neural_networks,Neural Networks,0.6,17.0,0.026,19.38,5,0.0
L010,operating_systems,Operating Systems,0.6,8.0,0.148,23.08,1,0.155
L029,ml_fundamentals,ML Fundamentals,0.5,20.0,0.0,26.01,3,0.066
L012,software_engineering,Software Engineering,0.4,6.0,0.304,20.8,3,0.394
L012,software_engineering,Software Engineering,0.4,17.0,0.0,17.9,2,0.0
L001,oop_concepts,OOP Concepts,0.35,1.0,0.445,13.39,2,0.878
L013,probability_and_statistics,Probability & Statistics,0.65,15.0,0.13,20.68,4,0.076
L039,operating_systems,Operating Systems,0.6,10.0,0.023,21.55,1,0.058
L006,oop_concepts,OOP Concepts,0.35,2.0,0.575,24.09,3,0.744
L001,computer_architecture,Computer Architecture,0.5,21.0,0.0,18.18,3,0.013
L035,computer_architecture,Computer Architecture,0.5,7.0,0.253,16.39,1,0.183
L033,computer_architecture,Computer Architecture,0.5,17.0,0.0,25.96,4,0.0
L032,ml_fundamentals,ML Fundamentals,0.5,21.0,0.0,25.3,3,0.03
L004,discrete_mathematics,Discrete Mathematics,0.55,12.0,0.094,18.74,2,0.166
L008,computer_networks,Computer Networks,0.55,12.0,0.224,19.5,5,0.077
L008,operating_systems,Operating Systems,0.6,9.0,0.073,20.26,4,0.08
L022,operating_systems,Operating Systems,0.6,0.0,0.617,18.97,2,1.0
L007,neural_networks,Neural Networks,0.6,3.0,0.483,14.54,2,0.522
L014,probability_and_statistics,Probability & Statistics,0.65,8.0,0.15,22.53,3,0.12
L030,oop_concepts,OOP Concepts,0.35,14.0,0.227,33.12,5,0.154
L027,algorithm_design,Algorithm Design,0.5,12.0,0.164,20.02,4,0.137
L016,neural_networks,Neural Networks,0.6,14.0,0.158,14.95,1,0.043
L020,probability_and_statistics,Probability & Statistics,0.65,11.0,0.089,18.47,5,0.068
L015,ml_fundamentals,ML Fundamentals,0.5,15.0,0.029,20.53,1,0.078
L025,dbms_normalization,DBMS Normalization,0.7,1.0,0.456,10.99,4,0.499
L005,computer_networks,Computer Networks,0.55,7.0,0.213,23.04,3,0.178
L008,algorithm_design,Algorithm Design,0.5,9.0,0.0,22.6,2,0.003
L024,probability_and_statistics,Probability & Statistics,0.65,16.0,0.007,20.73,1,0.032
L028,software_engineering,Software Engineering,0.4,20.0,0.038,19.27,5,0.067
L026,software_engineering,Software Engineering,0.4,4.0,0.508,14.95,5,0.433
L016,ml_fundamentals,ML Fundamentals,0.5,2.0,0.343,8.41,4,0.621
L021,oop_concepts,OOP Concepts,0.35,10.0,0.004,17.53,3,0.273
L012,algorithm_design,Algorithm Design,0.5,7.0,0.194,26.84,4,0.214
L025,oop_concepts,OOP Concepts,0.35,21.0,0.017,20.46,1,0.0
L030,software_engineering,Software Engineering,0.4,9.0,0.202,19.23,5,0.295
L002,algorithm_design,Algorithm Design,0.5,9.0,0.444,21.75,5,0.245
L010,computer_architecture,Computer Architecture,0.5,19.0,0.0,22.24,4,0.0
L025,discrete_mathematics,Discrete Mathematics,0.55,13.0,0.225,19.17,2,0.126
L039,oop_concepts,OOP Concepts,0.35,21.0,0.257,24.61,1,0.115
L029,probability_and_statistics,Probability & Statistics,0.65,5.0,0.215,13.68,2,0.188
L027,oop_concepts,OOP Concepts,0.35,21.0,0.175,25.23,5,0.0
L006,algorithm_design,Algorithm Design,0.5,0.0,0.472,11.11,4,1.0
L025,algorithm_design,Algorithm Design,0.5,19.0,0.144,26.19,1,0.057
L009,ml_fundamentals,ML Fundamentals,0.5,21.0,0.0,22.8,1,0.103
L017,ml_fundamentals,ML Fundamentals,0.5,3.0,0.412,21.12,1,0.655
L036,software_engineering,Software Engineering,0.4,2.0,0.563,10.61,3,0.755
L019,operating_systems,Operating Systems,0.6,10.0,0.089,21.3,5,0.047
L040,dbms_normalization,DBMS Normalization,0.7,16.0,0.0,28.27,1,0.024
L016,ml_fundamentals,ML Fundamentals,0.5,0.0,0.802,13.41,5,1.0
L012,computer_architecture,Computer Architecture,0.5,5.0,0.316,18.99,2,0.433
L009,neural_networks,Neural Networks,0.6,3.0,0.25,19.85,1,0.398
L013,data_structures,Data Structures,0.4,1.0,0.571,14.93,2,0.906
L027,dbms_normalization,DBMS Normalization,0.7,14.0,0.167,28.44,4,0.07
L038,dbms_normalization,DBMS Normalization,0.7,11.0,0.095,21.24,2,0.01
L009,dbms_normalization,DBMS Normalization,0.7,10.0,0.091,29.69,5,0.058
L039,computer_networks,Computer Networks,0.55,19.0,0.0,19.61,2,0.017
L015,ml_fundamentals,ML Fundamentals,0.5,6.0,0.307,15.39,2,0.326
L004,dbms_normalization,DBMS Normalization,0.7,13.0,0.076,24.78,2,0.0
L025,operating_systems,Operating Systems,0.6,5.0,0.185,16.51,4,0.253
L017,algorithm_design,Algorithm Design,0.5,11.0,0.171,17.68,1,0.128
L029,discrete_mathematics,Discrete Mathematics,0.55,21.0,0.135,24.44,5,0.052
L033,computer_architecture,Computer Architecture,0.5,3.0,0.295,22.44,4,0.505
L035,computer_architecture,Computer Architecture,0.5,12.0,0.0,15.87,4,0.107
L037,dbms_normalization,DBMS Normalization,0.7,4.0,0.379,20.65,2,0.46
L002,discrete_mathematics,Discrete Mathematics,0.55,0.0,0.674,13.61,1,0.974
L035,operating_systems,Operating Systems,0.6,16.0,0.0,22.4,3,0.044
L001,computer_architecture,Computer Architecture,0.5,3.0,0.338,18.55,5,0.549
L034,algorithm_design,Algorithm Design,0.5,4.0,0.165,19.18,4,0.317
L019,software_engineering,Software Engineering,0.4,10.0,0.053,13.36,4,0.412
L012,computer_architecture,Computer Architecture,0.5,7.0,0.119,16.57,3,0.141
L001,dbms_normalization,DBMS Normalization,0.7,0.0,0.661,10.89,1,1.0
L026,computer_networks,Computer Networks,0.55,2.0,0.494,17.48,1,0.657
L019,probability_and_statistics,Probability & Statistics,0.65,13.0,0.04,27.29,5,0.04
L029,oop_concepts,OOP Concepts,0.35,21.0,0.359,20.04,3,0.051
L005,algorithm_design,Algorithm Design,0.5,12.0,0.0,18.31,4,0.0
L025,oop_concepts,OOP Concepts,0.35,17.0,0.091,25.41,3,0.161
L031,software_engineering,Software Engineering,0.4,7.0,0.195,13.93,4,0.322
L021,dbms_normalization,DBMS Normalization,0.7,11.0,0.026,26.56,3,0.067
L016,software_engineering,Software Engineering,0.4,14.0,0.139,22.79,4,0.205
L009,computer_architecture,Computer Architecture,0.5,6.0,0.17,12.43,3,0.159
L007,operating_systems,Operating Systems,0.6,12.0,0.292,18.59,5,0.115
L015,neural_networks,Neural Networks,0.6,10.0,0.0,17.18,4,0.11
L017,ml_fundamentals,ML Fundamentals,0.5,18.0,0.142,11.3,4,0.0
L002,computer_networks,Computer Networks,0.55,12.0,0.006,20.37,1,0.134
L004,software_engineering,Software Engineering,0.4,11.0,0.222,25.37,3,0.152
L023,computer_networks,Computer Networks,0.55,8.0,0.143,16.07,3,0.084
L007,computer_networks,Computer Networks,0.55,1.0,0.6,13.53,2,0.773
L027,algorithm_design,Algorithm Design,0.5,5.0,0.211,10.42,3,0.218
L017,oop_concepts,OOP Concepts,0.35,7.0,0.141,16.65,1,0.401
L013,dbms_normalization,DBMS Normalization,0.7,19.0,0.0,24.86,5,0.0
L005,data_structures,Data Structures,0.4,4.0,0.326,20.63,5,0.363
L006,neural_networks,Neural Networks,0.6,20.0,0.0,23.25,2,0.0
L023,operating_systems,Operating Systems,0.6,15.0,0.0,22.1,1,0.0
L039,probability_and_statistics,Probability & Statistics,0.65,13.0,0.0,17.61,3,0.055
L006,oop_concepts,OOP Concepts,0.35,10.0,0.185,23.37,5,0.036
L010,data_structures,Data Structures,0.4,18.0,0.0,15.89,3,0.093
L017,dbms_normalization,DBMS Normalization,0.7,12.0,0.0,19.32,1,0.02
L040,dbms_normalization,DBMS Normalization,0.7,12.0,0.047,25.26,1,0.076
L013,neural_networks,Neural Networks,0.6,21.0,0.068,26.4,1,0.024
L028,probability_and_statistics,Probability & Statistics,0.65,14.0,0.093,20.19,5,0.008
L027,ml_fundamentals,ML Fundamentals,0.5,11.0,0.104,20.01,2,0.14
L031,oop_concepts,OOP Concepts,0.35,14.0,0.0,24.8,2,0.075
L020,oop_concepts,OOP Concepts,0.35,6.0,0.31,14.03,5,0.416
L030,neural_networks,Neural Networks,0.6,9.0,0.088,28.17,3,0.023
L036,dbms_normalization,DBMS Normalization,0.7,8.0,0.122,20.04,4,0.072
L018,algorithm_design,Algorithm Design,0.5,20.0,0.157,18.3,3,0.024
L036,computer_architecture,Computer Architecture,0.5,0.0,0.764,11.02,4,0.961
L018,dbms_normalization,DBMS Normalization,0.7,4.0,0.391,17.79,2,0.279
L024,probability_and_statistics,Probability & Statistics,0.65,10.0,0.102,28.71,2,0.028
L020,algorithm_design,Algorithm Design,0.5,13.0,0.141,21.96,5,0.067
L015,discrete_mathematics,Discrete Mathematics,0.55,11.0,0.043,22.38,3,0.0
L025,operating_systems,Operating Systems,0.6,17.0,0.26,21.66,3,0.0
L006,algorithm_design,Algorithm Design,0.5,7.0,0.069,18.86,1,0.244
L001,algorithm_design,Algorithm Design,0.5,1.0,0.591,11.72,2,0.846
L004,computer_networks,Computer Networks,0.55,10.0,0.152,24.61,3,0.125
L010,dbms_normalization,DBMS Normalization,0.7,14.0,0.013,13.01,2,0.0
L040,computer_networks,Computer Networks,0.55,14.0,0.0,19.69,3,0.015
L006,algorithm_design,Algorithm Design,0.5,12.0,0.219,20.42,5,0.101
L014,oop_concepts,OOP Concepts,0.35,21.0,0.0,16.96,5,0.063
L017,neural_networks,Neural Networks,0.6,13.0,0.113,22.07,5,0.015
L036,operating_systems,Operating Systems,0.6,1.0,0.681,14.56,5,0.79
L028,data_structures,Data Structures,0.4,16.0,0.163,25.43,2,0.005
L004,dbms_normalization,DBMS Normalization,0.7,7.0,0.124,21.22,1,0.104
L020,operating_systems,Operating Systems,0.6,12.0,0.068,21.31,5,0.0
L028,data_structures,Data Structures,0.4,8.0,0.249,32.3,4,0.369
L026,software_engineering,Software Engineering,0.4,2.0,0.555,7.35,3,0.748
L040,dbms_normalization,DBMS Normalization,0.7,6.0,0.156,25.59,2,0.239
L034,data_structures,Data Structures,0.4,11.0,0.037,22.39,5,0.014
L038,neural_networks,Neural Networks,0.6,7.0,0.145,17.36,3,0.101
L004,dbms_normalization,DBMS Normalization,0.7,11.0,0.15,21.89,3,0.0
L006,probability_and_statistics,Probability & Statistics,0.65,0.0,0.588,20.49,5,1.0
L008,operating_systems,Operating Systems,0.6,4.0,0.311,11.18,1,0.304
L040,algorithm_design,Algorithm Design,0.5,18.0,0.209,20.86,3,0.012
L016,algorithm_design,Algorithm Design,0.5,16.0,0.138,20.66,5,0.073
L018,probability_and_statistics,Probability & Statistics,0.65,17.0,0.194,23.85,4,0.229
L028,data_structures,Data Structures,0.4,19.0,0.014,25.37,3,0.095
L026,computer_architecture,Computer Architecture,0.5,19.0,0.061,22.83,3,0.002
L024,software_engineering,Software Engineering,0.4,0.0,0.56,8.99,1,1.0
L019,discrete_mathematics,Discrete Mathematics,0.55,9.0,0.119,18.76,5,0.18
L010,neural_networks,Neural Networks,0.6,11.0,0.208,20.25,2,0.045
L036,computer_architecture,Computer Architecture,0.5,8.0,0.044,21.72,3,0.234
L017,algorithm_design,Algorithm Design,0.5,20.0,0.099,20.42,3,0.049
L039,algorithm_design,Algorithm Design,0.5,6.0,0.234,17.47,2,0.243
L033,neural_networks,Neural Networks,0.6,11.0,0.003,15.4,2,0.0
L025,dbms_normalization,DBMS Normalization,0.7,7.0,0.239,20.21,1,0.077
L031,oop_concepts,OOP Concepts,0.35,12.0,0.136,29.18,5,0.139
L029,neural_networks,Neural Networks,0.6,13.0,0.055,21.27,2,0.089
L026,dbms_normalization,DBMS Normalization,0.7,5.0,0.0,21.78,2,0.012
L012,data_structures,Data Structures,0.4,17.0,0.245,16.27,5,0.188
L016,dbms_normalization,DBMS Normalization,0.7,7.0,0.107,19.5,2,0.028
L037,oop_concepts,OOP Concepts,0.35,10.0,0.086,10.88,3,0.234
L036,probability_and_statistics,Probability & Statistics,0.65,5.0,0.029,16.84,2,0.266
L027,computer_networks,Computer Networks,0.55,4.0,0.228,15.97,5,0.233
L036,dbms_normalization,DBMS Normalization,0.7,20.0,0.0,19.61,2,0.0
L036,dbms_normalization,DBMS Normalization,0.7,9.0,0.036,15.62,5,0.225
L025,ml_fundamentals,ML Fundamentals,0.5,3.0,0.369,18.61,1,0.486
L030,operating_systems,Operating Systems,0.6,0.0,0.538,13.0,2,1.0
L027,oop_concepts,OOP Concepts,0.35,17.0,0.0,27.79,3,0.035
L005,ml_fundamentals,ML Fundamentals,0.5,17.0,0.151,21.26,3,0.065
L035,ml_fundamentals,ML Fundamentals,0.5,21.0,0.075,27.31,2,0.082
L002,algorithm_design,Algorithm Design,0.5,21.0,0.056,16.42,4,0.0
L035,oop_concepts,OOP Concepts,0.35,2.0,0.706,18.06,1,0.708
L017,computer_architecture,Computer Architecture,0.5,3.0,0.247,13.86,2,0.411
L009,data_structures,Data Structures,0.4,5.0,0.255,16.37,1,0.383
L016,data_structures,Data Structures,0.4,14.0,0.048,21.61,5,0.147
L040,software_engineering,Software Engineering,0.4,13.0,0.148,19.05,3,0.314
L018,discrete_mathematics,Discrete Mathematics,0.55,6.0,0.159,21.14,5,0.306
L038,discrete_mathematics,Discrete Mathematics,0.55,14.0,0.114,22.17,4,0.079
L035,dbms_normalization,DBMS Normalization,0.7,21.0,0.195,18.23,4,0.0
L037,ml_fundamentals,ML Fundamentals,0.5,9.0,0.134,18.12,4,0.099
L038,discrete_mathematics,Discrete Mathematics,0.55,15.0,0.129,17.91,1,0.0
L033,ml_fundamentals,ML Fundamentals,0.5,12.0,0.071,25.05,1,0.126
L031,probability_and_statistics,Probability & Statistics,0.65,11.0,0.029,21.99,1,0.093
L025,ml_fundamentals,ML Fundamentals,0.5,15.0,0.168,22.74,4,0.149
L022,dbms_normalization,DBMS Normalization,0.7,0.0,0.56,14.76,3,1.0
L031,ml_fundamentals,ML Fundamentals,0.5,4.0,0.0,24.6,5,0.245
L005,operating_systems,Operating Systems,0.6,9.0,0.319,26.73,1,0.198
L005,computer_networks,Computer Networks,0.55,20.0,0.058,20.84,2,0.056
L028,operating_systems,Operating Systems,0.6,8.0,0.021,28.52,1,0.024
L012,oop_concepts,OOP Concepts,0.35,17.0,0.015,23.93,4,0.09
L016,neural_networks,Neural Networks,0.6,3.0,0.396,23.13,3,0.385
L036,computer_networks,Computer Networks,0.55,18.0,0.007,24.88,2,0.067
L018,discrete_mathematics,Discrete Mathematics,0.55,1.0,0.57,13.63,1,0.849
L008,algorithm_design,Algorithm Design,0.5,21.0,0.0,22.21,4,0.137
L031,computer_networks,Computer Networks,0.55,8.0,0.0,31.77,5,0.151
L008,data_structures,Data Structures,0.4,6.0,0.338,16.19,4,0.412
L010,data_structures,Data Structures,0.4,12.0,0.0,22.45,4,0.008
L008,oop_concepts,OOP Concepts,0.35,4.0,0.301,20.86,3,0.465
L035,algorithm_design,Algorithm Design,0.5,18.0,0.012,18.11,3,0.071
L022,neural_networks,Neural Networks,0.6,5.0,0.165,17.16,2,0.179
L019,data_structures,Data Structures,0.4,16.0,0.199,26.65,4,0.104
L039,discrete_mathematics,Discrete Mathematics,0.55,15.0,0.08,22.46,4,0.031
L038,computer_architecture,Computer Architecture,0.5,5.0,0.427,18.4,1,0.363
L007,dbms_normalization,DBMS Normalization,0.7,6.0,0.013,18.96,3,0.134
L017,algorithm_design,Algorithm Design,0.5,4.0,0.409,16.91,4,0.536
L029,algorithm_design,Algorithm Design,0.5,19.0,0.129,23.89,3,0.066
L012,computer_networks,Computer Networks,0.55,21.0,0.125,18.44,3,0.0
L025,neural_networks,Neural Networks,0.6,14.0,0.0,17.75,5,0.059
L018,oop_concepts,OOP Concepts,0.35,15.0,0.118,19.59,3,0.101
L030,software_engineering,Software Engineering,0.4,8.0,0.211,21.62,4,0.447
L028,probability_and_statistics,Probability & Statistics,0.65,12.0,0.012,22.78,2,0.068
L037,operating_systems,Operating Systems,0.6,8.0,0.11,15.74,2,0.161
L010,probability_and_statistics,Probability & Statistics,0.65,6.0,0.154,31.45,3,0.216
L038,probability_and_statistics,Probability & Statistics,0.65,7.0,0.044,25.97,2,0.255
L026,computer_architecture,Computer Architecture,0.5,21.0,0.128,18.06,2,0.0
L040,algorithm_design,Algorithm Design,0.5,15.0,0.075,21.76,4,0.0
L040,algorithm_design,Algorithm Design,0.5,11.0,0.0,23.82,1,0.106
L037,computer_architecture,Computer Architecture,0.5,1.0,0.479,14.34,5,0.809
L023,discrete_mathematics,Discrete Mathematics,0.55,4.0,0.318,14.79,2,0.49
L035,probability_and_statistics,Probability & Statistics,0.65,5.0,0.0,27.6,2,0.184
L022,dbms_normalization,DBMS Normalization,0.7,8.0,0.0,24.98,1,0.0
L019,software_engineering,Software Engineering,0.4,14.0,0.0,16.79,4,0.037
L038,dbms_normalization,DBMS Normalization,0.7,11.0,0.08,22.69,2,0.0
L023,dbms_normalization,DBMS Normalization,0.7,7.0,0.103,18.91,1,0.015
L033,data_structures,Data Structures,0.4,15.0,0.195,15.4,5,0.035
L013,discrete_mathematics,Discrete Mathematics,0.55,16.0,0.1,18.29,2,0.028
L023,dbms_normalization,DBMS Normalization,0.7,5.0,0.107,15.13,1,0.074
L013,dbms_normalization,DBMS Normalization,0.7,21.0,0.0,19.83,3,0.017
L026,operating_systems,Operating Systems,0.6,14.0,0.197,21.09,3,0.093
L025,algorithm_design,Algorithm Design,0.5,21.0,0.002,24.44,4,0.077
L039,oop_concepts,OOP Concepts,0.35,8.0,0.221,27.81,5,0.336
L018,ml_fundamentals,ML Fundamentals,0.5,11.0,0.099,22.86,1,0.0
L010,dbms_normalization,DBMS Normalization,0.7,16.0,0.121,20.59,1,0.056
L023,computer_networks,Computer Networks,0.55,3.0,0.309,24.4,5,0.422
L036,oop_concepts,OOP Concepts,0.35,16.0,0.0,22.51,1,0.0
L021,data_structures,Data Structures,0.4,15.0,0.0,20.9,1,0.159
L002,computer_networks,Computer Networks,0.55,5.0,0.195,18.07,3,0.253
L025,dbms_normalization,DBMS Normalization,0.7,10.0,0.04,17.74,1,0.199
L015,data_structures,Data Structures,0.4,1.0,0.452,12.36,3,0.852
L001,software_engineering,Software Engineering,0.4,9.0,0.04,21.36,2,0.157
L039,discrete_mathematics,Discrete Mathematics,0.55,18.0,0.187,16.17,2,0.032
L033,ml_fundamentals,ML Fundamentals,0.5,15.0,0.03,19.14,5,0.019
L001,computer_architecture,Computer Architecture,0.5,17.0,0.0,20.3,4,0.049
L011,algorithm_design,Algorithm Design,0.5,12.0,0.112,17.6,1,0.132
L038,dbms_normalization,DBMS Normalization,0.7,7.0,0.0,18.17,3,0.0
L029,probability_and_statistics,Probability & Statistics,0.65,12.0,0.0,19.58,2,0.0
L024,discrete_mathematics,Discrete Mathematics,0.55,1.0,0.64,19.08,4,0.789
L017,ml_fundamentals,ML Fundamentals,0.5,6.0,0.0,20.46,3,0.107
L025,probability_and_statistics,Probability & Statistics,0.65,11.0,0.0,21.98,2,0.062
L038,data_structures,Data Structures,0.4,19.0,0.059,20.45,1,0.023
L023,computer_networks,Computer Networks,0.55,5.0,0.2,17.49,4,0.354
L013,algorithm_design,Algorithm Design,0.5,4.0,0.348,24.48,4,0.501
L011,computer_networks,Computer Networks,0.55,4.0,0.238,13.91,3,0.377
L026,data_structures,Data Structures,0.4,7.0,0.131,13.3,5,0.417
L031,discrete_mathematics,Discrete Mathematics,0.55,12.0,0.067,25.36,3,0.233
L014,algorithm_design,Algorithm Design,0.5,9.0,0.09,21.23,1,0.043
L004,dbms_normalization,DBMS Normalization,0.7,0.0,0.638,12.04,5,1.0
L016,operating_systems,Operating Systems,0.6,14.0,0.106,22.18,3,0.0
L035,probability_and_statistics,Probability & Statistics,0.65,9.0,0.209,22.34,2,0.076
L002,software_engineering,Software Engineering,0.4,12.0,0.077,22.29,5,0.164
L014,probability_and_statistics,Probability & Statistics,0.65,19.0,0.123,15.18,5,0.016
L006,oop_concepts,OOP Concepts,0.35,14.0,0.106,21.37,5,0.163
L038,neural_networks,Neural Networks,0.6,12.0,0.0,21.62,4,0.0
L032,operating_systems,Operating Systems,0.6,13.0,0.0,25.61,3,0.18
L016,neural_networks,Neural Networks,0.6,21.0,0.04,30.42,3,0.088
L003,probability_and_statistics,Probability & Statistics,0.65,11.0,0.327,17.52,2,0.031
L016,oop_concepts,OOP Concepts,0.35,6.0,0.344,19.34,4,0.431
L031,ml_fundamentals,ML Fundamentals,0.5,17.0,0.033,22.39,4,0.034
L011,computer_architecture,Computer Architecture,0.5,3.0,0.18,16.1,2,0.352
L012,software_engineering,Software Engineering,0.4,15.0,0.042,17.74,4,0.185
L029,algorithm_design,Algorithm Design,0.5,8.0,0.248,23.57,1,0.27
L017,software_engineering,Software Engineering,0.4,13.0,0.0,18.82,4,0.224
L012,software_engineering,Software Engineering,0.4,0.0,0.649,15.4,1,0.958
L016,software_engineering,Software Engineering,0.4,0.0,0.842,13.3,2,0.947
L012,ml_fundamentals,ML Fundamentals,0.5,3.0,0.329,17.55,2,0.565
L011,dbms_normalization,DBMS Normalization,0.7,14.0,0.086,17.92,1,0.008
L034,computer_architecture,Computer Architecture,0.5,2.0,0.452,14.89,3,0.498
L021,neural_networks,Neural Networks,0.6,13.0,0.21,15.89,2,0.024
L031,dbms_normalization,DBMS Normalization,0.7,19.0,0.0,25.61,2,0.116
L014,data_structures,Data Structures,0.4,10.0,0.263,17.73,1,0.129
L037,computer_architecture,Computer Architecture,0.5,20.0,0.178,27.79,5,0.134
L033,probability_and_statistics,Probability & Statistics,0.65,8.0,0.0,23.19,4,0.067
L003,operating_systems,Operating Systems,0.6,3.0,0.38,19.11,5,0.475
L030,algorithm_design,Algorithm Design,0.5,1.0,0.485,16.32,1,0.812
L008,dbms_normalization,DBMS Normalization,0.7,9.0,0.0,24.43,1,0.129
L012,data_structures,Data Structures,0.4,3.0,0.263,15.03,4,0.625
L025,computer_architecture,Computer Architecture,0.5,20.0,0.078,25.46,4,0.001
L004,data_structures,Data Structures,0.4,20.0,0.047,19.41,2,0.067
L026,neural_networks,Neural Networks,0.6,20.0,0.194,21.98,4,0.111
L013,ml_fundamentals,ML Fundamentals,0.5,12.0,0.186,20.88,2,0.088
L020,computer_networks,Computer Networks,0.55,3.0,0.432,22.21,3,0.659
L009,computer_architecture,Computer Architecture,0.5,10.0,0.0,14.34,1,0.068
L003,ml_fundamentals,ML Fundamentals,0.5,20.0,0.133,20.44,2,0.075
L017,discrete_mathematics,Discrete Mathematics,0.55,9.0,0.086,16.3,2,0.166
L001,probability_and_statistics,Probability & Statistics,0.65,0.0,0.527,14.45,3,1.0
L036,ml_fundamentals,ML Fundamentals,0.5,7.0,0.108,23.47,2,0.101
L014,neural_networks,Neural Networks,0.6,5.0,0.218,14.68,5,0.358
L025,probability_and_statistics,Probability & Statistics,0.65,16.0,0.073,21.95,1,0.0
L034,ml_fundamentals,ML Fundamentals,0.5,2.0,0.427,20.52,5,0.677
L024,ml_fundamentals,ML Fundamentals,0.5,16.0,0.081,14.4,4,0.094
L017,oop_concepts,OOP Concepts,0.35,6.0,0.294,13.57,3,0.482
L008,algorithm_design,Algorithm Design,0.5,21.0,0.001,23.44,3,0.022
L003,data_structures,Data Structures,0.4,12.0,0.0,23.89,3,0.047
L018,probability_and_statistics,Probability & Statistics,0.65,3.0,0.346,12.44,3,0.518
L022,probability_and_statistics,Probability & Statistics,0.65,20.0,0.066,19.6,1,0.035
L010,oop_concepts,OOP Concepts,0.35,21.0,0.0,22.06,3,0.0
L020,data_structures,Data Structures,0.4,3.0,0.373,10.68,2,0.478
L040,oop_concepts,OOP Concepts,0.35,21.0,0.0,24.41,5,0.069
L029,discrete_mathematics,Discrete Mathematics,0.55,3.0,0.43,15.28,1,0.578
L002,dbms_normalization,DBMS Normalization,0.7,20.0,0.0,18.38,2,0.0
L028,computer_networks,Computer Networks,0.55,5.0,0.038,19.8,3,0.294
L034,discrete_mathematics,Discrete Mathematics,0.55,18.0,0.047,23.82,1,0.004
L039,software_engineering,Software Engineering,0.4,5.0,0.176,24.04,3,0.596
L024,discrete_mathematics,Discrete Mathematics,0.55,13.0,0.0,21.39,1,0.023
L004,computer_networks,Computer Networks,0.55,9.0,0.106,22.51,5,0.082
L039,neural_networks,Neural Networks,0.6,8.0,0.082,17.62,1,0.226
L014,data_structures,Data Structures,0.4,14.0,0.135,24.41,5,0.157
L013,ml_fundamentals,ML Fundamentals,0.5,13.0,0.055,27.87,5,0.17
L039,neural_networks,Neural Networks,0.6,3.0,0.358,17.82,2,0.538
L021,data_structures,Data Structures,0.4,20.0,0.018,21.36,5,0.015
L014,software_engineering,Software Engineering,0.4,7.0,0.097,16.62,4,0.418
L010,discrete_mathematics,Discrete Mathematics,0.55,15.0,0.14,10.91,3,0.056
L007,discrete_mathematics,Discrete Mathematics,0.55,21.0,0.087,20.35,3,0.0
L035,operating_systems,Operating Systems,0.6,18.0,0.0,15.11,5,0.055
L039,software_engineering,Software Engineering,0.4,21.0,0.008,14.13,3,0.0
L005,probability_and_statistics,Probability & Statistics,0.65,13.0,0.061,25.71,5,0.024
L030,algorithm_design,Algorithm Design,0.5,7.0,0.204,19.8,4,0.213
L032,data_structures,Data Structures,0.4,11.0,0.203,18.57,4,0.244
L013,computer_networks,Computer Networks,0.55,6.0,0.301,22.65,5,0.122
L030,dbms_normalization,DBMS Normalization,0.7,11.0,0.256,22.85,4,0.0
L010,operating_systems,Operating Systems,0.6,19.0,0.033,18.02,3,0.014
L026,algorithm_design,Algorithm Design,0.5,2.0,0.179,16.57,5,0.85
L034,discrete_mathematics,Discrete Mathematics,0.55,21.0,0.092,22.54,2,0.055
L038,ml_fundamentals,ML Fundamentals,0.5,12.0,0.107,24.03,1,0.176
L019,neural_networks,Neural Networks,0.6,4.0,0.07,20.09,1,0.411
L005,oop_concepts,OOP Concepts,0.35,9.0,0.315,20.9,1,0.37
L029,computer_architecture,Computer Architecture,0.5,8.0,0.118,25.65,1,0.151
L034,probability_and_statistics,Probability & Statistics,0.65,11.0,0.0,31.1,5,0.089
L039,data_structures,Data Structures,0.4,11.0,0.36,18.92,1,0.275
L006,probability_and_statistics,Probability & Statistics,0.65,16.0,0.108,22.25,1,0.032
L023,probability_and_statistics,Probability & Statistics,0.65,19.0,0.0,21.77,4,0.107
L033,ml_fundamentals,ML Fundamentals,0.5,10.0,0.098,19.46,1,0.145
L026,dbms_normalization,DBMS Normalization,0.7,13.0,0.0,23.41,2,0.0
L039,discrete_mathematics,Discrete Mathematics,0.55,13.0,0.0,20.52,3,0.054
L022,neural_networks,Neural Networks,0.6,16.0,0.163,19.57,4,0.094
L009,probability_and_statistics,Probability & Statistics,0.65,1.0,0.516,13.38,1,0.667
L007,ml_fundamentals,ML Fundamentals,0.5,4.0,0.244,17.61,2,0.534
L016,data_structures,Data Structures,0.4,10.0,0.129,14.52,5,0.143
L001,probability_and_statistics,Probability & Statistics,0.65,2.0,0.493,22.15,3,0.598
L017,computer_networks,Computer Networks,0.55,20.0,0.0,20.6,3,0.077
L004,computer_networks,Computer Networks,0.55,20.0,0.0,23.6,5,0.0
L006,oop_concepts,OOP Concepts,0.35,21.0,0.107,31.46,5,0.044
L007,probability_and_statistics,Probability & Statistics,0.65,15.0,0.135,26.63,1,0.068
L021,discrete_mathematics,Discrete Mathematics,0.55,14.0,0.114,29.47,5,0.097
L009,dbms_normalization,DBMS Normalization,0.7,1.0,0.544,13.35,3,0.813
L030,dbms_normalization,DBMS Normalization,0.7,8.0,0.06,21.51,3,0.206
L013,ml_fundamentals,ML Fundamentals,0.5,15.0,0.245,22.3,3,0.086
L038,operating_systems,Operating Systems,0.6,5.0,0.289,17.42,5,0.325
L034,ml_fundamentals,ML Fundamentals,0.5,6.0,0.312,20.75,3,0.519
L017,data_structures,Data Structures,0.4,2.0,0.352,9.96,5,0.672
L003,dbms_normalization,DBMS Normalization,0.7,2.0,0.41,5.44,3,0.618
L035,computer_networks,Computer Networks,0.55,15.0,0.0,24.12,1,0.0
L003,algorithm_design,Algorithm Design,0.5,8.0,0.015,25.11,1,0.161
L036,computer_architecture,Computer Architecture,0.5,0.0,0.617,11.66,1,1.0
L009,computer_architecture,Computer Architecture,0.5,1.0,0.697,13.67,4,0.811
L021,computer_networks,Computer Networks,0.55,3.0,0.325,20.24,2,0.309
L005,ml_fundamentals,ML Fundamentals,0.5,6.0,0.0,22.82,4,0.302
L035,dbms_normalization,DBMS Normalization,0.7,15.0,0.064,16.47,1,0.014
L016,software_engineering,Software Engineering,0.4,16.0,0.006,15.28,5,0.092
L034,oop_concepts,OOP Concepts,0.35,12.0,0.0,17.37,3,0.132
L037,computer_networks,Computer Networks,0.55,6.0,0.208,20.91,5,0.274
L016,oop_concepts,OOP Concepts,0.35,17.0,0.078,27.71,3,0.163
L040,oop_concepts,OOP Concepts,0.35,21.0,0.0,24.7,3,0.161
L006,ml_fundamentals,ML Fundamentals,0.5,17.0,0.116,19.8,4,0.056
L005,computer_networks,Computer Networks,0.55,13.0,0.066,24.3,1,0.0
L034,neural_networks,Neural Networks,0.6,1.0,0.517,16.35,2,0.863
L012,operating_systems,Operating Systems,0.6,7.0,0.045,14.36,4,0.278
L002,operating_systems,Operating Systems,0.6,14.0,0.231,15.88,1,0.0
L039,oop_concepts,OOP Concepts,0.35,18.0,0.135,24.1,2,0.183
L020,algorithm_design,Algorithm Design,0.5,0.0,0.712,16.07,1,1.0
L026,computer_architecture,Computer Architecture,0.5,5.0,0.247,24.51,2,0.465
L024,computer_architecture,Computer Architecture,0.5,18.0,0.0,20.93,1,0.03
L019,neural_networks,Neural Networks,0.6,8.0,0.063,18.54,5,0.291
L003,dbms_normalization,DBMS Normalization,0.7,18.0,0.076,23.84,1,0.09
L016,software_engineering,Software Engineering,0.4,16.0,0.12,21.28,2,0.001
L011,computer_networks,Computer Networks,0.55,11.0,0.276,21.04,4,0.136
L013,software_engineering,Software Engineering,0.4,16.0,0.022,18.28,2,0.0
L004,neural_networks,Neural Networks,0.6,1.0,0.462,17.46,2,0.866
L006,neural_networks,Neural Networks,0.6,1.0,0.605,3.5,3,0.779
L030,discrete_mathematics,Discrete Mathematics,0.55,13.0,0.25,21.79,3,0.072
L011,algorithm_design,Algorithm Design,0.5,18.0,0.0,20.47,4,0.061
L022,discrete_mathematics,Discrete Mathematics,0.55,2.0,0.429,18.84,5,0.578
L021,oop_concepts,OOP Concepts,0.35,20.0,0.154,23.61,4,0.016
L005,algorithm_design,Algorithm Design,0.5,12.0,0.126,13.77,2,0.255
L026,oop_concepts,OOP Concepts,0.35,8.0,0.384,19.28,3,0.401
L015,ml_fundamentals,ML Fundamentals,0.5,5.0,0.4,17.07,2,0.368
L025,dbms_normalization,DBMS Normalization,0.7,11.0,0.0,21.23,2,0.027
L040,ml_fundamentals,ML Fundamentals,0.5,8.0,0.13,14.79,4,0.132
L036,operating_systems,Operating Systems,0.6,2.0,0.644,20.13,1,0.638
L019,probability_and_statistics,Probability & Statistics,0.65,9.0,0.264,17.67,1,0.218
L004,oop_concepts,OOP Concepts,0.35,2.0,0.398,17.15,5,0.657
L011,data_structures,Data Structures,0.4,6.0,0.283,17.47,1,0.394
L013,operating_systems,Operating Systems,0.6,11.0,0.153,27.65,3,0.152
L030,oop_concepts,OOP Concepts,0.35,13.0,0.147,15.24,5,0.237
L001,neural_networks,Neural Networks,0.6,2.0,0.455,13.63,2,0.544
L030,oop_concepts,OOP Concepts,0.35,17.0,0.201,18.8,3,0.019
L002,algorithm_design,Algorithm Design,0.5,7.0,0.095,17.39,2,0.399
L031,computer_architecture,Computer Architecture,0.5,12.0,0.289,28.58,1,0.117
L004,oop_concepts,OOP Concepts,0.35,17.0,0.066,19.56,4,0.06
L011,computer_architecture,Computer Architecture,0.5,14.0,0.209,22.1,4,0.041
L011,oop_concepts,OOP Concepts,0.35,5.0,0.351,18.78,3,0.319
L008,data_structures,Data Structures,0.4,5.0,0.396,16.29,1,0.515
L009,software_engineering,Software Engineering,0.4,0.0,0.825,11.24,3,1.0
L010,oop_concepts,OOP Concepts,0.35,19.0,0.097,21.24,2,0.058
L012,ml_fundamentals,ML Fundamentals,0.5,6.0,0.393,26.21,4,0.4
L002,algorithm_design,Algorithm Design,0.5,6.0,0.225,19.37,5,0.217
L039,data_structures,Data Structures,0.4,0.0,0.865,5.98,4,0.968
L033,operating_systems,Operating Systems,0.6,9.0,0.277,19.98,5,0.17
L005,operating_systems,Operating Systems,0.6,13.0,0.012,16.38,3,0.0
L012,neural_networks,Neural Networks,0.6,19.0,0.187,22.25,4,0.0
L001,computer_architecture,Computer Architecture,0.5,20.0,0.213,21.6,4,0.0
L002,computer_architecture,Computer Architecture,0.5,7.0,0.161,17.26,3,0.095
L036,ml_fundamentals,ML Fundamentals,0.5,1.0,0.589,15.08,2,0.829
L004,operating_systems,Operating Systems,0.6,2.0,0.58,14.97,2,0.669
L007,operating_systems,Operating Systems,0.6,15.0,0.178,22.46,1,0.061
L014,ml_fundamentals,ML Fundamentals,0.5,0.0,0.642,15.62,3,1.0
L016,neural_networks,Neural Networks,0.6,13.0,0.084,22.3,1,0.185
L038,neural_networks,Neural Networks,0.6,1.0,0.358,10.37,2,0.811
L004,operating_systems,Operating Systems,0.6,6.0,0.082,27.23,1,0.206
L021,algorithm_design,Algorithm Design,0.5,20.0,0.124,20.15,2,0.0
L029,discrete_mathematics,Discrete Mathematics,0.55,18.0,0.096,30.71,5,0.096
L036,discrete_mathematics,Discrete Mathematics,0.55,5.0,0.328,17.14,2,0.49
L040,discrete_mathematics,Discrete Mathematics,0.55,2.0,0.207,10.34,3,0.515
L013,computer_networks,Computer Networks,0.55,17.0,0.165,24.1,5,0.046
L036,software_engineering,Software Engineering,0.4,0.0,0.61,10.78,2,1.0
L012,probability_and_statistics,Probability & Statistics,0.65,1.0,0.342,15.06,1,0.473
L018,operating_systems,Operating Systems,0.6,13.0,0.06,28.08,5,0.0
L017,discrete_mathematics,Discrete Mathematics,0.55,7.0,0.092,20.14,3,0.249
L002,computer_networks,Computer Networks,0.55,5.0,0.222,17.37,2,0.358
L009,software_engineering,Software Engineering,0.4,13.0,0.05,25.28,5,0.262
L006,computer_networks,Computer Networks,0.55,16.0,0.0,23.78,1,0.0
L005,neural_networks,Neural Networks,0.6,9.0,0.174,21.97,2,0.078
L012,discrete_mathematics,Discrete Mathematics,0.55,19.0,0.0,19.69,2,0.008
L033,probability_and_statistics,Probability & Statistics,0.65,7.0,0.107,22.42,3,0.09
L037,computer_architecture,Computer Architecture,0.5,11.0,0.0,16.65,2,0.099
L003,computer_networks,Computer Networks,0.55,6.0,0.391,15.66,1,0.39
L010,discrete_mathematics,Discrete Mathematics,0.55,1.0,0.625,12.49,4,0.819
L005,algorithm_design,Algorithm Design,0.5,10.0,0.112,19.7,3,0.138
L031,algorithm_design,Algorithm Design,0.5,14.0,0.025,16.89,3,0.058
L030,algorithm_design,Algorithm Design,0.5,16.0,0.09,19.91,4,0.0
L013,oop_concepts,OOP Concepts,0.35,16.0,0.202,13.74,3,0.22
L031,oop_concepts,OOP Concepts,0.35,2.0,0.337,19.84,2,0.534
L014,computer_architecture,Computer Architecture,0.5,15.0,0.224,18.99,4,0.036
L004,oop_concepts,OOP Concepts,0.35,8.0,0.08,17.13,5,0.311
L001,computer_networks,Computer Networks,0.55,3.0,0.406,17.97,2,0.505
L004,ml_fundamentals,ML Fundamentals,0.5,6.0,0.151,23.24,2,0.209
L016,algorithm_design,Algorithm Design,0.5,2.0,0.338,15.06,2,0.604
L039,operating_systems,Operating Systems,0.6,19.0,0.0,17.11,4,0.004
L029,ml_fundamentals,ML Fundamentals,0.5,9.0,0.009,16.05,4,0.064
L005,operating_systems,Operating Systems,0.6,12.0,0.15,20.54,1,0.085
L034,ml_fundamentals,ML Fundamentals,0.5,14.0,0.039,17.12,5,0.004
L010,probability_and_statistics,Probability & Statistics,0.65,9.0,0.012,24.34,4,0.029
L007,software_engineering,Software Engineering,0.4,10.0,0.185,21.64,3,0.204
L002,computer_architecture,Computer Architecture,0.5,9.0,0.171,24.72,4,0.259
L036,algorithm_design,Algorithm Design,0.5,19.0,0.1,29.56,2,0.074
L031,software_engineering,Software Engineering,0.4,20.0,0.0,28.1,4,0.082
L036,probability_and_statistics,Probability & Statistics,0.65,0.0,0.472,9.42,3,0.913
L014,dbms_normalization,DBMS Normalization,0.7,9.0,0.073,28.69,2,0.078
L030,software_engineering,Software Engineering,0.4,15.0,0.053,24.18,2,0.067
L031,software_engineering,Software Engineering,0.4,13.0,0.168,18.46,5,0.172
L008,probability_and_statistics,Probability & Statistics,0.65,1.0,0.529,11.85,1,0.761
L031,software_engineering,Software Engineering,0.4,19.0,0.0,10.61,4,0.092
L021,probability_and_statistics,Probability & Statistics,0.65,0.0,0.688,12.06,5,1.0
L022,data_structures,Data Structures,0.4,12.0,0.226,19.67,1,0.189
L021,data_structures,Data Structures,0.4,11.0,0.268,28.13,5,0.141
L027,probability_and_statistics,Probability & Statistics,0.65,17.0,0.273,23.88,1,0.003
L008,operating_systems,Operating Systems,0.6,5.0,0.247,18.33,5,0.339
L040,computer_architecture,Computer Architecture,0.5,7.0,0.056,22.66,2,0.185
L040,oop_concepts,OOP Concepts,0.35,1.0,0.665,11.91,2,0.844
L035,data_structures,Data Structures,0.4,3.0,0.331,14.51,1,0.516
L001,neural_networks,Neural Networks,0.6,17.0,0.0,16.03,2,0.0
L016,operating_systems,Operating Systems,0.6,16.0,0.0,22.1,5,0.009
L007,neural_networks,Neural Networks,0.6,2.0,0.321,12.06,1,0.643
L037,neural_networks,Neural Networks,0.6,13.0,0.0,25.91,3,0.025
L034,algorithm_design,Algorithm Design,0.5,17.0,0.0,25.19,2,0.013
L038,computer_architecture,Computer Architecture,0.5,15.0,0.066,20.56,4,0.058
L036,dbms_normalization,DBMS Normalization,0.7,16.0,0.232,25.03,2,0.084
L036,ml_fundamentals,ML Fundamentals,0.5,18.0,0.067,21.06,5,0.058
L002,ml_fundamentals,ML Fundamentals,0.5,12.0,0.069,23.27,1,0.142
L010,software_engineering,Software Engineering,0.4,17.0,0.142,26.59,5,0.041
L009,algorithm_design,Algorithm Design,0.5,0.0,0.881,5.67,5,1.0
L019,dbms_normalization,DBMS Normalization,0.7,21.0,0.0,24.96,3,0.0
L014,neural_networks,Neural Networks,0.6,10.0,0.124,25.82,3,0.033
L034,computer_networks,Computer Networks,0.55,7.0,0.077,18.99,1,0.172
L016,neural_networks,Neural Networks,0.6,5.0,0.0,18.68,1,0.066
L015,algorithm_design,Algorithm Design,0.5,15.0,0.0,21.82,3,0.063
L011,neural_networks,Neural Networks,0.6,1.0,0.649,19.79,2,0.749
L025,algorithm_design,Algorithm Design,0.5,19.0,0.008,19.82,1,0.0
L022,software_engineering,Software Engineering,0.4,20.0,0.159,13.21,4,0.14
L007,algorithm_design,Algorithm Design,0.5,11.0,0.207,22.89,4,0.225
L039,ml_fundamentals,ML Fundamentals,0.5,16.0,0.087,26.85,1,0.115
L033,oop_concepts,OOP Concepts,0.35,20.0,0.123,25.45,3,0.0
L006,discrete_mathematics,Discrete Mathematics,0.55,18.0,0.039,26.45,4,0.0
L027,algorithm_design,Algorithm Design,0.5,6.0,0.327,18.75,3,0.324
L038,algorithm_design,Algorithm Design,0.5,16.0,0.06,17.43,3,0.0
L011,discrete_mathematics,Discrete Mathematics,0.55,7.0,0.1,19.7,1,0.185
L022,probability_and_statistics,Probability & Statistics,0.65,3.0,0.135,21.6,4,0.228
L014,software_engineering,Software Engineering,0.4,7.0,0.297,12.52,3,0.343
L022,probability_and_statistics,Probability & Statistics,0.65,14.0,0.046,15.4,4,0.022
L005,discrete_mathematics,Discrete Mathematics,0.55,7.0,0.121,19.53,3,0.264
L010,computer_networks,Computer Networks,0.55,2.0,0.347,29.12,3,0.631
L001,oop_concepts,OOP Concepts,0.35,4.0,0.366,22.57,1,0.621
L007,computer_architecture,Computer Architecture,0.5,3.0,0.437,23.4,2,0.632
L023,computer_networks,Computer Networks,0.55,4.0,0.326,15.99,4,0.455
L026,discrete_mathematics,Discrete Mathematics,0.55,7.0,0.357,18.68,2,0.271
L004,data_structures,Data Structures,0.4,12.0,0.098,23.39,5,0.113
L001,ml_fundamentals,ML Fundamentals,0.5,12.0,0.159,18.44,3,0.151
L039,dbms_normalization,DBMS Normalization,0.7,9.0,0.0,19.0,5,0.096
L012,algorithm_design,Algorithm Design,0.5,1.0,0.641,16.04,1,0.815
L026,computer_architecture,Computer Architecture,0.5,11.0,0.059,20.15,1,0.0
L037,ml_fundamentals,ML Fundamentals,0.5,2.0,0.377,15.25,2,0.589
L025,computer_architecture,Computer Architecture,0.5,20.0,0.03,18.65,3,0.027
L001,computer_architecture,Computer Architecture,0.5,19.0,0.148,17.16,3,0.0
L025,probability_and_statistics,Probability & Statistics,0.65,9.0,0.124,24.8,2,0.103
L006,ml_fundamentals,ML Fundamentals,0.5,3.0,0.21,23.08,4,0.224
L038,software_engineering,Software Engineering,0.4,16.0,0.035,28.17,4,0.009
L004,dbms_normalization,DBMS Normalization,0.7,8.0,0.0,24.12,5,0.036
L031,probability_and_statistics,Probability & Statistics,0.65,11.0,0.143,15.41,2,0.102
L021,neural_networks,Neural Networks,0.6,18.0,0.125,18.17,1,0.0
L023,computer_architecture,Computer Architecture,0.5,15.0,0.205,19.06,2,0.114
L015,computer_networks,Computer Networks,0.55,8.0,0.1,20.1,2,0.086
L022,algorithm_design,Algorithm Design,0.5,3.0,0.364,16.28,4,0.528
L006,data_structures,Data Structures,0.4,9.0,0.051,17.63,5,0.193
L029,algorithm_design,Algorithm Design,0.5,10.0,0.082,16.78,1,0.13
L026,neural_networks,Neural Networks,0.6,14.0,0.185,24.64,5,0.0
L027,neural_networks,Neural Networks,0.6,17.0,0.238,20.95,3,0.122
L022,computer_networks,Computer Networks,0.55,20.0,0.069,21.19,1,0.005
L037,dbms_normalization,DBMS Normalization,0.7,16.0,0.086,27.48,1,0.0
L014,software_engineering,Software Engineering,0.4,4.0,0.333,11.46,2,0.558
L037,ml_fundamentals,ML Fundamentals,0.5,5.0,0.247,16.94,1,0.358
L026,dbms_normalization,DBMS Normalization,0.7,19.0,0.0,21.11,5,0.0
L003,ml_fundamentals,ML Fundamentals,0.5,1.0,0.397,15.36,3,0.669
L017,computer_architecture,Computer Architecture,0.5,2.0,0.42,10.46,5,0.653
L027,data_structures,Data Structures,0.4,17.0,0.178,18.22,2,0.073
L002,operating_systems,Operating Systems,0.6,16.0,0.084,13.79,4,0.03
L009,probability_and_statistics,Probability & Statistics,0.65,14.0,0.118,14.75,2,0.0
L002,algorithm_design,Algorithm Design,0.5,9.0,0.086,23.08,5,0.123
L018,software_engineering,Software Engineering,0.4,2.0,0.539,12.87,4,0.707
L008,neural_networks,Neural Networks,0.6,12.0,0.106,18.15,2,0.157
L007,computer_architecture,Computer Architecture,0.5,21.0,0.138,22.75,1,0.084
L015,operating_systems,Operating Systems,0.6,15.0,0.0,20.46,3,0.044
L003,ml_fundamentals,ML Fundamentals,0.5,16.0,0.032,25.95,4,0.0
L028,software_engineering,Software Engineering,0.4,9.0,0.131,24.05,3,0.122
L007,operating_systems,Operating Systems,0.6,17.0,0.0,22.67,3,0.0
L032,software_engineering,Software Engineering,0.4,9.0,0.123,20.51,4,0.312
L014,oop_concepts,OOP Concepts,0.35,5.0,0.195,10.12,2,0.384
L023,oop_concepts,OOP Concepts,0.35,17.0,0.136,12.67,1,0.03
L002,data_structures,Data Structures,0.4,11.0,0.0,17.77,3,0.078
L009,operating_systems,Operating Systems,0.6,21.0,0.024,25.16,1,0.0
L008,dbms_normalization,DBMS Normalization,0.7,12.0,0.07,19.9,2,0.09
L009,ml_fundamentals,ML Fundamentals,0.5,0.0,0.604,6.01,3,1.0
L011,data_structures,Data Structures,0.4,17.0,0.036,17.36,5,0.051
L032,probability_and_statistics,Probability & Statistics,0.65,3.0,0.222,21.61,2,0.37
L011,operating_systems,Operating Systems,0.6,11.0,0.116,20.1,3,0.194
L001,algorithm_design,Algorithm Design,0.5,0.0,0.625,10.03,2,0.913
L037,oop_concepts,OOP Concepts,0.35,12.0,0.163,18.05,1,0.199
L030,ml_fundamentals,ML Fundamentals,0.5,10.0,0.126,25.11,4,0.179
L018,data_structures,Data Structures,0.4,17.0,0.0,17.14,1,0.131
L027,dbms_normalization,DBMS Normalization,0.7,1.0,0.401,13.99,4,0.731
L019,neural_networks,Neural Networks,0.6,14.0,0.076,19.19,3,0.109
L035,probability_and_statistics,Probability & Statistics,0.65,1.0,0.379,20.51,2,0.59
L036,computer_networks,Computer Networks,0.55,2.0,0.533,19.18,2,0.565
L032,operating_systems,Operating Systems,0.6,15.0,0.0,20.91,4,0.015
L015,computer_architecture,Computer Architecture,0.5,15.0,0.04,29.14,4,0.044
L037,software_engineering,Software Engineering,0.4,8.0,0.106,21.02,5,0.354
L014,probability_and_statistics,Probability & Statistics,0.65,5.0,0.058,18.13,2,0.375
L029,data_structures,Data Structures,0.4,14.0,0.101,18.12,1,0.127
L011,algorithm_design,Algorithm Design,0.5,4.0,0.19,22.07,3,0.492
L030,discrete_mathematics,Discrete Mathematics,0.55,16.0,0.0,20.49,4,0.031
L034,probability_and_statistics,Probability & Statistics,0.65,18.0,0.0,19.01,1,0.0
L002,probability_and_statistics,Probability & Statistics,0.65,0.0,0.625,7.45,5,1.0
L004,data_structures,Data Structures,0.4,17.0,0.147,19.03,2,0.079
L017,operating_systems,Operating Systems,0.6,19.0,0.0,19.69,2,0.0
L015,computer_networks,Computer Networks,0.55,17.0,0.0,26.71,5,0.119
L001,algorithm_design,Algorithm Design,0.5,20.0,0.0,20.69,5,0.1
L029,discrete_mathematics,Discrete Mathematics,0.55,17.0,0.048,17.52,5,0.009
L004,discrete_mathematics,Discrete Mathematics,0.55,6.0,0.185,17.96,1,0.199
L032,data_structures,Data Structures,0.4,5.0,0.409,12.16,4,0.395
L039,dbms_normalization,DBMS Normalization,0.7,11.0,0.014,23.77,3,0.046
L039,probability_and_statistics,Probability & Statistics,0.65,6.0,0.067,27.49,5,0.016
L017,operating_systems,Operating Systems,0.6,15.0,0.0,21.02,1,0.065
L028,algorithm_design,Algorithm Design,0.5,17.0,0.065,22.97,1,0.0
L010,software_engineering,Software Engineering,0.4,17.0,0.119,20.15,5,0.03
L019,computer_architecture,Computer Architecture,0.5,13.0,0.0,19.53,4,0.0
L011,operating_systems,Operating Systems,0.6,11.0,0.0,16.3,1,0.076
L040,algorithm_design,Algorithm Design,0.5,20.0,0.0,17.84,2,0.069
L017,discrete_mathematics,Discrete Mathematics,0.55,6.0,0.182,21.88,5,0.078
L021,software_engineering,Software Engineering,0.4,6.0,0.327,21.93,2,0.442
L018,dbms_normalization,DBMS Normalization,0.7,15.0,0.0,16.08,2,0.142
L006,algorithm_design,Algorithm Design,0.5,10.0,0.025,24.47,1,0.18
L023,dbms_normalization,DBMS Normalization,0.7,13.0,0.166,30.24,5,0.0
L012,algorithm_design,Algorithm Design,0.5,19.0,0.13,17.5,2,0.0
L002,algorithm_design,Algorithm Design,0.5,19.0,0.0,25.34,4,0.012
L018,computer_architecture,Computer Architecture,0.5,0.0,0.746,10.35,1,1.0
L039,dbms_normalization,DBMS Normalization,0.7,17.0,0.177,17.25,5,0.0
L025,dbms_normalization,DBMS Normalization,0.7,6.0,0.0,20.27,1,0.0
L024,oop_concepts,OOP Concepts,0.35,3.0,0.614,14.03,2,0.637
L018,data_structures,Data Structures,0.4,7.0,0.076,14.77,3,0.12
L010,neural_networks,Neural Networks,0.6,16.0,0.0,19.18,2,0.02
L037,computer_architecture,Computer Architecture,0.5,20.0,0.0,19.84,1,0.0
L015,computer_networks,Computer Networks,0.55,20.0,0.0,25.56,4,0.0
L009,probability_and_statistics,Probability & Statistics,0.65,20.0,0.105,21.64,4,0.032
L013,algorithm_design,Algorithm Design,0.5,9.0,0.156,18.55,4,0.256
L031,probability_and_statistics,Probability & Statistics,0.65,20.0,0.0,21.18,2,0.046
L028,algorithm_design,Algorithm Design,0.5,4.0,0.232,23.39,4,0.376
L028,computer_networks,Computer Networks,0.55,4.0,0.373,16.26,2,0.506
L036,dbms_normalization,DBMS Normalization,0.7,18.0,0.078,17.71,5,0.015
L028,probability_and_statistics,Probability & Statistics,0.65,16.0,0.01,21.62,3,0.0
L022,computer_networks,Computer Networks,0.55,21.0,0.0,19.94,2,0.126
L002,operating_systems,Operating Systems,0.6,18.0,0.175,20.01,5,0.03
L007,computer_architecture,Computer Architecture,0.5,15.0,0.071,14.68,3,0.062
L012,computer_architecture,Computer Architecture,0.5,2.0,0.594,12.86,5,0.695
L007,algorithm_design,Algorithm Design,0.5,17.0,0.167,25.1,5,0.069
L017,operating_systems,Operating Systems,0.6,3.0,0.448,10.26,1,0.515
L013,probability_and_statistics,Probability & Statistics,0.65,0.0,0.745,3.73,1,0.969
L002,computer_architecture,Computer Architecture,0.5,6.0,0.093,25.33,2,0.032
L002,data_structures,Data Structures,0.4,2.0,0.66,20.51,1,0.676
L025,dbms_normalization,DBMS Normalization,0.7,0.0,0.707,9.47,3,1.0
L024,computer_architecture,Computer Architecture,0.5,21.0,0.0,22.53,1,0.154
L029,neural_networks,Neural Networks,0.6,14.0,0.009,17.76,2,0.102
L003,probability_and_statistics,Probability & Statistics,0.65,2.0,0.426,14.97,3,0.615
L030,dbms_normalization,DBMS Normalization,0.7,20.0,0.0,19.36,5,0.0
L002,ml_fundamentals,ML Fundamentals,0.5,2.0,0.336,20.66,2,0.666
L034,operating_systems,Operating Systems,0.6,9.0,0.096,23.37,4,0.126
L007,ml_fundamentals,ML Fundamentals,0.5,11.0,0.0,23.48,3,0.169
L002,algorithm_design,Algorithm Design,0.5,17.0,0.137,27.08,5,0.072
L031,oop_concepts,OOP Concepts,0.35,1.0,0.622,16.25,4,0.771
L015,operating_systems,Operating Systems,0.6,8.0,0.198,24.2,4,0.095
L009,algorithm_design,Algorithm Design,0.5,16.0,0.101,20.9,1,0.0
L030,dbms_normalization,DBMS Normalization,0.7,14.0,0.0,21.04,4,0.0
L020,oop_concepts,OOP Concepts,0.35,8.0,0.184,15.37,3,0.127
L014,oop_concepts,OOP Concepts,0.35,6.0,0.305,13.57,2,0.307
L017,computer_networks,Computer Networks,0.55,14.0,0.06,23.81,3,0.03
L006,computer_architecture,Computer Architecture,0.5,12.0,0.209,26.98,3,0.219
L017,data_structures,Data Structures,0.4,14.0,0.0,20.73,3,0.17
L028,probability_and_statistics,Probability & Statistics,0.65,15.0,0.0,22.05,5,0.0
L039,neural_networks,Neural Networks,0.6,7.0,0.0,21.9,4,0.108
L008,computer_networks,Computer Networks,0.55,5.0,0.183,25.07,2,0.458
L022,software_engineering,Software Engineering,0.4,12.0,0.185,19.95,5,0.181
L035,software_engineering,Software Engineering,0.4,6.0,0.306,19.24,3,0.285
L001,ml_fundamentals,ML Fundamentals,0.5,20.0,0.057,17.19,5,0.105
L039,operating_systems,Operating Systems,0.6,11.0,0.044,22.3,1,0.066
L002,computer_architecture,Computer Architecture,0.5,12.0,0.09,21.51,4,0.103
L028,algorithm_design,Algorithm Design,0.5,6.0,0.347,19.81,3,0.568
L021,software_engineering,Software Engineering,0.4,1.0,0.663,14.9,2,0.897
L016,software_engineering,Software Engineering,0.4,11.0,0.034,23.67,5,0.099
L036,computer_networks,Computer Networks,0.55,19.0,0.094,18.39,4,0.007
L037,data_structures,Data Structures,0.4,17.0,0.104,22.83,1,0.0
L010,computer_architecture,Computer Architecture,0.5,7.0,0.0,21.29,2,0.176
L025,computer_architecture,Computer Architecture,0.5,21.0,0.189,24.04,3,0.049
L015,operating_systems,Operating Systems,0.6,0.0,0.658,12.95,5,0.954
L039,computer_architecture,Computer Architecture,0.5,13.0,0.198,21.4,2,0.096
L023,data_structures,Data Structures,0.4,21.0,0.0,19.59,5,0.0
L030,probability_and_statistics,Probability & Statistics,0.65,7.0,0.024,20.55,4,0.062
L035,neural_networks,Neural Networks,0.6,20.0,0.163,30.32,5,0.007
L019,computer_networks,Computer Networks,0.55,20.0,0.031,19.64,3,0.0
L021,computer_networks,Computer Networks,0.55,4.0,0.359,18.32,3,0.356
L005,computer_networks,Computer Networks,0.55,6.0,0.12,25.65,1,0.171
L039,probability_and_statistics,Probability & Statistics,0.65,12.0,0.188,20.1,1,0.002
L034,probability_and_statistics,Probability & Statistics,0.65,1.0,0.46,11.2,3,0.669
L026,oop_concepts,OOP Concepts,0.35,0.0,0.712,14.98,4,1.0
L035,data_structures,Data Structures,0.4,21.0,0.0,17.8,4,0.094
L008,probability_and_statistics,Probability & Statistics,0.65,14.0,0.085,20.02,4,0.062
L034,discrete_mathematics,Discrete Mathematics,0.55,7.0,0.331,24.74,3,0.211
L030,computer_networks,Computer Networks,0.55,3.0,0.399,13.16,1,0.499
L039,computer_networks,Computer Networks,0.55,2.0,0.454,19.6,2,0.631
L017,operating_systems,Operating Systems,0.6,6.0,0.0,23.19,2,0.066
L016,ml_fundamentals,ML Fundamentals,0.5,7.0,0.177,19.54,5,0.224
L010,discrete_mathematics,Discrete Mathematics,0.55,0.0,0.654,14.24,2,1.0
L010,neural_networks,Neural Networks,0.6,14.0,0.038,29.77,4,0.0
L030,operating_systems,Operating Systems,0.6,16.0,0.057,26.97,2,0.007
L027,data_structures,Data Structures,0.4,12.0,0.176,23.75,3,0.075
L009,algorithm_design,Algorithm Design,0.5,15.0,0.1,21.96,2,0.043
L008,computer_networks,Computer Networks,0.55,10.0,0.02,20.31,1,0.0
L024,data_structures,Data Structures,0.4,21.0,0.0,21.78,1,0.03
L018,computer_architecture,Computer Architecture,0.5,14.0,0.198,20.3,2,0.037
L030,oop_concepts,OOP Concepts,0.35,1.0,0.628,14.25,2,0.859
L030,probability_and_statistics,Probability & Statistics,0.65,16.0,0.119,18.36,4,0.001
L032,algorithm_design,Algorithm Design,0.5,10.0,0.222,27.0,3,0.241
L020,operating_systems,Operating Systems,0.6,4.0,0.183,22.33,1,0.325
L030,oop_concepts,OOP Concepts,0.35,20.0,0.0,17.67,5,0.082
L020,software_engineering,Software Engineering,0.4,1.0,0.37,9.82,1,0.702
L017,operating_systems,Operating Systems,0.6,2.0,0.087,19.83,2,0.277
L035,software_engineering,Software Engineering,0.4,5.0,0.365,8.76,5,0.381
L024,probability_and_statistics,Probability & Statistics,0.65,6.0,0.139,22.28,3,0.197
L009,algorithm_design,Algorithm Design,0.5,0.0,0.79,7.59,4,1.0
L001,computer_architecture,Computer Architecture,0.5,7.0,0.107,18.34,2,0.223
L004,computer_networks,Computer Networks,0.55,16.0,0.143,26.99,4,0.014
L029,computer_architecture,Computer Architecture,0.5,14.0,0.0,27.38,3,0.033
L012,neural_networks,Neural Networks,0.6,12.0,0.059,24.44,4,0.036
L001,probability_and_statistics,Probability & Statistics,0.65,4.0,0.305,16.52,3,0.408
L030,probability_and_statistics,Probability & Statistics,0.65,13.0,0.054,16.93,1,0.0
L032,computer_networks,Computer Networks,0.55,8.0,0.049,22.39,3,0.09
L020,probability_and_statistics,Probability & Statistics,0.65,3.0,0.385,15.44,5,0.494
L002,neural_networks,Neural Networks,0.6,3.0,0.311,5.79,4,0.461
L011,probability_and_statistics,Probability & Statistics,0.65,11.0,0.074,30.58,1,0.068
L021,operating_systems,Operating Systems,0.6,12.0,0.0,21.08,2,0.0
L028,computer_networks,Computer Networks,0.55,15.0,0.0,15.87,2,0.0
L011,algorithm_design,Algorithm Design,0.5,16.0,0.133,19.25,3,0.051
L037,neural_networks,Neural Networks,0.6,14.0,0.14,19.51,4,0.1
L029,computer_architecture,Computer Architecture,0.5,15.0,0.033,25.31,2,0.094
L019,computer_architecture,Computer Architecture,0.5,18.0,0.043,22.99,1,0.005
L035,software_engineering,Software Engineering,0.4,20.0,0.087,23.55,1,0.018
L020,ml_fundamentals,ML Fundamentals,0.5,14.0,0.097,21.71,3,0.0
L017,dbms_normalization,DBMS Normalization,0.7,5.0,0.105,20.34,4,0.261
L029,discrete_mathematics,Discrete Mathematics,0.55,10.0,0.016,26.97,5,0.082
L004,data_structures,Data Structures,0.4,15.0,0.175,20.31,4,0.0
L020,probability_and_statistics,Probability & Statistics,0.65,11.0,0.037,21.73,2,0.027
L034,operating_systems,Operating Systems,0.6,0.0,0.867,6.55,3,0.979
L030,discrete_mathematics,Discrete Mathematics,0.55,0.0,0.813,16.85,3,1.0
L035,neural_networks,Neural Networks,0.6,15.0,0.0,26.38,3,0.115
L009,probability_and_statistics,Probability & Statistics,0.65,13.0,0.208,23.52,4,0.049
L034,neural_networks,Neural Networks,0.6,4.0,0.073,21.84,4,0.34
L019,computer_networks,Computer Networks,0.55,6.0,0.261,12.33,3,0.295
L037,operating_systems,Operating Systems,0.6,15.0,0.0,22.33,2,0.0
L019,computer_architecture,Computer Architecture,0.5,10.0,0.205,25.49,1,0.235
L021,probability_and_statistics,Probability & Statistics,0.65,4.0,0.131,16.55,1,0.038
L013,dbms_normalization,DBMS Normalization,0.7,5.0,0.0,27.76,2,0.063
L028,probability_and_statistics,Probability & Statistics,0.65,4.0,0.23,18.39,4,0.121
L032,oop_concepts,OOP Concepts,0.35,18.0,0.0,21.92,1,0.032
L002,algorithm_design,Algorithm Design,0.5,20.0,0.169,23.9,4,0.115
L005,computer_networks,Computer Networks,0.55,5.0,0.268,14.33,5,0.315
L038,neural_networks,Neural Networks,0.6,11.0,0.021,29.08,3,0.045
L032,oop_concepts,OOP Concepts,0.35,8.0,0.064,16.72,5,0.216
L010,computer_architecture,Computer Architecture,0.5,21.0,0.029,24.27,2,0.034
L009,probability_and_statistics,Probability & Statistics,0.65,0.0,0.714,7.33,4,1.0
L033,probability_and_statistics,Probability & Statistics,0.65,20.0,0.0,18.02,1,0.0
L040,neural_networks,Neural Networks,0.6,5.0,0.178,8.05,3,0.383
L008,computer_architecture,Computer Architecture,0.5,1.0,0.512,11.68,5,0.934
L035,discrete_mathematics,Discrete Mathematics,0.55,21.0,0.0,13.49,3,0.087
L012,dbms_normalization,DBMS Normalization,0.7,9.0,0.0,29.52,1,0.063
L024,software_engineering,Software Engineering,0.4,9.0,0.035,19.69,3,0.133
L020,neural_networks,Neural Networks,0.6,8.0,0.095,21.22,4,0.274
L029,oop_concepts,OOP Concepts,0.35,8.0,0.0,14.96,3,0.24
L030,oop_concepts,OOP Concepts,0.35,0.0,0.772,5.43,1,0.904
L001,computer_architecture,Computer Architecture,0.5,15.0,0.0,26.21,1,0.217
L001,software_engineering,Software Engineering,0.4,3.0,0.321,14.88,5,0.603
L037,computer_architecture,Computer Architecture,0.5,17.0,0.0,23.37,4,0.039
L031,operating_systems,Operating Systems,0.6,7.0,0.095,21.45,2,0.254
L023,data_structures,Data Structures,0.4,21.0,0.147,28.74,2,0.0
L010,dbms_normalization,DBMS Normalization,0.7,12.0,0.0,19.94,4,0.007
L011,computer_networks,Computer Networks,0.55,8.0,0.033,18.35,5,0.179
L009,oop_concepts,OOP Concepts,0.35,10.0,0.165,22.14,5,0.295
L029,probability_and_statistics,Probability & Statistics,0.65,14.0,0.144,27.75,5,0.0
L018,oop_concepts,OOP Concepts,0.35,4.0,0.374,14.42,3,0.522
L038,computer_networks,Computer Networks,0.55,17.0,0.0,29.37,4,0.0
L006,probability_and_statistics,Probability & Statistics,0.65,6.0,0.0,21.55,4,0.183
L022,discrete_mathematics,Discrete Mathematics,0.55,12.0,0.025,21.37,2,0.131
L031,dbms_normalization,DBMS Normalization,0.7,9.0,0.083,16.4,5,0.024
L018,operating_systems,Operating Systems,0.6,21.0,0.115,18.4,3,0.0
L002,probability_and_statistics,Probability & Statistics,0.65,21.0,0.0,19.36,2,0.033
L001,algorithm_design,Algorithm Design,0.5,3.0,0.507,16.58,1,0.53
L001,computer_networks,Computer Networks,0.55,21.0,0.017,17.78,4,0.0
L010,neural_networks,Neural Networks,0.6,17.0,0.123,19.96,5,0.0
L002,probability_and_statistics,Probability & Statistics,0.65,0.0,0.691,13.88,4,1.0
L009,discrete_mathematics,Discrete Mathematics,0.55,2.0,0.599,19.58,4,0.718
L006,computer_networks,Computer Networks,0.55,18.0,0.153,17.48,3,0.02
L035,discrete_mathematics,Discrete Mathematics,0.55,5.0,0.32,17.77,2,0.337
L007,neural_networks,Neural Networks,0.6,7.0,0.003,22.95,3,0.095
L018,algorithm_design,Algorithm Design,0.5,17.0,0.042,13.94,4,0.042
L027,computer_networks,Computer Networks,0.55,1.0,0.488,12.2,2,0.965
L003,data_structures,Data Structures,0.4,7.0,0.117,18.92,3,0.25
L010,neural_networks,Neural Networks,0.6,5.0,0.383,18.61,3,0.369
L037,ml_fundamentals,ML Fundamentals,0.5,6.0,0.138,14.16,3,0.249
L020,neural_networks,Neural Networks,0.6,3.0,0.109,19.64,3,0.424
L025,software_engineering,Software Engineering,0.4,2.0,0.564,7.01,3,0.794
L016,discrete_mathematics,Discrete Mathematics,0.55,2.0,0.759,20.88,2,0.566
L038,algorithm_design,Algorithm Design,0.5,12.0,0.187,14.29,4,0.083
L029,algorithm_design,Algorithm Design,0.5,14.0,0.0,13.26,2,0.059
L025,neural_networks,Neural Networks,0.6,21.0,0.052,20.68,4,0.071
L007,discrete_mathematics,Discrete Mathematics,0.55,14.0,0.0,23.96,1,0.0
L018,neural_networks,Neural Networks,0.6,12.0,0.07,18.68,4,0.069
L019,neural_networks,Neural Networks,0.6,3.0,0.274,16.03,3,0.264
L033,discrete_mathematics,Discrete Mathematics,0.55,6.0,0.125,19.8,2,0.159
L039,operating_systems,Operating Systems,0.6,2.0,0.264,20.54,3,0.451
L020,computer_architecture,Computer Architecture,0.5,1.0,0.367,8.41,5,0.762
L007,computer_architecture,Computer Architecture,0.5,6.0,0.284,15.55,3,0.376
L018,algorithm_design,Algorithm Design,0.5,21.0,0.0,20.27,5,0.027
L029,computer_networks,Computer Networks,0.55,3.0,0.342,13.65,3,0.528
L033,probability_and_statistics,Probability & Statistics,0.65,9.0,0.051,17.51,2,0.012
L016,oop_concepts,OOP Concepts,0.35,16.0,0.0,33.43,1,0.001
L010,neural_networks,Neural Networks,0.6,21.0,0.136,24.97,2,0.0
L036,software_engineering,Software Engineering,0.4,16.0,0.05,29.16,4,0.091
L033,computer_networks,Computer Networks,0.55,12.0,0.173,22.08,3,0.056
L023,computer_architecture,Computer Architecture,0.5,3.0,0.447,13.11,3,0.551
L018,dbms_normalization,DBMS Normalization,0.7,3.0,0.216,17.89,3,0.236
L016,computer_architecture,Computer Architecture,0.5,16.0,0.0,17.81,4,0.028
L040,software_engineering,Software Engineering,0.4,15.0,0.024,24.57,2,0.055
L034,neural_networks,Neural Networks,0.6,19.0,0.205,18.91,5,0.005
L010,dbms_normalization,DBMS Normalization,0.7,1.0,0.244,19.65,5,0.466
L029,computer_architecture,Computer Architecture,0.5,13.0,0.0,16.86,2,0.0
L011,computer_architecture,Computer Architecture,0.5,17.0,0.0,23.35,5,0.032
L023,operating_systems,Operating Systems,0.6,5.0,0.334,16.58,4,0.501
L037,ml_fundamentals,ML Fundamentals,0.5,19.0,0.202,20.98,1,0.0
L003,dbms_normalization,DBMS Normalization,0.7,14.0,0.131,19.31,1,0.0
L013,dbms_normalization,DBMS Normalization,0.7,13.0,0.0,21.77,1,0.014
L024,computer_architecture,Computer Architecture,0.5,9.0,0.046,22.89,4,0.202
L027,oop_concepts,OOP Concepts,0.35,14.0,0.292,25.07,1,0.057
L002,computer_networks,Computer Networks,0.55,19.0,0.119,20.81,5,0.0
L008,computer_networks,Computer Networks,0.55,8.0,0.186,17.64,1,0.084
L012,probability_and_statistics,Probability & Statistics,0.65,10.0,0.012,23.22,2,0.102
L040,discrete_mathematics,Discrete Mathematics,0.55,13.0,0.0,21.93,1,0.007
L026,oop_concepts,OOP Concepts,0.35,18.0,0.103,31.29,1,0.036
L038,oop_concepts,OOP Concepts,0.35,21.0,0.138,25.85,2,0.0
L004,neural_networks,Neural Networks,0.6,10.0,0.056,19.79,4,0.09
L017,dbms_normalization,DBMS Normalization,0.7,8.0,0.037,26.49,4,0.06
L016,dbms_normalization,DBMS Normalization,0.7,13.0,0.007,25.61,2,0.0
L033,data_structures,Data Structures,0.4,20.0,0.212,20.28,1,0.105
L011,dbms_normalization,DBMS Normalization,0.7,11.0,0.036,26.27,4,0.0
L028,probability_and_statistics,Probability & Statistics,0.65,7.0,0.141,18.55,5,0.177
L030,software_engineering,Software Engineering,0.4,15.0,0.137,24.7,3,0.071
L011,software_engineering,Software Engineering,0.4,15.0,0.114,15.56,4,0.153
L003,discrete_mathematics,Discrete Mathematics,0.55,10.0,0.192,14.37,3,0.227
L040,discrete_mathematics,Discrete Mathematics,0.55,8.0,0.235,9.25,2,0.197
L019,operating_systems,Operating Systems,0.6,20.0,0.05,23.71,4,0.04
L012,data_structures,Data Structures,0.4,15.0,0.034,19.12,1,0.092
L015,probability_and_statistics,Probability & Statistics,0.65,7.0,0.073,28.09,2,0.135
L028,operating_systems,Operating Systems,0.6,9.0,0.0,18.91,2,0.174
L001,discrete_mathematics,Discrete Mathematics,0.55,16.0,0.01,19.12,3,0.085
L039,software_engineering,Software Engineering,0.4,7.0,0.084,18.23,5,0.549
L001,neural_networks,Neural Networks,0.6,21.0,0.134,21.31,4,0.0
L010,ml_fundamentals,ML Fundamentals,0.5,10.0,0.0,18.71,2,0.279
L026,algorithm_design,Algorithm Design,0.5,15.0,0.114,19.34,1,0.148
L019,algorithm_design,Algorithm Design,0.5,17.0,0.091,23.27,4,0.106
L001,ml_fundamentals,ML Fundamentals,0.5,8.0,0.2,15.2,4,0.173
L008,data_structures,Data Structures,0.4,14.0,0.131,26.02,2,0.086
L034,oop_concepts,OOP Concepts,0.35,13.0,0.267,15.19,3,0.316
L032,oop_concepts,OOP Concepts,0.35,2.0,0.361,25.92,5,0.709
L008,algorithm_design,Algorithm Design,0.5,14.0,0.092,13.44,1,0.157
L014,discrete_mathematics,Discrete Mathematics,0.55,17.0,0.175,24.81,1,0.047
L031,computer_architecture,Computer Architecture,0.5,11.0,0.248,24.03,5,0.025
L020,operating_systems,Operating Systems,0.6,21.0,0.0,23.46,3,0.0
L009,neural_networks,Neural Networks,0.6,10.0,0.143,15.83,1,0.195
L022,ml_fundamentals,ML Fundamentals,0.5,1.0,0.42,22.54,3,0.71
L023,software_engineering,Software Engineering,0.4,11.0,0.223,12.99,4,0.064
L001,operating_systems,Operating Systems,0.6,3.0,0.198,17.45,1,0.37
L037,operating_systems,Operating Systems,0.6,7.0,0.115,22.73,5,0.0
L015,probability_and_statistics,Probability & Statistics,0.65,15.0,0.071,24.41,3,0.0
L026,data_structures,Data Structures,0.4,17.0,0.042,21.26,3,0.211
L019,computer_architecture,Computer Architecture,0.5,2.0,0.534,13.58,3,0.651
L011,computer_architecture,Computer Architecture,0.5,6.0,0.189,19.42,1,0.149
L028,neural_networks,Neural Networks,0.6,12.0,0.073,17.15,1,0.075
L003,computer_architecture,Computer Architecture,0.5,11.0,0.059,14.46,5,0.12
L032,operating_systems,Operating Systems,0.6,11.0,0.122,23.79,4,0.083
L016,dbms_normalization,DBMS Normalization,0.7,16.0,0.043,24.43,4,0.0
L007,computer_architecture,Computer Architecture,0.5,6.0,0.239,29.01,2,0.136
L001,oop_concepts,OOP Concepts,0.35,2.0,0.638,10.56,3,0.681
L002,operating_systems,Operating Systems,0.6,5.0,0.432,18.34,2,0.313
L031,operating_systems,Operating Systems,0.6,14.0,0.085,21.46,5,0.0
L036,data_structures,Data Structures,0.4,15.0,0.041,21.65,2,0.161
L017,oop_concepts,OOP Concepts,0.35,0.0,0.857,19.54,3,1.0
L012,oop_concepts,OOP Concepts,0.35,9.0,0.34,19.15,2,0.293
L001,operating_systems,Operating Systems,0.6,18.0,0.057,21.59,5,0.07
L034,discrete_mathematics,Discrete Mathematics,0.55,5.0,0.003,21.51,2,0.157
L024,discrete_mathematics,Discrete Mathematics,0.55,18.0,0.131,25.07,2,0.073
L014,dbms_normalization,DBMS Normalization,0.7,2.0,0.263,15.28,5,0.658
L016,operating_systems,Operating Systems,0.6,21.0,0.016,20.45,4,0.081
L026,neural_networks,Neural Networks,0.6,0.0,0.592,11.48,3,0.96
L035,data_structures,Data Structures,0.4,3.0,0.359,20.5,4,0.587
L018,software_engineering,Software Engineering,0.4,13.0,0.0,18.59,4,0.171
L018,data_structures,Data Structures,0.4,10.0,0.216,19.87,3,0.338
L021,computer_networks,Computer Networks,0.55,21.0,0.0,15.18,2,0.053
L040,data_structures,Data Structures,0.4,17.0,0.0,22.23,1,0.107
L017,neural_networks,Neural Networks,0.6,2.0,0.347,21.12,5,0.555
L005,data_structures,Data Structures,0.4,18.0,0.104,24.08,2,0.138
L029,neural_networks,Neural Networks,0.6,18.0,0.012,27.01,4,0.093
L018,data_structures,Data Structures,0.4,14.0,0.0,17.03,4,0.226
L014,discrete_mathematics,Discrete Mathematics,0.55,6.0,0.202,16.23,3,0.171
L033,data_structures,Data Structures,0.4,10.0,0.0,21.55,4,0.159
L037,algorithm_design,Algorithm Design,0.5,9.0,0.213,21.44,4,0.132
L018,oop_concepts,OOP Concepts,0.35,11.0,0.175,21.36,5,0.025
L008,oop_concepts,OOP Concepts,0.35,16.0,0.242,20.15,3,0.052
L016,dbms_normalization,DBMS Normalization,0.7,4.0,0.129,21.62,5,0.133
L027,computer_architecture,Computer Architecture,0.5,14.0,0.115,13.14,5,0.216
L040,computer_architecture,Computer Architecture,0.5,21.0,0.277,17.51,5,0.009
L015,oop_concepts,OOP Concepts,0.35,18.0,0.273,23.29,4,0.0
L036,neural_networks,Neural Networks,0.6,11.0,0.0,15.41,3,0.087
L015,oop_concepts,OOP Concepts,0.35,1.0,0.684,8.6,5,0.772
L036,software_engineering,Software Engineering,0.4,8.0,0.251,23.44,2,0.2
L037,software_engineering,Software Engineering,0.4,1.0,0.646,15.31,2,0.807
L035,computer_architecture,Computer Architecture,0.5,9.0,0.312,20.95,3,0.211
L029,software_engineering,Software Engineering,0.4,20.0,0.093,17.98,1,0.0
L020,ml_fundamentals,ML Fundamentals,0.5,16.0,0.007,18.49,1,0.107
L027,operating_systems,Operating Systems,0.6,7.0,0.045,20.04,4,0.219
L018,oop_concepts,OOP Concepts,0.35,13.0,0.054,21.19,4,0.054
L008,oop_concepts,OOP Concepts,0.35,11.0,0.176,23.88,5,0.125
L022,computer_networks,Computer Networks,0.55,6.0,0.0,27.33,4,0.125
L037,ml_fundamentals,ML Fundamentals,0.5,15.0,0.0,20.17,5,0.138
L017,dbms_normalization,DBMS Normalization,0.7,16.0,0.04,29.88,4,0.002
L021,discrete_mathematics,Discrete Mathematics,0.55,20.0,0.0,15.35,1,0.027
L027,discrete_mathematics,Discrete Mathematics,0.55,19.0,0.0,22.62,1,0.088
L011,data_structures,Data Structures,0.4,18.0,0.071,25.94,4,0.0
L010,probability_and_statistics,Probability & Statistics,0.65,15.0,0.0,29.27,3,0.073
L010,neural_networks,Neural Networks,0.6,13.0,0.0,15.86,4,0.088
L021,software_engineering,Software Engineering,0.4,20.0,0.09,19.47,1,0.047
L004,computer_networks,Computer Networks,0.55,10.0,0.208,28.32,1,0.037
L026,neural_networks,Neural Networks,0.6,16.0,0.0,20.21,3,0.091
L028,algorithm_design,Algorithm Design,0.5,20.0,0.105,24.81,1,0.107
L009,software_engineering,Software Engineering,0.4,8.0,0.109,18.28,5,0.316
L033,discrete_mathematics,Discrete Mathematics,0.55,1.0,0.443,13.22,2,0.621
L004,data_structures,Data Structures,0.4,12.0,0.032,17.37,5,0.202
L038,algorithm_design,Algorithm Design,0.5,15.0,0.151,25.9,1,0.14
L011,computer_architecture,Computer Architecture,0.5,11.0,0.227,22.29,3,0.172
L016,oop_concepts,OOP Concepts,0.35,16.0,0.09,15.59,1,0.142
L011,neural_networks,Neural Networks,0.6,2.0,0.374,12.92,5,0.819
L040,oop_concepts,OOP Concepts,0.35,1.0,0.503,12.75,3,0.699
L018,software_engineering,Software Engineering,0.4,14.0,0.024,21.14,1,0.071
L033,dbms_normalization,DBMS Normalization,0.7,2.0,0.392,13.8,1,0.437
L001,software_engineering,Software Engineering,0.4,15.0,0.218,14.81,3,0.082
L030,data_structures,Data Structures,0.4,13.0,0.0,20.21,4,0.22
L018,data_structures,Data Structures,0.4,1.0,0.636,11.29,5,0.896
L024,computer_architecture,Computer Architecture,0.5,4.0,0.275,11.67,2,0.431
L014,oop_concepts,OOP Concepts,0.35,11.0,0.151,19.98,1,0.3
L007,oop_concepts,OOP Concepts,0.35,7.0,0.009,25.86,4,0.367
L036,data_structures,Data Structures,0.4,14.0,0.0,21.96,1,0.087
L008,algorithm_design,Algorithm Design,0.5,0.0,0.481,9.32,4,0.952
L036,discrete_mathematics,Discrete Mathematics,0.55,12.0,0.0,16.57,3,0.0
L029,dbms_normalization,DBMS Normalization,0.7,13.0,0.036,18.65,1,0.025
L032,computer_networks,Computer Networks,0.55,7.0,0.254,25.45,4,0.217
L019,neural_networks,Neural Networks,0.6,18.0,0.116,22.84,3,0.026
L026,software_engineering,Software Engineering,0.4,8.0,0.174,17.85,3,0.204
L027,computer_architecture,Computer Architecture,0.5,1.0,0.535,10.9,4,0.737
L039,computer_architecture,Computer Architecture,0.5,10.0,0.153,20.75,3,0.073
L037,software_engineering,Software Engineering,0.4,11.0,0.364,12.73,5,0.224
L016,operating_systems,Operating Systems,0.6,5.0,0.19,24.24,2,0.289
L029,oop_concepts,OOP Concepts,0.35,7.0,0.058,10.89,5,0.306
L005,ml_fundamentals,ML Fundamentals,0.5,11.0,0.116,17.27,3,0.074
L035,probability_and_statistics,Probability & Statistics,0.65,1.0,0.569,13.34,2,0.807
L032,probability_and_statistics,Probability & Statistics,0.65,21.0,0.0,21.33,2,0.0
L034,dbms_normalization,DBMS Normalization,0.7,6.0,0.108,16.38,5,0.224
L008,ml_fundamentals,ML Fundamentals,0.5,8.0,0.139,23.98,5,0.099
L014,ml_fundamentals,ML Fundamentals,0.5,13.0,0.018,24.85,5,0.076
L026,data_structures,Data Structures,0.4,0.0,0.594,14.68,4,1.0
L024,oop_concepts,OOP Concepts,0.35,4.0,0.488,18.93,4,0.507
L019,data_structures,Data Structures,0.4,4.0,0.546,19.21,4,0.5
L038,neural_networks,Neural Networks,0.6,9.0,0.211,23.48,4,0.042
L016,data_structures,Data Structures,0.4,9.0,0.308,15.04,3,0.256
L009,ml_fundamentals,ML Fundamentals,0.5,2.0,0.524,14.92,4,0.649
L014,dbms_normalization,DBMS Normalization,0.7,15.0,0.0,17.92,2,0.131
L036,operating_systems,Operating Systems,0.6,11.0,0.0,28.18,2,0.094
L005,software_engineering,Software Engineering,0.4,5.0,0.314,12.82,5,0.321
L031,discrete_mathematics,Discrete Mathematics,0.55,16.0,0.157,27.34,1,0.044
L032,computer_architecture,Computer Architecture,0.5,6.0,0.225,17.28,4,0.225
L015,oop_concepts,OOP Concepts,0.35,4.0,0.332,24.18,1,0.373
L017,probability_and_statistics,Probability & Statistics,0.65,20.0,0.096,12.14,4,0.0
L005,data_structures,Data Structures,0.4,18.0,0.0,19.84,4,0.0
L025,computer_architecture,Computer Architecture,0.5,17.0,0.146,21.44,2,0.005
L036,operating_systems,Operating Systems,0.6,13.0,0.0,24.5,4,0.0
L022,oop_concepts,OOP Concepts,0.35,6.0,0.292,25.02,5,0.303
L040,computer_architecture,Computer Architecture,0.5,11.0,0.086,16.74,4,0.081
L015,computer_architecture,Computer Architecture,0.5,20.0,0.096,21.3,1,0.054
L023,computer_architecture,Computer Architecture,0.5,8.0,0.26,21.07,3,0.22
L018,ml_fundamentals,ML Fundamentals,0.5,20.0,0.0,19.91,2,0.046
L029,operating_systems,Operating Systems,0.6,19.0,0.0,31.27,2,0.109
L024,algorithm_design,Algorithm Design,0.5,9.0,0.096,19.51,5,0.191
L008,software_engineering,Software Engineering,0.4,15.0,0.0,23.91,5,0.048
L032,computer_networks,Computer Networks,0.55,13.0,0.115,25.83,3,0.0
L028,algorithm_design,Algorithm Design,0.5,4.0,0.378,15.12,1,0.514
L023,dbms_normalization,DBMS Normalization,0.7,11.0,0.213,21.31,1,0.065
L026,computer_architecture,Computer Architecture,0.5,2.0,0.314,17.65,5,0.721
L020,computer_architecture,Computer Architecture,0.5,0.0,0.674,12.36,4,1.0
L006,computer_networks,Computer Networks,0.55,14.0,0.0,17.81,1,0.0
L007,dbms_normalization,DBMS Normalization,0.7,14.0,0.0,16.84,5,0.0
L015,dbms_normalization,DBMS Normalization,0.7,7.0,0.014,30.28,5,0.162
L005,discrete_mathematics,Discrete Mathematics,0.55,13.0,0.054,29.77,5,0.021
L008,probability_and_statistics,Probability & Statistics,0.65,15.0,0.154,19.39,1,0.0
L021,discrete_mathematics,Discrete Mathematics,0.55,14.0,0.0,25.0,3,0.041
L028,neural_networks,Neural Networks,0.6,20.0,0.0,17.46,3,0.0
L009,dbms_normalization,DBMS Normalization,0.7,5.0,0.189,18.82,3,0.136
L031,oop_concepts,OOP Concepts,0.35,2.0,0.529,15.42,3,0.748
L004,algorithm_design,Algorithm Design,0.5,18.0,0.0,24.07,1,0.0
L039,software_engineering,Software Engineering,0.4,6.0,0.129,17.37,2,0.353
L021,discrete_mathematics,Discrete Mathematics,0.55,1.0,0.413,13.7,1,0.709
L017,neural_networks,Neural Networks,0.6,15.0,0.003,22.56,1,0.134
L030,software_engineering,Software Engineering,0.4,0.0,0.603,11.19,1,1.0
L008,neural_networks,Neural Networks,0.6,17.0,0.056,21.2,5,0.0
L017,software_engineering,Software Engineering,0.4,7.0,0.148,18.12,4,0.411
L034,neural_networks,Neural Networks,0.6,18.0,0.0,28.8,3,0.068
L013,computer_networks,Computer Networks,0.55,7.0,0.216,17.13,3,0.086
L013,probability_and_statistics,Probability & Statistics,0.65,1.0,0.558,9.09,1,0.65
L035,neural_networks,Neural Networks,0.6,7.0,0.148,12.2,1,0.209
L011,probability_and_statistics,Probability & Statistics,0.65,16.0,0.17,22.11,2,0.01
L019,algorithm_design,Algorithm Design,0.5,11.0,0.238,27.2,2,0.166
L005,ml_fundamentals,ML Fundamentals,0.5,4.0,0.004,22.64,4,0.438
L022,neural_networks,Neural Networks,0.6,20.0,0.001,24.27,3,0.014
L015,probability_and_statistics,Probability & Statistics,0.65,3.0,0.231,20.35,3,0.219
L004,software_engineering,Software Engineering,0.4,17.0,0.172,27.34,1,0.245
L003,ml_fundamentals,ML Fundamentals,0.5,15.0,0.146,22.11,5,0.023
L026,neural_networks,Neural Networks,0.6,8.0,0.189,17.58,1,0.064
L036,computer_networks,Computer Networks,0.55,11.0,0.21,25.68,1,0.079
L028,data_structures,Data Structures,0.4,16.0,0.096,26.18,2,0.235
L012,computer_networks,Computer Networks,0.55,14.0,0.197,21.39,3,0.0
L012,probability_and_statistics,Probability & Statistics,0.65,9.0,0.108,19.07,5,0.068
L040,discrete_mathematics,Discrete Mathematics,0.55,4.0,0.222,18.35,2,0.499
L038,dbms_normalization,DBMS Normalization,0.7,0.0,0.683,7.7,1,0.996
L021,discrete_mathematics,Discrete Mathematics,0.55,4.0,0.203,26.02,2,0.503
L038,computer_architecture,Computer Architecture,0.5,21.0,0.0,31.59,3,0.021
L040,dbms_normalization,DBMS Normalization,0.7,6.0,0.046,20.64,1,0.334
L007,data_structures,Data Structures,0.4,6.0,0.187,18.64,5,0.216
L030,operating_systems,Operating Systems,0.6,10.0,0.266,24.69,5,0.088
L006,ml_fundamentals,ML Fundamentals,0.5,14.0,0.064,24.53,5,0.137
L030,oop_concepts,OOP Concepts,0.35,5.0,0.346,19.47,5,0.376
L003,ml_fundamentals,ML Fundamentals,0.5,10.0,0.046,20.7,1,0.175
L028,neural_networks,Neural Networks,0.6,9.0,0.0,19.44,2,0.009
L021,neural_networks,Neural Networks,0.6,6.0,0.337,16.85,4,0.358
L012,dbms_normalization,DBMS Normalization,0.7,20.0,0.013,16.19,3,0.0
L008,data_structures,Data Structures,0.4,4.0,0.391,11.41,3,0.552
L040,neural_networks,Neural Networks,0.6,11.0,0.196,14.7,4,0.102
L011,data_structures,Data Structures,0.4,13.0,0.075,22.03,1,0.177
L020,computer_networks,Computer Networks,0.55,6.0,0.149,18.84,4,0.137
L017,ml_fundamentals,ML Fundamentals,0.5,9.0,0.072,17.47,4,0.17
L032,computer_networks,Computer Networks,0.55,13.0,0.02,19.44,4,0.029
L005,oop_concepts,OOP Concepts,0.35,19.0,0.0,16.96,4,0.046
L013,computer_networks,Computer Networks,0.55,17.0,0.071,24.53,1,0.133
L028,software_engineering,Software Engineering,0.4,12.0,0.02,18.29,4,0.06
L004,computer_architecture,Computer Architecture,0.5,10.0,0.112,20.63,2,0.083
L017,neural_networks,Neural Networks,0.6,21.0,0.0,20.78,1,0.0
L040,oop_concepts,OOP Concepts,0.35,17.0,0.027,20.63,5,0.0
L013,computer_architecture,Computer Architecture,0.5,3.0,0.36,20.64,1,0.629
L023,algorithm_design,Algorithm Design,0.5,14.0,0.046,26.15,1,0.044
L010,neural_networks,Neural Networks,0.6,11.0,0.0,14.78,4,0.0
L021,oop_concepts,OOP Concepts,0.35,14.0,0.027,20.55,4,0.184
L026,computer_networks,Computer Networks,0.55,17.0,0.008,21.04,3,0.0
L018,algorithm_design,Algorithm Design,0.5,20.0,0.0,29.56,4,0.0
L012,discrete_mathematics,Discrete Mathematics,0.55,2.0,0.321,10.63,3,0.655
L007,oop_concepts,OOP Concepts,0.35,4.0,0.454,14.41,5,0.578
L028,computer_networks,Computer Networks,0.55,0.0,0.679,6.65,4,0.992
L038,discrete_mathematics,Discrete Mathematics,0.55,13.0,0.0,22.8,4,0.113
L013,discrete_mathematics,Discrete Mathematics,0.55,13.0,0.015,24.02,3,0.0
L007,discrete_mathematics,Discrete Mathematics,0.55,19.0,0.135,21.01,2,0.032
L032,operating_systems,Operating Systems,0.6,14.0,0.078,18.09,1,0.009
L037,computer_networks,Computer Networks,0.55,19.0,0.121,17.27,2,0.051
L002,software_engineering,Software Engineering,0.4,9.0,0.194,15.81,2,0.194
L009,dbms_normalization,DBMS Normalization,0.7,0.0,0.537,9.36,3,0.944
L016,neural_networks,Neural Networks,0.6,2.0,0.546,12.1,3,0.776
L014,computer_networks,Computer Networks,0.55,12.0,0.0,25.73,3,0.047
L036,computer_networks,Computer Networks,0.55,14.0,0.0,22.6,1,0.035
L007,neural_networks,Neural Networks,0.6,17.0,0.114,21.47,4,0.0
L017,software_engineering,Software Engineering,0.4,11.0,0.158,13.72,2,0.177
L038,oop_concepts,OOP Concepts,0.35,19.0,0.0,22.17,5,0.125
L017,probability_and_statistics,Probability & Statistics,0.65,0.0,0.721,8.48,4,1.0
L036,algorithm_design,Algorithm Design,0.5,6.0,0.365,18.25,5,0.433
L030,oop_concepts,OOP Concepts,0.35,13.0,0.0,16.78,1,0.212
L025,computer_networks,Computer Networks,0.55,18.0,0.0,29.92,5,0.0
L002,algorithm_design,Algorithm Design,0.5,5.0,0.33,21.63,2,0.213
L005,dbms_normalization,DBMS Normalization,0.7,18.0,0.0,16.88,2,0.0
L008,neural_networks,Neural Networks,0.6,7.0,0.057,23.14,3,0.075
L007,operating_systems,Operating Systems,0.6,13.0,0.0,22.98,4,0.002
L031,neural_networks,Neural Networks,0.6,6.0,0.138,24.64,2,0.1
L037,operating_systems,Operating Systems,0.6,11.0,0.033,27.97,1,0.038
L009,algorithm_design,Algorithm Design,0.5,19.0,0.049,29.04,4,0.081
L002,computer_architecture,Computer Architecture,0.5,0.0,0.685,11.6,3,1.0
L026,ml_fundamentals,ML Fundamentals,0.5,3.0,0.367,19.25,1,0.543
L040,neural_networks,Neural Networks,0.6,2.0,0.468,16.66,2,0.652
L037,neural_networks,Neural Networks,0.6,6.0,0.093,15.89,4,0.368
L035,oop_concepts,OOP Concepts,0.35,2.0,0.577,16.44,5,0.816
L039,oop_concepts,OOP Concepts,0.35,1.0,0.642,10.67,2,0.794
L027,dbms_normalization,DBMS Normalization,0.7,0.0,0.773,11.04,1,0.929
L036,algorithm_design,Algorithm Design,0.5,1.0,0.65,13.45,4,0.866
L017,oop_concepts,OOP Concepts,0.35,18.0,0.1,20.51,4,0.152
L009,computer_networks,Computer Networks,0.55,4.0,0.394,10.54,2,0.404
L019,computer_architecture,Computer Architecture,0.5,16.0,0.08,23.97,2,0.135
L038,data_structures,Data Structures,0.4,11.0,0.086,16.64,4,0.045
L008,data_structures,Data Structures,0.4,10.0,0.17,15.84,3,0.081
L031,computer_architecture,Computer Architecture,0.5,4.0,0.302,16.76,4,0.355
L029,ml_fundamentals,ML Fundamentals,0.5,17.0,0.0,20.49,5,0.017
L019,neural_networks,Neural Networks,0.6,19.0,0.012,26.65,5,0.051
L008,ml_fundamentals,ML Fundamentals,0.5,16.0,0.228,18.67,5,0.0
L040,neural_networks,Neural Networks,0.6,20.0,0.0,16.89,4,0.044
L004,discrete_mathematics,Discrete Mathematics,0.55,6.0,0.175,20.7,3,0.197
L035,computer_architecture,Computer Architecture,0.5,16.0,0.231,16.51,4,0.0
L016,probability_and_statistics,Probability & Statistics,0.65,17.0,0.098,29.2,3,0.089
L018,computer_architecture,Computer Architecture,0.5,16.0,0.062,18.28,4,0.089
L016,dbms_normalization,DBMS Normalization,0.7,17.0,0.0,19.72,2,0.02
L008,ml_fundamentals,ML Fundamentals,0.5,15.0,0.277,18.36,2,0.024
L040,oop_concepts,OOP Concepts,0.35,14.0,0.259,16.44,5,0.157
L023,ml_fundamentals,ML Fundamentals,0.5,11.0,0.017,21.37,1,0.0
L027,computer_networks,Computer Networks,0.55,8.0,0.316,12.59,5,0.191
L025,computer_networks,Computer Networks,0.55,6.0,0.0,18.5,5,0.219
L004,oop_concepts,OOP Concepts,0.35,5.0,0.37,21.75,1,0.697
L002,discrete_mathematics,Discrete Mathematics,0.55,20.0,0.15,22.26,2,0.053
L022,probability_and_statistics,Probability & Statistics,0.65,4.0,0.139,18.43,3,0.362
L006,operating_systems,Operating Systems,0.6,17.0,0.0,21.26,5,0.069
L028,software_engineering,Software Engineering,0.4,6.0,0.076,18.4,1,0.342
L024,neural_networks,Neural Networks,0.6,13.0,0.0,18.26,1,0.0
L031,discrete_mathematics,Discrete Mathematics,0.55,10.0,0.0,23.59,3,0.113
L009,oop_concepts,OOP Concepts,0.35,14.0,0.04,18.35,5,0.029
L034,data_structures,Data Structures,0.4,21.0,0.063,20.57,5,0.047
L011,discrete_mathematics,Discrete Mathematics,0.55,0.0,0.678,12.84,4,0.909
L029,probability_and_statistics,Probability & Statistics,0.65,17.0,0.311,22.7,2,0.004
L027,operating_systems,Operating Systems,0.6,10.0,0.11,14.5,4,0.261
L040,probability_and_statistics,Probability & Statistics,0.65,0.0,0.757,13.9,1,0.868
L012,dbms_normalization,DBMS Normalization,0.7,21.0,0.006,16.54,2,0.0
L022,neural_networks,Neural Networks,0.6,15.0,0.172,19.8,5,0.0
L026,discrete_mathematics,Discrete Mathematics,0.55,1.0,0.449,14.81,1,0.772
L017,software_engineering,Software Engineering,0.4,15.0,0.0,22.33,4,0.134
L024,data_structures,Data Structures,0.4,15.0,0.12,19.68,4,0.135
L018,algorithm_design,Algorithm Design,0.5,14.0,0.0,14.97,1,0.115
L001,probability_and_statistics,Probability & Statistics,0.65,17.0,0.187,26.29,4,0.019
L014,probability_and_statistics,Probability & Statistics,0.65,16.0,0.128,26.58,5,0.0
L002,discrete_mathematics,Discrete Mathematics,0.55,12.0,0.147,21.95,2,0.186
L040,computer_networks,Computer Networks,0.55,10.0,0.033,19.95,1,0.007
L030,computer_networks,Computer Networks,0.55,6.0,0.016,21.15,1,0.004
L011,software_engineering,Software Engineering,0.4,10.0,0.143,29.76,5,0.184
L029,software_engineering,Software Engineering,0.4,1.0,0.503,11.51,4,0.774
L013,computer_architecture,Computer Architecture,0.5,8.0,0.235,22.44,4,0.278
L020,data_structures,Data Structures,0.4,7.0,0.171,21.19,5,0.267
L013,computer_architecture,Computer Architecture,0.5,7.0,0.197,17.35,4,0.452
L004,algorithm_design,Algorithm Design,0.5,6.0,0.1,20.88,5,0.285
L021,operating_systems,Operating Systems,0.6,19.0,0.074,26.29,4,0.012
L032,ml_fundamentals,ML Fundamentals,0.5,15.0,0.115,27.63,3,0.0
L008,algorithm_design,Algorithm Design,0.5,7.0,0.03,18.67,1,0.204
L015,neural_networks,Neural Networks,0.6,7.0,0.17,22.92,5,0.187
L027,computer_architecture,Computer Architecture,0.5,13.0,0.058,18.37,4,0.0
L015,neural_networks,Neural Networks,0.6,12.0,0.02,11.13,2,0.0
L019,operating_systems,Operating Systems,0.6,13.0,0.059,21.39,3,0.098
L001,discrete_mathematics,Discrete Mathematics,0.55,13.0,0.0,19.13,2,0.13
L007,discrete_mathematics,Discrete Mathematics,0.55,0.0,0.68,16.98,3,0.878
L035,computer_networks,Computer Networks,0.55,4.0,0.151,18.26,3,0.341
L015,neural_networks,Neural Networks,0.6,2.0,0.45,25.64,1,0.779
L035,oop_concepts,OOP Concepts,0.35,12.0,0.143,18.43,1,0.157
L027,computer_architecture,Computer Architecture,0.5,16.0,0.129,15.7,5,0.0
L019,computer_architecture,Computer Architecture,0.5,20.0,0.107,24.42,5,0.208
L025,computer_architecture,Computer Architecture,0.5,7.0,0.123,17.71,5,0.187
L030,operating_systems,Operating Systems,0.6,14.0,0.0,22.61,1,0.028
L003,software_engineering,Software Engineering,0.4,0.0,0.675,15.83,4,0.953
L030,software_engineering,Software Engineering,0.4,13.0,0.159,16.13,2,0.113
L001,dbms_normalization,DBMS Normalization,0.7,15.0,0.017,22.48,3,0.019
L036,neural_networks,Neural Networks,0.6,21.0,0.051,23.59,2,0.035
L038,computer_architecture,Computer Architecture,0.5,20.0,0.049,20.93,5,0.0
L017,ml_fundamentals,ML Fundamentals,0.5,2.0,0.498,14.81,1,0.514
L024,oop_concepts,OOP Concepts,0.35,1.0,0.672,13.17,5,0.724
L032,data_structures,Data Structures,0.4,19.0,0.0,14.25,3,0.108
L033,operating_systems,Operating Systems,0.6,10.0,0.037,19.26,4,0.009
L017,neural_networks,Neural Networks,0.6,20.0,0.0,25.53,5,0.0
L035,operating_systems,Operating Systems,0.6,13.0,0.0,27.19,5,0.066
L007,neural_networks,Neural Networks,0.6,15.0,0.109,23.19,2,0.0
L031,computer_architecture,Computer Architecture,0.5,10.0,0.127,30.41,5,0.043
L034,dbms_normalization,DBMS Normalization,0.7,19.0,0.02,29.19,5,0.0
L032,probability_and_statistics,Probability & Statistics,0.65,1.0,0.443,6.49,3,0.782
L007,dbms_normalization,DBMS Normalization,0.7,2.0,0.346,14.6,3,0.465
L038,data_structures,Data Structures,0.4,10.0,0.0,18.91,2,0.229
L020,operating_systems,Operating Systems,0.6,21.0,0.0,19.92,3,0.0
L003,neural_networks,Neural Networks,0.6,16.0,0.16,21.78,4,0.0
L028,ml_fundamentals,ML Fundamentals,0.5,5.0,0.238,20.02,2,0.41
L002,data_structures,Data Structures,0.4,7.0,0.274,26.19,3,0.314
L015,algorithm_design,Algorithm Design,0.5,21.0,0.053,20.69,4,0.0
L028,probability_and_statistics,Probability & Statistics,0.65,11.0,0.144,18.0,2,0.061
L002,oop_concepts,OOP Concepts,0.35,8.0,0.21,19.96,5,0.331
L029,probability_and_statistics,Probability & Statistics,0.65,15.0,0.211,19.15,3,0.07
L004,probability_and_statistics,Probability & Statistics,0.65,8.0,0.161,21.24,4,0.123
L001,probability_and_statistics,Probability & Statistics,0.65,7.0,0.397,13.91,4,0.33
L023,probability_and_statistics,Probability & Statistics,0.65,6.0,0.098,16.76,4,0.196
L024,probability_and_statistics,Probability & Statistics,0.65,3.0,0.414,18.05,2,0.439
L034,operating_systems,Operating Systems,0.6,2.0,0.449,19.63,3,0.533
L017,software_engineering,Software Engineering,0.4,6.0,0.28,16.37,5,0.484
L029,computer_networks,Computer Networks,0.55,17.0,0.081,22.61,5,0.031
L029,algorithm_design,Algorithm Design,0.5,14.0,0.043,20.0,3,0.026
L026,operating_systems,Operating Systems,0.6,1.0,0.566,4.29,1,0.838
L005,ml_fundamentals,ML Fundamentals,0.5,3.0,0.464,10.48,1,0.534
L027,algorithm_design,Algorithm Design,0.5,2.0,0.52,19.15,1,0.61
L032,ml_fundamentals,ML Fundamentals,0.5,7.0,0.201,24.83,1,0.214
L033,dbms_normalization,DBMS Normalization,0.7,14.0,0.0,14.91,5,0.0
L026,neural_networks,Neural Networks,0.6,2.0,0.475,9.88,1,0.599
L028,algorithm_design,Algorithm Design,0.5,7.0,0.15,24.35,4,0.196
L018,neural_networks,Neural Networks,0.6,4.0,0.393,18.24,5,0.372
L020,dbms_normalization,DBMS Normalization,0.7,8.0,0.102,16.73,3,0.123
L024,dbms_normalization,DBMS Normalization,0.7,4.0,0.057,22.01,1,0.19
L038,probability_and_statistics,Probability & Statistics,0.65,12.0,0.051,28.78,1,0.055
L006,computer_architecture,Computer Architecture,0.5,16.0,0.0,18.41,4,0.0
L033,data_structures,Data Structures,0.4,21.0,0.127,21.02,2,0.028
L023,operating_systems,Operating Systems,0.6,1.0,0.489,12.14,4,0.64
L023,algorithm_design,Algorithm Design,0.5,18.0,0.132,22.73,4,0.035
L023,algorithm_design,Algorithm Design,0.5,5.0,0.155,21.57,4,0.374
L012,oop_concepts,OOP Concepts,0.35,11.0,0.118,28.82,1,0.131
L020,neural_networks,Neural Networks,0.6,14.0,0.002,14.97,4,0.037
L036,dbms_normalization,DBMS Normalization,0.7,16.0,0.023,19.43,5,0.0
L022,operating_systems,Operating Systems,0.6,11.0,0.0,15.74,4,0.038
L023,neural_networks,Neural Networks,0.6,10.0,0.0,27.73,1,0.002
L031,ml_fundamentals,ML Fundamentals,0.5,7.0,0.192,21.59,1,0.287
L018,discrete_mathematics,Discrete Mathematics,0.55,7.0,0.24,17.41,4,0.25
L036,ml_fundamentals,ML Fundamentals,0.5,9.0,0.0,27.08,5,0.145
L021,computer_architecture,Computer Architecture,0.5,11.0,0.0,23.63,1,0.171
L028,neural_networks,Neural Networks,0.6,21.0,0.0,20.1,1,0.071
L009,algorithm_design,Algorithm Design,0.5,18.0,0.026,22.73,2,0.013
L018,operating_systems,Operating Systems,0.6,11.0,0.113,27.45,5,0.07
L034,software_engineering,Software Engineering,0.4,11.0,0.326,21.73,4,0.352
L025,computer_architecture,Computer Architecture,0.5,0.0,0.754,17.71,2,0.935
L008,ml_fundamentals,ML Fundamentals,0.5,4.0,0.066,19.2,4,0.368
L002,dbms_normalization,DBMS Normalization,0.7,10.0,0.028,23.09,4,0.0
L011,ml_fundamentals,ML Fundamentals,0.5,6.0,0.207,22.39,3,0.311
L024,discrete_mathematics,Discrete Mathematics,0.55,11.0,0.0,29.21,4,0.0
L018,operating_systems,Operating Systems,0.6,12.0,0.0,23.86,1,0.166
L028,neural_networks,Neural Networks,0.6,2.0,0.461,6.81,2,0.712
L003,oop_concepts,OOP Concepts,0.35,1.0,0.525,15.17,5,0.83
L018,discrete_mathematics,Discrete Mathematics,0.55,8.0,0.192,22.5,1,0.165
L016,computer_networks,Computer Networks,0.55,16.0,0.07,20.82,5,0.101
L027,neural_networks,Neural Networks,0.6,6.0,0.209,17.57,2,0.295
L024,discrete_mathematics,Discrete Mathematics,0.55,19.0,0.128,15.09,1,0.0
L040,computer_networks,Computer Networks,0.55,2.0,0.621,8.45,5,0.765
L019,computer_networks,Computer Networks,0.55,3.0,0.301,11.02,5,0.551
L010,computer_networks,Computer Networks,0.55,20.0,0.121,24.78,4,0.0
L025,computer_networks,Computer Networks,0.55,20.0,0.287,19.25,4,0.0
L021,oop_concepts,OOP Concepts,0.35,8.0,0.108,23.79,2,0.337
L028,data_structures,Data Structures,0.4,2.0,0.43,23.61,3,0.704
L038,operating_systems,Operating Systems,0.6,18.0,0.0,15.0,4,0.076
L021,oop_concepts,OOP Concepts,0.35,19.0,0.0,25.97,4,0.201
L014,data_structures,Data Structures,0.4,6.0,0.219,11.3,5,0.308
L009,algorithm_design,Algorithm Design,0.5,1.0,0.682,9.34,3,0.853
L002,data_structures,Data Structures,0.4,16.0,0.029,22.54,5,0.106
L038,dbms_normalization,DBMS Normalization,0.7,15.0,0.22,27.77,5,0.0
L017,oop_concepts,OOP Concepts,0.35,16.0,0.182,21.67,4,0.212
L012,software_engineering,Software Engineering,0.4,9.0,0.116,18.73,4,0.082
L027,dbms_normalization,DBMS Normalization,0.7,4.0,0.19,12.91,2,0.233
L021,neural_networks,Neural Networks,0.6,10.0,0.054,14.98,2,0.142
L040,data_structures,Data Structures,0.4,10.0,0.142,19.92,5,0.264
L019,algorithm_design,Algorithm Design,0.5,18.0,0.0,21.2,5,0.083
L031,operating_systems,Operating Systems,0.6,10.0,0.244,23.22,4,0.0
L016,dbms_normalization,DBMS Normalization,0.7,14.0,0.0,22.0,5,0.0
L027,data_structures,Data Structures,0.4,3.0,0.439,16.09,1,0.53
L010,probability_and_statistics,Probability & Statistics,0.65,8.0,0.131,22.75,5,0.152
L028,dbms_normalization,DBMS Normalization,0.7,2.0,0.326,11.83,1,0.468
L028,dbms_normalization,DBMS Normalization,0.7,1.0,0.557,7.69,1,0.831
L038,computer_networks,Computer Networks,0.55,21.0,0.0,26.74,5,0.135
L002,ml_fundamentals,ML Fundamentals,0.5,16.0,0.093,18.23,1,0.0
L002,computer_networks,Computer Networks,0.55,10.0,0.087,20.01,5,0.166
L030,ml_fundamentals,ML Fundamentals,0.5,7.0,0.172,17.44,3,0.326
L033,computer_networks,Computer Networks,0.55,14.0,0.037,17.22,2,0.05
L025,algorithm_design,Algorithm Design,0.5,19.0,0.0,26.28,4,0.028
L035,algorithm_design,Algorithm Design,0.5,2.0,0.39,13.92,4,0.482
L037,dbms_normalization,DBMS Normalization,0.7,8.0,0.108,15.57,4,0.044
L004,operating_systems,Operating Systems,0.6,14.0,0.031,20.42,5,0.045
L023,data_structures,Data Structures,0.4,0.0,0.537,13.89,2,0.973
L027,discrete_mathematics,Discrete Mathematics,0.55,13.0,0.134,21.02,1,0.018
L031,oop_concepts,OOP Concepts,0.35,21.0,0.044,18.73,4,0.076
L035,computer_architecture,Computer Architecture,0.5,17.0,0.03,12.28,5,0.0
L011,computer_architecture,Computer Architecture,0.5,4.0,0.338,15.83,5,0.572
L012,data_structures,Data Structures,0.4,17.0,0.035,19.45,3,0.08
L036,computer_architecture,Computer Architecture,0.5,4.0,0.283,16.56,4,0.449
L031,algorithm_design,Algorithm Design,0.5,10.0,0.225,24.2,1,0.227
L018,software_engineering,Software Engineering,0.4,1.0,0.464,15.26,1,0.789
L005,discrete_mathematics,Discrete Mathematics,0.55,21.0,0.0,24.17,1,0.0
L006,oop_concepts,OOP Concepts,0.35,21.0,0.0,26.22,1,0.012
L006,data_structures,Data Structures,0.4,16.0,0.14,30.56,1,0.0
L011,neural_networks,Neural Networks,0.6,16.0,0.0,19.16,4,0.0
L018,oop_concepts,OOP Concepts,0.35,13.0,0.015,20.13,1,0.143
L036,computer_networks,Computer Networks,0.55,0.0,0.654,13.48,4,0.948
L015,computer_architecture,Computer Architecture,0.5,18.0,0.223,21.52,2,0.0
L026,dbms_normalization,DBMS Normalization,0.7,7.0,0.015,27.03,4,0.0
L030,software_engineering,Software Engineering,0.4,11.0,0.206,27.23,4,0.148
L001,dbms_normalization,DBMS Normalization,0.7,2.0,0.291,17.89,2,0.682
L019,operating_systems,Operating Systems,0.6,20.0,0.0,17.2,5,0.0
L004,discrete_mathematics,Discrete Mathematics,0.55,19.0,0.089,28.33,2,0.029
L017,oop_concepts,OOP Concepts,0.35,0.0,0.837,5.82,5,1.0
L037,computer_networks,Computer Networks,0.55,12.0,0.132,22.42,5,0.0
L006,software_engineering,Software Engineering,0.4,5.0,0.235,17.06,2,0.491
L017,data_structures,Data Structures,0.4,12.0,0.0,22.18,4,0.18
L003,software_engineering,Software Engineering,0.4,0.0,0.581,16.31,3,0.934
L005,neural_networks,Neural Networks,0.6,18.0,0.0,22.04,2,0.052
L012,probability_and_statistics,Probability & Statistics,0.65,7.0,0.121,21.95,4,0.221
L038,operating_systems,Operating Systems,0.6,13.0,0.04,27.87,5,0.103
L007,software_engineering,Software Engineering,0.4,21.0,0.034,23.28,3,0.0
L036,neural_networks,Neural Networks,0.6,13.0,0.052,19.76,2,0.021
L016,software_engineering,Software Engineering,0.4,6.0,0.272,18.39,5,0.3
L006,discrete_mathematics,Discrete Mathematics,0.55,12.0,0.0,18.28,1,0.0
L022,dbms_normalization,DBMS Normalization,0.7,18.0,0.0,18.56,1,0.044
L019,data_structures,Data Structures,0.4,21.0,0.187,19.85,5,0.045
L036,discrete_mathematics,Discrete Mathematics,0.55,18.0,0.148,19.47,5,0.0
L040,ml_fundamentals,ML Fundamentals,0.5,5.0,0.27,21.96,2,0.269
L035,operating_systems,Operating Systems,0.6,3.0,0.287,11.7,5,0.458
L020,computer_networks,Computer Networks,0.55,20.0,0.005,26.82,4,0.06
L003,data_structures,Data Structures,0.4,4.0,0.387,13.81,4,0.54
L020,ml_fundamentals,ML Fundamentals,0.5,7.0,0.102,15.96,2,0.063
L009,software_engineering,Software Engineering,0.4,4.0,0.384,26.83,3,0.603
L018,software_engineering,Software Engineering,0.4,12.0,0.059,15.2,4,0.038
L032,probability_and_statistics,Probability & Statistics,0.65,14.0,0.082,25.15,5,0.0
L012,neural_networks,Neural Networks,0.6,17.0,0.0,14.1,1,0.06
L039,software_engineering,Software Engineering,0.4,21.0,0.012,21.82,1,0.157
L040,operating_systems,Operating Systems,0.6,6.0,0.098,18.68,5,0.312
L013,discrete_mathematics,Discrete Mathematics,0.55,1.0,0.511,21.64,1,0.822
L037,probability_and_statistics,Probability & Statistics,0.65,19.0,0.0,17.75,1,0.008
L032,computer_networks,Computer Networks,0.55,12.0,0.0,13.59,5,0.156
L039,computer_architecture,Computer Architecture,0.5,21.0,0.0,21.92,4,0.081
L022,discrete_mathematics,Discrete Mathematics,0.55,12.0,0.0,14.8,2,0.0
L010,algorithm_design,Algorithm Design,0.5,2.0,0.668,8.64,1,0.664
L040,algorithm_design,Algorithm Design,0.5,7.0,0.266,11.73,2,0.105
L040,dbms_normalization,DBMS Normalization,0.7,7.0,0.179,24.45,1,0.141
L024,operating_systems,Operating Systems,0.6,17.0,0.136,24.01,1,0.0
L030,dbms_normalization,DBMS Normalization,0.7,7.0,0.107,18.83,5,0.186
L009,probability_and_statistics,Probability & Statistics,0.65,14.0,0.0,15.41,3,0.026
L031,data_structures,Data Structures,0.4,17.0,0.064,24.79,4,0.108
L028,algorithm_design,Algorithm Design,0.5,7.0,0.0,21.47,5,0.226
L034,algorithm_design,Algorithm Design,0.5,4.0,0.413,22.95,5,0.423
L023,discrete_mathematics,Discrete Mathematics,0.55,11.0,0.094,23.73,2,0.211
L026,oop_concepts,OOP Concepts,0.35,20.0,0.227,23.12,2,0.055
L035,computer_networks,Computer Networks,0.55,19.0,0.102,21.36,5,0.201
L010,oop_concepts,OOP Concepts,0.35,6.0,0.278,19.64,1,0.473
L011,discrete_mathematics,Discrete Mathematics,0.55,16.0,0.074,24.04,3,0.043
L028,ml_fundamentals,ML Fundamentals,0.5,6.0,0.179,20.6,2,0.362
L005,ml_fundamentals,ML Fundamentals,0.5,7.0,0.137,22.16,1,0.237
L003,probability_and_statistics,Probability & Statistics,0.65,9.0,0.181,19.69,1,0.19
L031,algorithm_design,Algorithm Design,0.5,19.0,0.065,20.16,2,0.081
L005,operating_systems,Operating Systems,0.6,2.0,0.381,23.01,2,0.529
L040,oop_concepts,OOP Concepts,0.35,7.0,0.134,19.77,4,0.173
L037,probability_and_statistics,Probability & Statistics,0.65,0.0,0.678,17.2,4,0.999
L013,dbms_normalization,DBMS Normalization,0.7,12.0,0.103,19.86,3,0.027
L039,ml_fundamentals,ML Fundamentals,0.5,4.0,0.406,14.78,5,0.416
L025,operating_systems,Operating Systems,0.6,8.0,0.0,24.17,5,0.062
L027,discrete_mathematics,Discrete Mathematics,0.55,2.0,0.405,24.06,2,0.721
L034,dbms_normalization,DBMS Normalization,0.7,15.0,0.0,20.42,2,0.029
L037,operating_systems,Operating Systems,0.6,12.0,0.112,21.49,5,0.076
L019,computer_networks,Computer Networks,0.55,10.0,0.028,20.37,3,0.086
L004,computer_architecture,Computer Architecture,0.5,11.0,0.0,22.19,3,0.0
L015,operating_systems,Operating Systems,0.6,6.0,0.114,20.53,3,0.115
L027,computer_architecture,Computer Architecture,0.5,0.0,0.806,18.65,3,0.954
L038,algorithm_design,Algorithm Design,0.5,19.0,0.138,25.47,3,0.129
L037,discrete_mathematics,Discrete Mathematics,0.55,9.0,0.0,23.98,2,0.049
L029,data_structures,Data Structures,0.4,18.0,0.081,25.25,3,0.088
L015,probability_and_statistics,Probability & Statistics,0.65,4.0,0.0,25.87,2,0.07
L015,oop_concepts,OOP Concepts,0.35,12.0,0.033,17.91,5,0.092
L005,ml_fundamentals,ML Fundamentals,0.5,5.0,0.222,22.93,3,0.261
L013,discrete_mathematics,Discrete Mathematics,0.55,3.0,0.34,15.77,2,0.552
L006,computer_architecture,Computer Architecture,0.5,2.0,0.659,15.77,4,0.721
L025,ml_fundamentals,ML Fundamentals,0.5,0.0,0.795,14.15,2,0.941
L010,data_structures,Data Structures,0.4,9.0,0.255,17.84,5,0.421
L024,software_engineering,Software Engineering,0.4,15.0,0.07,26.57,4,0.082
L031,neural_networks,Neural Networks,0.6,7.0,0.312,13.47,3,0.167
L004,computer_networks,Computer Networks,0.55,5.0,0.363,14.51,2,0.326
L007,discrete_mathematics,Discrete Mathematics,0.55,2.0,0.281,13.39,3,0.594
L001,computer_architecture,Computer Architecture,0.5,17.0,0.114,18.46,3,0.0
L006,computer_networks,Computer Networks,0.55,21.0,0.211,22.31,3,0.095
L016,software_engineering,Software Engineering,0.4,12.0,0.151,21.43,3,0.065
L019,neural_networks,Neural Networks,0.6,16.0,0.082,21.04,3,0.159
L029,oop_concepts,OOP Concepts,0.35,12.0,0.182,25.26,3,0.24
L030,data_structures,Data Structures,0.4,7.0,0.266,18.84,3,0.399
L012,software_engineering,Software Engineering,0.4,17.0,0.178,23.49,5,0.097
L021,discrete_mathematics,Discrete Mathematics,0.55,6.0,0.445,22.88,4,0.313
L021,oop_concepts,OOP Concepts,0.35,2.0,0.484,12.78,3,0.589
L036,oop_concepts,OOP Concepts,0.35,5.0,0.364,13.59,3,0.343
L014,discrete_mathematics,Discrete Mathematics,0.55,7.0,0.316,30.16,5,0.442
L019,probability_and_statistics,Probability & Statistics,0.65,0.0,0.737,10.92,2,0.958
L017,algorithm_design,Algorithm Design,0.5,3.0,0.423,15.88,2,0.599
L012,discrete_mathematics,Discrete Mathematics,0.55,20.0,0.143,29.68,3,0.0
L006,oop_concepts,OOP Concepts,0.35,11.0,0.0,21.24,4,0.0
L031,software_engineering,Software Engineering,0.4,3.0,0.623,8.56,2,0.676
L030,software_engineering,Software Engineering,0.4,10.0,0.087,22.94,1,0.328
L022,operating_systems,Operating Systems,0.6,4.0,0.262,17.88,3,0.326
L011,software_engineering,Software Engineering,0.4,5.0,0.385,19.72,2,0.462
L008,operating_systems,Operating Systems,0.6,3.0,0.331,15.67,5,0.452
L038,ml_fundamentals,ML Fundamentals,0.5,6.0,0.301,20.46,2,0.273
L022,ml_fundamentals,ML Fundamentals,0.5,5.0,0.328,21.65,5,0.494
L008,computer_networks,Computer Networks,0.55,13.0,0.165,18.3,2,0.172
L027,probability_and_statistics,Probability & Statistics,0.65,21.0,0.155,26.97,1,0.046
L013,probability_and_statistics,Probability & Statistics,0.65,2.0,0.426,18.94,3,0.381
L032,computer_architecture,Computer Architecture,0.5,17.0,0.0,27.9,3,0.083
L029,data_structures,Data Structures,0.4,20.0,0.06,23.87,4,0.036
L038,software_engineering,Software Engineering,0.4,2.0,0.603,17.57,5,0.702
L027,oop_concepts,OOP Concepts,0.35,4.0,0.452,19.2,1,0.521
L019,computer_networks,Computer Networks,0.55,9.0,0.043,21.15,5,0.118
L032,operating_systems,Operating Systems,0.6,10.0,0.068,17.44,5,0.083
L032,ml_fundamentals,ML Fundamentals,0.5,17.0,0.117,20.2,3,0.0
L037,computer_architecture,Computer Architecture,0.5,6.0,0.244,18.13,4,0.26
L031,discrete_mathematics,Discrete Mathematics,0.55,21.0,0.0,26.99,3,0.029
L018,dbms_normalization,DBMS Normalization,0.7,18.0,0.0,19.73,1,0.084
L040,computer_networks,Computer Networks,0.55,2.0,0.451,17.01,4,0.603
L026,data_structures,Data Structures,0.4,19.0,0.057,22.65,5,0.0
L004,computer_architecture,Computer Architecture,0.5,11.0,0.017,22.04,1,0.151
L009,computer_architecture,Computer Architecture,0.5,9.0,0.206,21.7,2,0.241
L035,probability_and_statistics,Probability & Statistics,0.65,18.0,0.0,22.52,5,0.068
L006,discrete_mathematics,Discrete Mathematics,0.55,20.0,0.0,24.14,3,0.0
L031,algorithm_design,Algorithm Design,0.5,21.0,0.0,23.3,2,0.0
L027,neural_networks,Neural Networks,0.6,12.0,0.0,22.05,4,0.029
L034,discrete_mathematics,Discrete Mathematics,0.55,4.0,0.39,16.79,5,0.616
L003,computer_networks,Computer Networks,0.55,0.0,0.495,3.0,1,1.0
L026,computer_networks,Computer Networks,0.55,4.0,0.149,12.86,5,0.223
L029,operating_systems,Operating Systems,0.6,21.0,0.05,20.63,2,0.026
L033,operating_systems,Operating Systems,0.6,19.0,0.0,21.71,2,0.058
L009,probability_and_statistics,Probability & Statistics,0.65,14.0,0.0,23.56,4,0.0
L018,data_structures,Data Structures,0.4,8.0,0.127,18.01,4,0.278
L035,probability_and_statistics,Probability & Statistics,0.65,21.0,0.0,21.48,4,0.0
L025,ml_fundamentals,ML Fundamentals,0.5,5.0,0.217,18.23,2,0.191
L024,oop_concepts,OOP Concepts,0.35,18.0,0.028,27.28,1,0.101
L010,algorithm_design,Algorithm Design,0.5,8.0,0.174,22.28,1,0.0
L020,discrete_mathematics,Discrete Mathematics,0.55,19.0,0.0,17.93,2,0.034
L010,operating_systems,Operating Systems,0.6,0.0,0.683,11.57,3,1.0
L026,probability_and_statistics,Probability & Statistics,0.65,7.0,0.084,19.46,5,0.17
L012,probability_and_statistics,Probability & Statistics,0.65,14.0,0.096,18.04,1,0.039
L004,computer_architecture,Computer Architecture,0.5,13.0,0.143,16.74,5,0.012
L030,algorithm_design,Algorithm Design,0.5,20.0,0.0,18.86,5,0.011
L032,software_engineering,Software Engineering,0.4,20.0,0.169,21.54,4,0.094
L012,operating_systems,Operating Systems,0.6,17.0,0.0,15.86,2,0.065
L030,data_structures,Data Structures,0.4,9.0,0.009,15.3,1,0.16
L017,neural_networks,Neural Networks,0.6,0.0,0.834,5.6,4,1.0
L038,dbms_normalization,DBMS Normalization,0.7,3.0,0.479,21.07,3,0.5
L035,software_engineering,Software Engineering,0.4,6.0,0.265,15.4,3,0.281
L013,probability_and_statistics,Probability & Statistics,0.65,14.0,0.0,21.24,5,0.033
L026,dbms_normalization,DBMS Normalization,0.7,13.0,0.209,18.55,3,0.0
L039,discrete_mathematics,Discrete Mathematics,0.55,17.0,0.0,21.53,2,0.078
L026,computer_networks,Computer Networks,0.55,9.0,0.0,22.78,5,0.178
L008,probability_and_statistics,Probability & Statistics,0.65,1.0,0.595,15.25,5,0.746
L007,neural_networks,Neural Networks,0.6,14.0,0.0,19.84,2,0.0
L038,neural_networks,Neural Networks,0.6,3.0,0.19,19.09,2,0.524
L009,operating_systems,Operating Systems,0.6,1.0,0.517,11.21,2,0.836
L034,oop_concepts,OOP Concepts,0.35,18.0,0.159,28.34,1,0.017
L022,probability_and_statistics,Probability & Statistics,0.65,14.0,0.176,21.49,4,0.081
L038,operating_systems,Operating Systems,0.6,2.0,0.478,17.69,3,0.81
L035,algorithm_design,Algorithm Design,0.5,21.0,0.124,21.65,1,0.043
L034,dbms_normalization,DBMS Normalization,0.7,2.0,0.433,21.34,4,0.384
L035,software_engineering,Software Engineering,0.4,5.0,0.343,20.31,1,0.444
L021,probability_and_statistics,Probability & Statistics,0.65,13.0,0.128,23.38,1,0.083
L040,dbms_normalization,DBMS Normalization,0.7,6.0,0.191,16.75,5,0.259
L037,data_structures,Data Structures,0.4,12.0,0.322,21.65,5,0.115
L036,algorithm_design,Algorithm Design,0.5,17.0,0.0,20.1,5,0.04
L007,neural_networks,Neural Networks,0.6,1.0,0.472,8.5,4,0.786
L035,software_engineering,Software Engineering,0.4,13.0,0.0,17.44,5,0.094
L025,dbms_normalization,DBMS Normalization,0.7,14.0,0.041,21.16,2,0.004
L023,data_structures,Data Structures,0.4,19.0,0.226,24.72,2,0.07
L030,dbms_normalization,DBMS Normalization,0.7,15.0,0.0,25.91,2,0.073
L011,software_engineering,Software Engineering,0.4,18.0,0.0,17.94,3,0.066
L019,discrete_mathematics,Discrete Mathematics,0.55,1.0,0.531,18.42,3,0.801
L027,probability_and_statistics,Probability & Statistics,0.65,10.0,0.116,23.99,1,0.0
L008,data_structures,Data Structures,0.4,7.0,0.247,18.25,4,0.389
L020,ml_fundamentals,ML Fundamentals,0.5,12.0,0.136,17.08,1,0.202
L009,computer_networks,Computer Networks,0.55,10.0,0.288,21.16,3,0.27
L004,operating_systems,Operating Systems,0.6,1.0,0.677,15.73,5,0.82
L024,computer_networks,Computer Networks,0.55,5.0,0.196,21.06,2,0.371
L012,probability_and_statistics,Probability & Statistics,0.65,1.0,0.669,15.41,1,0.662
L004,neural_networks,Neural Networks,0.6,17.0,0.258,17.93,2,0.0
L027,oop_concepts,OOP Concepts,0.35,6.0,0.175,19.41,4,0.24
L028,data_structures,Data Structures,0.4,5.0,0.365,21.34,2,0.318
L002,neural_networks,Neural Networks,0.6,14.0,0.043,21.31,3,0.0
L005,operating_systems,Operating Systems,0.6,8.0,0.306,25.6,4,0.312
L019,computer_networks,Computer Networks,0.55,8.0,0.034,23.08,5,0.074
L025,software_engineering,Software Engineering,0.4,5.0,0.337,18.42,1,0.536
L001,oop_concepts,OOP Concepts,0.35,14.0,0.163,18.41,2,0.244
L028,software_engineering,Software Engineering,0.4,9.0,0.034,20.62,5,0.181
L001,operating_systems,Operating Systems,0.6,9.0,0.18,22.22,3,0.072
L027,software_engineering,Software Engineering,0.4,13.0,0.117,18.53,5,0.241
L001,algorithm_design,Algorithm Design,0.5,2.0,0.431,14.01,4,0.832
L014,software_engineering,Software Engineering,0.4,3.0,0.378,22.01,4,0.555
L035,dbms_normalization,DBMS Normalization,0.7,10.0,0.031,24.99,5,0.0
L014,algorithm_design,Algorithm Design,0.5,21.0,0.144,17.29,4,0.0
L024,oop_concepts,OOP Concepts,0.35,17.0,0.031,18.94,1,0.04
L019,neural_networks,Neural Networks,0.6,16.0,0.247,14.01,4,0.0
L001,discrete_mathematics,Discrete Mathematics,0.55,0.0,0.712,8.14,1,1.0
L030,discrete_mathematics,Discrete Mathematics,0.55,18.0,0.214,17.38,1,0.075
L012,computer_architecture,Computer Architecture,0.5,7.0,0.089,19.21,3,0.164
L039,discrete_mathematics,Discrete Mathematics,0.55,6.0,0.289,21.27,5,0.244
L012,neural_networks,Neural Networks,0.6,9.0,0.05,26.39,4,0.053
L035,oop_concepts,OOP Concepts,0.35,21.0,0.0,23.34,2,0.028
L037,software_engineering,Software Engineering,0.4,7.0,0.232,20.67,5,0.251
L028,computer_networks,Computer Networks,0.55,21.0,0.0,25.29,5,0.12
L030,discrete_mathematics,Discrete Mathematics,0.55,7.0,0.21,15.56,5,0.172
L033,dbms_normalization,DBMS Normalization,0.7,4.0,0.217,15.7,4,0.241
L036,discrete_mathematics,Discrete Mathematics,0.55,18.0,0.0,27.31,4,0.01
L029,operating_systems,Operating Systems,0.6,12.0,0.11,25.44,3,0.012
L016,software_engineering,Software Engineering,0.4,3.0,0.553,17.7,3,0.602
L007,computer_architecture,Computer Architecture,0.5,19.0,0.098,20.43,4,0.0
L021,data_structures,Data Structures,0.4,2.0,0.541,24.59,4,0.592
L032,computer_networks,Computer Networks,0.55,13.0,0.0,18.3,5,0.0
L013,oop_concepts,OOP Concepts,0.35,2.0,0.386,12.87,3,0.783
L030,dbms_normalization,DBMS Normalization,0.7,1.0,0.441,16.01,3,0.57
L010,algorithm_design,Algorithm Design,0.5,15.0,0.14,22.8,2,0.075
L009,oop_concepts,OOP Concepts,0.35,4.0,0.271,20.93,1,0.558
L011,computer_architecture,Computer Architecture,0.5,20.0,0.073,26.89,2,0.004
L008,operating_systems,Operating Systems,0.6,3.0,0.158,19.72,2,0.31
L014,neural_networks,Neural Networks,0.6,16.0,0.094,22.45,4,0.046
L021,data_structures,Data Structures,0.4,4.0,0.291,18.98,2,0.541
L023,oop_concepts,OOP Concepts,0.35,21.0,0.191,18.81,5,0.0
L039,ml_fundamentals,ML Fundamentals,0.5,18.0,0.04,31.76,4,0.0
L039,computer_networks,Computer Networks,0.55,21.0,0.0,21.67,4,0.034
L010,dbms_normalization,DBMS Normalization,0.7,0.0,0.627,10.57,4,1.0
L026,algorithm_design,Algorithm Design,0.5,10.0,0.17,19.16,4,0.247
L030,neural_networks,Neural Networks,0.6,7.0,0.137,19.99,4,0.145
L010,discrete_mathematics,Discrete Mathematics,0.55,5.0,0.105,21.29,4,0.315
L015,computer_architecture,Computer Architecture,0.5,1.0,0.63,9.96,5,0.828
L033,operating_systems,Operating Systems,0.6,4.0,0.269,18.46,1,0.392
L009,computer_architecture,Computer Architecture,0.5,12.0,0.021,25.54,2,0.244
L006,operating_systems,Operating Systems,0.6,9.0,0.137,21.24,4,0.0
L007,software_engineering,Software Engineering,0.4,11.0,0.235,16.26,5,0.315
L030,operating_systems,Operating Systems,0.6,3.0,0.222,22.26,1,0.608
L002,algorithm_design,Algorithm Design,0.5,14.0,0.0,19.98,1,0.106
L024,software_engineering,Software Engineering,0.4,5.0,0.304,15.81,2,0.527
L013,probability_and_statistics,Probability & Statistics,0.65,11.0,0.0,22.64,2,0.0
L014,operating_systems,Operating Systems,0.6,6.0,0.16,16.79,4,0.103
L033,operating_systems,Operating Systems,0.6,21.0,0.004,19.55,2,0.0
L039,data_structures,Data Structures,0.4,12.0,0.008,16.59,2,0.199
L028,operating_systems,Operating Systems,0.6,11.0,0.0,20.06,5,0.07
L029,algorithm_design,Algorithm Design,0.5,3.0,0.41,20.76,4,0.555
L031,ml_fundamentals,ML Fundamentals,0.5,17.0,0.178,20.91,3,0.113
L028,algorithm_design,Algorithm Design,0.5,11.0,0.0,18.6,2,0.134
L012,ml_fundamentals,ML Fundamentals,0.5,14.0,0.131,22.97,1,0.009
L028,algorithm_design,Algorithm Design,0.5,7.0,0.245,20.79,2,0.217
L034,algorithm_design,Algorithm Design,0.5,6.0,0.341,17.04,5,0.449
L008,computer_networks,Computer Networks,0.55,13.0,0.0,18.56,4,0.0
L014,operating_systems,Operating Systems,0.6,14.0,0.265,21.77,4,0.128
L032,software_engineering,Software Engineering,0.4,2.0,0.392,16.63,1,0.624
L032,computer_networks,Computer Networks,0.55,9.0,0.066,23.36,4,0.192
L029,software_engineering,Software Engineering,0.4,2.0,0.368,20.55,2,0.703
L039,computer_architecture,Computer Architecture,0.5,10.0,0.171,14.56,2,0.263
L015,ml_fundamentals,ML Fundamentals,0.5,12.0,0.009,17.94,4,0.118
L025,computer_networks,Computer Networks,0.55,10.0,0.197,18.53,4,0.119
L024,discrete_mathematics,Discrete Mathematics,0.55,3.0,0.402,13.93,1,0.581
L008,algorithm_design,Algorithm Design,0.5,3.0,0.467,23.27,2,0.462
L002,probability_and_statistics,Probability & Statistics,0.65,1.0,0.273,19.51,1,0.771
L015,neural_networks,Neural Networks,0.6,5.0,0.313,12.53,5,0.349
L020,computer_networks,Computer Networks,0.55,19.0,0.0,19.91,3,0.052
L017,computer_architecture,Computer Architecture,0.5,4.0,0.47,22.86,1,0.594
L020,ml_fundamentals,ML Fundamentals,0.5,2.0,0.509,21.09,3,0.585
L004,operating_systems,Operating Systems,0.6,16.0,0.051,23.27,4,0.053
L005,computer_architecture,Computer Architecture,0.5,19.0,0.046,23.29,5,0.073
L035,computer_architecture,Computer Architecture,0.5,10.0,0.058,12.84,3,0.26
L039,computer_networks,Computer Networks,0.55,13.0,0.109,21.53,4,0.0
L017,algorithm_design,Algorithm Design,0.5,5.0,0.249,22.8,2,0.0
L018,computer_architecture,Computer Architecture,0.5,15.0,0.0,20.81,5,0.104
L033,computer_architecture,Computer Architecture,0.5,14.0,0.14,18.4,4,0.007
L011,oop_concepts,OOP Concepts,0.35,3.0,0.455,16.84,2,0.437
L023,ml_fundamentals,ML Fundamentals,0.5,14.0,0.008,31.1,4,0.049
L032,data_structures,Data Structures,0.4,14.0,0.06,15.58,2,0.024
L040,data_structures,Data Structures,0.4,18.0,0.0,18.35,3,0.009
L027,computer_networks,Computer Networks,0.55,15.0,0.0,26.21,1,0.116
L036,ml_fundamentals,ML Fundamentals,0.5,4.0,0.323,21.3,3,0.514
L032,probability_and_statistics,Probability & Statistics,0.65,10.0,0.05,22.16,2,0.032
L030,computer_architecture,Computer Architecture,0.5,1.0,0.528,11.3,2,0.747
L017,data_structures,Data Structures,0.4,3.0,0.59,13.98,1,0.563
L009,software_engineering,Software Engineering,0.4,18.0,0.0,22.51,2,0.149
L022,software_engineering,Software Engineering,0.4,2.0,0.419,13.8,3,0.753
L023,computer_architecture,Computer Architecture,0.5,19.0,0.008,22.82,2,0.0
L006,operating_systems,Operating Systems,0.6,10.0,0.042,24.38,1,0.058
L001,software_engineering,Software Engineering,0.4,13.0,0.074,18.14,2,0.2
L036,operating_systems,Operating Systems,0.6,0.0,0.696,12.27,4,0.917
L005,operating_systems,Operating Systems,0.6,7.0,0.128,26.04,5,0.208
L003,computer_architecture,Computer Architecture,0.5,5.0,0.245,14.0,1,0.36
L029,ml_fundamentals,ML Fundamentals,0.5,2.0,0.564,15.84,5,0.379
L038,software_engineering,Software Engineering,0.4,6.0,0.112,29.44,2,0.326
L011,algorithm_design,Algorithm Design,0.5,11.0,0.24,18.85,4,0.0
L002,oop_concepts,OOP Concepts,0.35,19.0,0.029,23.71,3,0.042
L004,neural_networks,Neural Networks,0.6,7.0,0.199,19.96,2,0.109
L021,data_structures,Data Structures,0.4,17.0,0.111,20.55,2,0.086
L039,ml_fundamentals,ML Fundamentals,0.5,10.0,0.257,20.72,5,0.173
L033,operating_systems,Operating Systems,0.6,5.0,0.25,17.54,5,0.371
L010,probability_and_statistics,Probability & Statistics,0.65,13.0,0.0,24.48,2,0.0
L002,neural_networks,Neural Networks,0.6,15.0,0.122,18.44,5,0.0
L004,data_structures,Data Structures,0.4,13.0,0.234,28.48,4,0.082
L027,software_engineering,Software Engineering,0.4,9.0,0.351,14.28,1,0.338
L040,operating_systems,Operating Systems,0.6,9.0,0.171,20.01,3,0.162
L019,algorithm_design,Algorithm Design,0.5,13.0,0.07,14.72,2,0.074
L024,software_engineering,Software Engineering,0.4,17.0,0.276,20.41,5,0.11
L031,computer_architecture,Computer Architecture,0.5,20.0,0.0,19.14,3,0.123
L027,ml_fundamentals,ML Fundamentals,0.5,0.0,0.646,7.0,5,0.985
L024,computer_architecture,Computer Architecture,0.5,20.0,0.0,15.02,4,0.031
L005,computer_networks,Computer Networks,0.55,20.0,0.135,21.28,4,0.047
L015,dbms_normalization,DBMS Normalization,0.7,18.0,0.0,23.28,1,0.0
L039,probability_and_statistics,Probability & Statistics,0.65,5.0,0.275,23.25,1,0.358
L020,computer_architecture,Computer Architecture,0.5,16.0,0.085,17.62,5,0.058
L007,software_engineering,Software Engineering,0.4,2.0,0.323,14.07,1,0.688
L031,discrete_mathematics,Discrete Mathematics,0.55,15.0,0.0,21.8,5,0.079
L035,computer_architecture,Computer Architecture,0.5,19.0,0.089,27.05,2,0.0
L035,operating_systems,Operating Systems,0.6,7.0,0.211,16.93,1,0.099
L004,software_engineering,Software Engineering,0.4,9.0,0.314,13.01,2,0.159
L010,ml_fundamentals,ML Fundamentals,0.5,2.0,0.507,17.56,5,0.685
L001,ml_fundamentals,ML Fundamentals,0.5,16.0,0.052,16.11,2,0.014
L008,algorithm_design,Algorithm Design,0.5,15.0,0.03,25.08,3,0.0
L009,ml_fundamentals,ML Fundamentals,0.5,14.0,0.225,19.23,4,0.231
L009,data_structures,Data Structures,0.4,11.0,0.201,17.72,2,0.117
L015,oop_concepts,OOP Concepts,0.35,7.0,0.359,20.33,1,0.373
L028,ml_fundamentals,ML Fundamentals,0.5,19.0,0.174,18.47,4,0.0
L014,operating_systems,Operating Systems,0.6,13.0,0.136,20.24,3,0.13
L031,dbms_normalization,DBMS Normalization,0.7,19.0,0.087,26.1,5,0.0
L018,oop_concepts,OOP Concepts,0.35,4.0,0.349,20.15,2,0.525
L015,computer_architecture,Computer Architecture,0.5,20.0,0.0,16.43,4,0.0
L010,computer_architecture,Computer Architecture,0.5,1.0,0.413,17.3,3,0.814
L022,discrete_mathematics,Discrete Mathematics,0.55,6.0,0.124,13.33,2,0.374
L002,ml_fundamentals,ML Fundamentals,0.5,18.0,0.069,20.59,4,0.108
L014,oop_concepts,OOP Concepts,0.35,12.0,0.227,27.69,4,0.213
L035,oop_concepts,OOP Concepts,0.35,17.0,0.001,24.26,1,0.097
L010,software_engineering,Software Engineering,0.4,10.0,0.003,28.19,1,0.109
L040,oop_concepts,OOP Concepts,0.35,18.0,0.0,22.51,2,0.015
L002,discrete_mathematics,Discrete Mathematics,0.55,20.0,0.051,23.62,3,0.013
L038,computer_architecture,Computer Architecture,0.5,19.0,0.05,20.97,1,0.088
L036,neural_networks,Neural Networks,0.6,1.0,0.54,16.52,2,0.78
L024,discrete_mathematics,Discrete Mathematics,0.55,14.0,0.0,20.12,5,0.025
L002,dbms_normalization,DBMS Normalization,0.7,18.0,0.072,22.75,5,0.0
L008,probability_and_statistics,Probability & Statistics,0.65,19.0,0.0,19.72,5,0.0
L033,computer_networks,Computer Networks,0.55,13.0,0.295,23.38,3,0.118
L037,algorithm_design,Algorithm Design,0.5,21.0,0.0,23.45,1,0.0
L025,dbms_normalization,DBMS Normalization,0.7,15.0,0.262,24.62,2,0.0
L026,ml_fundamentals,ML Fundamentals,0.5,7.0,0.045,9.56,5,0.213
L026,operating_systems,Operating Systems,0.6,8.0,0.0,22.88,4,0.151
L023,computer_networks,Computer Networks,0.55,4.0,0.453,15.28,5,0.45
L023,computer_architecture,Computer Architecture,0.5,10.0,0.084,25.68,3,0.0
L031,computer_architecture,Computer Architecture,0.5,3.0,0.403,22.3,2,0.525
L013,algorithm_design,Algorithm Design,0.5,21.0,0.0,23.54,1,0.125
L029,algorithm_design,Algorithm Design,0.5,11.0,0.081,13.92,5,0.084
L021,dbms_normalization,DBMS Normalization,0.7,11.0,0.0,22.01,4,0.06
L032,dbms_normalization,DBMS Normalization,0.7,14.0,0.078,25.29,3,0.013
L021,dbms_normalization,DBMS Normalization,0.7,20.0,0.12,29.15,1,0.134
L014,discrete_mathematics,Discrete Mathematics,0.55,3.0,0.28,13.47,1,0.357
L019,ml_fundamentals,ML Fundamentals,0.5,8.0,0.31,21.93,3,0.189
L029,oop_concepts,OOP Concepts,0.35,0.0,0.548,16.96,1,0.971
L012,data_structures,Data Structures,0.4,19.0,0.056,19.06,5,0.008
L040,software_engineering,Software Engineering,0.4,14.0,0.207,18.48,5,0.177
L008,operating_systems,Operating Systems,0.6,13.0,0.043,20.43,4,0.0
L030,neural_networks,Neural Networks,0.6,17.0,0.009,22.6,3,0.017
L040,probability_and_statistics,Probability & Statistics,0.65,16.0,0.158,21.49,3,0.068
L018,neural_networks,Neural Networks,0.6,1.0,0.537,4.98,3,0.878
L009,computer_architecture,Computer Architecture,0.5,8.0,0.055,9.46,4,0.255
L003,computer_networks,Computer Networks,0.55,15.0,0.26,21.73,5,0.0
L005,probability_and_statistics,Probability & Statistics,0.65,4.0,0.394,17.3,1,0.322
L036,neural_networks,Neural Networks,0.6,18.0,0.0,20.85,1,0.102
L006,ml_fundamentals,ML Fundamentals,0.5,8.0,0.093,15.56,4,0.233
L004,data_structures,Data Structures,0.4,14.0,0.111,21.15,2,0.059
L013,algorithm_design,Algorithm Design,0.5,11.0,0.0,18.81,2,0.112
L040,oop_concepts,OOP Concepts,0.35,9.0,0.18,19.11,3,0.272
L017,probability_and_statistics,Probability & Statistics,0.65,11.0,0.0,15.53,1,0.0
L037,discrete_mathematics,Discrete Mathematics,0.55,2.0,0.043,17.68,3,0.425
L038,discrete_mathematics,Discrete Mathematics,0.55,1.0,0.521,13.88,3,0.8
L014,algorithm_design,Algorithm Design,0.5,20.0,0.0,20.03,2,0.065
L001,computer_networks,Computer Networks,0.55,3.0,0.311,20.66,3,0.534
L026,probability_and_statistics,Probability & Statistics,0.65,6.0,0.274,24.9,4,0.127
L027,oop_concepts,OOP Concepts,0.35,11.0,0.198,19.64,1,0.189
L017,software_engineering,Software Engineering,0.4,9.0,0.095,23.08,1,0.184
L032,ml_fundamentals,ML Fundamentals,0.5,3.0,0.315,18.22,2,0.613
L002,operating_systems,Operating Systems,0.6,6.0,0.09,17.16,4,0.102
L010,software_engineering,Software Engineering,0.4,4.0,0.428,15.63,5,0.557
L025,ml_fundamentals,ML Fundamentals,0.5,4.0,0.374,17.55,4,0.431
L024,dbms_normalization,DBMS Normalization,0.7,17.0,0.171,19.25,3,0.049
L029,software_engineering,Software Engineering,0.4,6.0,0.392,10.36,3,0.493
L023,algorithm_design,Algorithm Design,0.5,9.0,0.113,23.2,3,0.167
L009,neural_networks,Neural Networks,0.6,3.0,0.418,16.61,5,0.627
L022,oop_concepts,OOP Concepts,0.35,21.0,0.0,22.98,2,0.051
L038,ml_fundamentals,ML Fundamentals,0.5,12.0,0.145,11.54,1,0.046
L023,discrete_mathematics,Discrete Mathematics,0.55,5.0,0.18,17.2,5,0.218
L029,data_structures,Data Structures,0.4,17.0,0.122,24.66,3,0.018
L034,computer_networks,Computer Networks,0.55,16.0,0.0,23.28,2,0.009
L007,oop_concepts,OOP Concepts,0.35,21.0,0.229,15.46,3,0.0
L020,operating_systems,Operating Systems,0.6,3.0,0.397,11.69,3,0.613
L040,algorithm_design,Algorithm Design,0.5,12.0,0.039,25.22,4,0.048
L024,neural_networks,Neural Networks,0.6,10.0,0.043,23.65,1,0.0
L015,data_structures,Data Structures,0.4,5.0,0.134,16.45,5,0.363
L003,computer_architecture,Computer Architecture,0.5,18.0,0.0,23.48,3,0.019
L016,computer_networks,Computer Networks,0.55,21.0,0.0,27.08,1,0.001
L028,operating_systems,Operating Systems,0.6,0.0,0.625,6.19,1,1.0
L001,computer_networks,Computer Networks,0.55,13.0,0.123,20.44,4,0.054
L006,software_engineering,Software Engineering,0.4,4.0,0.381,22.51,3,0.523
L029,algorithm_design,Algorithm Design,0.5,7.0,0.271,18.01,1,0.485
L004,computer_networks,Computer Networks,0.55,13.0,0.209,16.5,5,0.256
L005,neural_networks,Neural Networks,0.6,8.0,0.334,18.66,2,0.128
L028,software_engineering,Software Engineering,0.4,15.0,0.16,23.27,3,0.123
L012,oop_concepts,OOP Concepts,0.35,16.0,0.091,26.23,5,0.0
L021,probability_and_statistics,Probability & Statistics,0.65,15.0,0.173,11.02,3,0.09
L011,computer_architecture,Computer Architecture,0.5,18.0,0.0,17.89,2,0.0
L027,probability_and_statistics,Probability & Statistics,0.65,18.0,0.022,17.73,4,0.0
L028,software_engineering,Software Engineering,0.4,1.0,0.529,9.78,1,0.835
L003,computer_architecture,Computer Architecture,0.5,9.0,0.0,18.67,1,0.1
L039,oop_concepts,OOP Concepts,0.35,12.0,0.026,21.26,3,0.288
L021,operating_systems,Operating Systems,0.6,20.0,0.181,23.0,2,0.01
L012,operating_systems,Operating Systems,0.6,12.0,0.088,25.06,3,0.172
L025,algorithm_design,Algorithm Design,0.5,2.0,0.428,21.29,3,0.614
L035,software_engineering,Software Engineering,0.4,14.0,0.073,14.65,4,0.065
L010,computer_architecture,Computer Architecture,0.5,8.0,0.276,16.44,3,0.182
L010,oop_concepts,OOP Concepts,0.35,3.0,0.503,15.46,3,0.684
L023,data_structures,Data Structures,0.4,2.0,0.535,16.52,5,0.778
L024,computer_architecture,Computer Architecture,0.5,11.0,0.088,23.36,1,0.178
L031,data_structures,Data Structures,0.4,2.0,0.558,16.95,5,0.673
L001,data_structures,Data Structures,0.4,5.0,0.411,20.42,2,0.459
L036,algorithm_design,Algorithm Design,0.5,5.0,0.085,23.5,3,0.082
L034,neural_networks,Neural Networks,0.6,19.0,0.0,18.23,5,0.0
L033,discrete_mathematics,Discrete Mathematics,0.55,8.0,0.24,17.7,5,0.21
L025,ml_fundamentals,ML Fundamentals,0.5,20.0,0.066,21.17,1,0.0
L018,ml_fundamentals,ML Fundamentals,0.5,11.0,0.274,20.89,1,0.107
L026,computer_networks,Computer Networks,0.55,9.0,0.126,21.51,2,0.226
L027,ml_fundamentals,ML Fundamentals,0.5,17.0,0.11,25.02,1,0.016
L030,software_engineering,Software Engineering,0.4,0.0,0.57,9.73,2,1.0
L026,operating_systems,Operating Systems,0.6,5.0,0.033,16.95,5,0.192
L027,computer_architecture,Computer Architecture,0.5,4.0,0.227,16.08,3,0.523
L038,ml_fundamentals,ML Fundamentals,0.5,0.0,0.731,10.84,2,1.0
L024,neural_networks,Neural Networks,0.6,21.0,0.117,26.39,1,0.0
L022,data_structures,Data Structures,0.4,8.0,0.302,19.94,4,0.28
L004,algorithm_design,Algorithm Design,0.5,21.0,0.033,28.24,2,0.0
L010,oop_concepts,OOP Concepts,0.35,10.0,0.158,19.92,3,0.33
L022,data_structures,Data Structures,0.4,2.0,0.561,24.2,1,0.764
L024,computer_architecture,Computer Architecture,0.5,20.0,0.159,13.72,1,0.0
L002,probability_and_statistics,Probability & Statistics,0.65,20.0,0.0,16.52,4,0.0
L022,dbms_normalization,DBMS Normalization,0.7,13.0,0.013,18.18,5,0.038
L013,discrete_mathematics,Discrete Mathematics,0.55,17.0,0.067,23.49,5,0.119
L012,software_engineering,Software Engineering,0.4,10.0,0.169,31.31,5,0.072
L015,computer_networks,Computer Networks,0.55,12.0,0.053,22.06,1,0.054
L001,computer_architecture,Computer Architecture,0.5,21.0,0.122,23.56,1,0.0
L018,algorithm_design,Algorithm Design,0.5,4.0,0.477,13.6,1,0.508
L028,probability_and_statistics,Probability & Statistics,0.65,17.0,0.0,17.4,2,0.041
L004,probability_and_statistics,Probability & Statistics,0.65,3.0,0.194,20.1,1,0.353
L002,probability_and_statistics,Probability & Statistics,0.65,6.0,0.219,24.55,1,0.136
L031,software_engineering,Software Engineering,0.4,20.0,0.0,23.04,4,0.0
L028,operating_systems,Operating Systems,0.6,0.0,0.851,14.05,5,0.953
L009,algorithm_design,Algorithm Design,0.5,9.0,0.087,13.43,4,0.0
L040,software_engineering,Software Engineering,0.4,12.0,0.0,18.54,1,0.12
L038,data_structures,Data Structures,0.4,20.0,0.0,26.7,2,0.061
L017,computer_architecture,Computer Architecture,0.5,15.0,0.174,16.56,3,0.058
L018,ml_fundamentals,ML Fundamentals,0.5,6.0,0.097,25.28,2,0.361
L017,ml_fundamentals,ML Fundamentals,0.5,15.0,0.0,20.18,3,0.0
L015,computer_networks,Computer Networks,0.55,14.0,0.22,22.89,5,0.052
L023,neural_networks,Neural Networks,0.6,9.0,0.0,28.68,5,0.263
L012,algorithm_design,Algorithm Design,0.5,13.0,0.0,30.71,5,0.0
L030,algorithm_design,Algorithm Design,0.5,12.0,0.007,26.48,1,0.0
L022,software_engineering,Software Engineering,0.4,11.0,0.163,23.2,5,0.091
L021,ml_fundamentals,ML Fundamentals,0.5,14.0,0.269,23.58,5,0.139
L023,operating_systems,Operating Systems,0.6,4.0,0.271,15.56,1,0.294
L003,dbms_normalization,DBMS Normalization,0.7,21.0,0.0,24.42,1,0.064
L006,software_engineering,Software Engineering,0.4,6.0,0.51,17.07,2,0.399
L019,computer_architecture,Computer Architecture,0.5,6.0,0.0,17.29,3,0.301
L006,oop_concepts,OOP Concepts,0.35,16.0,0.372,23.55,4,0.101
L022,neural_networks,Neural Networks,0.6,11.0,0.009,22.83,2,0.191
L031,neural_networks,Neural Networks,0.6,1.0,0.504,17.86,5,0.832
L019,operating_systems,Operating Systems,0.6,7.0,0.312,18.18,4,0.22
L024,algorithm_design,Algorithm Design,0.5,20.0,0.0,23.21,2,0.016
L013,dbms_normalization,DBMS Normalization,0.7,5.0,0.0,22.19,5,0.089
L022,dbms_normalization,DBMS Normalization,0.7,14.0,0.204,21.01,2,0.0
L017,dbms_normalization,DBMS Normalization,0.7,1.0,0.551,11.5,4,0.681
L016,dbms_normalization,DBMS Normalization,0.7,5.0,0.238,14.61,5,0.174
L021,ml_fundamentals,ML Fundamentals,0.5,4.0,0.364,22.25,2,0.497
L029,data_structures,Data Structures,0.4,4.0,0.54,11.1,2,0.394
L008,neural_networks,Neural Networks,0.6,1.0,0.603,11.13,3,0.618
L011,operating_systems,Operating Systems,0.6,8.0,0.08,23.6,4,0.014
L006,oop_concepts,OOP Concepts,0.35,21.0,0.0,23.01,4,0.121
L017,computer_architecture,Computer Architecture,0.5,19.0,0.0,25.02,1,0.0
L006,algorithm_design,Algorithm Design,0.5,15.0,0.162,23.73,1,0.079
L011,ml_fundamentals,ML Fundamentals,0.5,2.0,0.547,16.0,2,0.659
L039,ml_fundamentals,ML Fundamentals,0.5,9.0,0.273,23.6,5,0.258
L001,algorithm_design,Algorithm Design,0.5,7.0,0.376,18.98,4,0.139
L038,computer_architecture,Computer Architecture,0.5,16.0,0.037,25.33,2,0.007
L012,computer_networks,Computer Networks,0.55,11.0,0.046,24.57,2,0.054
L020,probability_and_statistics,Probability & Statistics,0.65,7.0,0.151,20.98,3,0.102
L005,probability_and_statistics,Probability & Statistics,0.65,9.0,0.084,23.21,1,0.046
L037,probability_and_statistics,Probability & Statistics,0.65,19.0,0.097,25.39,3,0.001
L017,dbms_normalization,DBMS Normalization,0.7,11.0,0.003,18.78,4,0.0
L013,oop_concepts,OOP Concepts,0.35,20.0,0.129,23.62,4,0.096
L029,neural_networks,Neural Networks,0.6,21.0,0.0,20.84,5,0.02
L006,neural_networks,Neural Networks,0.6,1.0,0.745,16.61,4,0.789
L009,algorithm_design,Algorithm Design,0.5,14.0,0.257,26.39,1,0.059
L002,oop_concepts,OOP Concepts,0.35,0.0,0.55,6.24,2,0.962
L039,neural_networks,Neural Networks,0.6,12.0,0.123,27.64,1,0.082
L017,data_structures,Data Structures,0.4,3.0,0.439,16.18,3,0.656
L004,oop_concepts,OOP Concepts,0.35,7.0,0.288,22.83,3,0.367
L040,ml_fundamentals,ML Fundamentals,0.5,10.0,0.059,24.34,3,0.16
L027,probability_and_statistics,Probability & Statistics,0.65,18.0,0.053,26.23,5,0.092
L029,ml_fundamentals,ML Fundamentals,0.5,16.0,0.0,28.66,5,0.0
L037,probability_and_statistics,Probability & Statistics,0.65,21.0,0.0,22.01,5,0.0
L023,operating_systems,Operating Systems,0.6,4.0,0.28,16.58,4,0.683
L031,oop_concepts,OOP Concepts,0.35,17.0,0.313,23.52,4,0.185
L033,operating_systems,Operating Systems,0.6,14.0,0.023,19.88,5,0.056
L012,software_engineering,Software Engineering,0.4,9.0,0.13,27.06,3,0.31
L034,oop_concepts,OOP Concepts,0.35,1.0,0.605,12.16,1,0.747
L009,software_engineering,Software Engineering,0.4,19.0,0.038,28.34,5,0.071
L026,algorithm_design,Algorithm Design,0.5,6.0,0.329,22.49,2,0.37
L027,computer_networks,Computer Networks,0.55,17.0,0.157,21.5,5,0.0
L022,dbms_normalization,DBMS Normalization,0.7,3.0,0.226,17.2,4,0.308
L004,dbms_normalization,DBMS Normalization,0.7,13.0,0.0,22.97,2,0.0
L019,operating_systems,Operating Systems,0.6,17.0,0.08,22.27,3,0.084
L009,probability_and_statistics,Probability & Statistics,0.65,15.0,0.136,30.6,5,0.015
L040,neural_networks,Neural Networks,0.6,2.0,0.687,14.39,1,0.74
L034,data_structures,Data Structures,0.4,5.0,0.446,17.31,3,0.52
L027,computer_architecture,Computer Architecture,0.5,18.0,0.188,24.64,1,0.0
L024,algorithm_design,Algorithm Design,0.5,4.0,0.28,14.17,2,0.392
L027,dbms_normalization,DBMS Normalization,0.7,3.0,0.246,19.17,1,0.24
L025,computer_networks,Computer Networks,0.55,0.0,0.716,9.73,3,1.0
L023,dbms_normalization,DBMS Normalization,0.7,1.0,0.601,16.59,2,0.856
L004,neural_networks,Neural Networks,0.6,18.0,0.0,19.47,5,0.0
L018,discrete_mathematics,Discrete Mathematics,0.55,14.0,0.151,20.66,1,0.111
L029,operating_systems,Operating Systems,0.6,9.0,0.136,22.19,3,0.133
L023,operating_systems,Operating Systems,0.6,3.0,0.399,16.96,2,0.648
L030,computer_networks,Computer Networks,0.55,13.0,0.141,26.34,1,0.053
L011,algorithm_design,Algorithm Design,0.5,9.0,0.087,31.38,3,0.039
L020,discrete_mathematics,Discrete Mathematics,0.55,16.0,0.016,20.46,4,0.0
L026,probability_and_statistics,Probability & Statistics,0.65,10.0,0.059,25.75,2,0.157
L031,oop_concepts,OOP Concepts,0.35,1.0,0.581,12.48,2,0.943
L014,dbms_normalization,DBMS Normalization,0.7,1.0,0.621,18.18,5,0.64
L008,computer_architecture,Computer Architecture,0.5,4.0,0.191,27.42,5,0.317
L035,dbms_normalization,DBMS Normalization,0.7,15.0,0.095,22.04,4,0.0
L013,dbms_normalization,DBMS Normalization,0.7,13.0,0.0,23.1,5,0.028
L014,computer_architecture,Computer Architecture,0.5,3.0,0.167,16.95,1,0.277
L026,operating_systems,Operating Systems,0.6,17.0,0.11,23.21,3,0.033
L012,oop_concepts,OOP Concepts,0.35,10.0,0.053,26.02,5,0.104
L040,dbms_normalization,DBMS Normalization,0.7,9.0,0.09,21.17,4,0.0
L008,computer_networks,Computer Networks,0.55,21.0,0.114,20.43,2,0.094
L035,software_engineering,Software Engineering,0.4,5.0,0.22,20.56,3,0.447
L033,ml_fundamentals,ML Fundamentals,0.5,14.0,0.0,19.02,3,0.105
L033,discrete_mathematics,Discrete Mathematics,0.55,11.0,0.007,18.5,2,0.0
L038,data_structures,Data Structures,0.4,8.0,0.0,16.05,3,0.282
L005,dbms_normalization,DBMS Normalization,0.7,16.0,0.127,14.5,5,0.061
L001,probability_and_statistics,Probability & Statistics,0.65,19.0,0.225,20.63,3,0.125
L006,algorithm_design,Algorithm Design,0.5,4.0,0.3,12.0,2,0.45
L013,algorithm_design,Algorithm Design,0.5,1.0,0.685,9.89,4,0.931
L008,data_structures,Data Structures,0.4,11.0,0.24,15.25,4,0.165
L032,oop_concepts,OOP Concepts,0.35,14.0,0.097,26.47,2,0.127
L017,data_structures,Data Structures,0.4,5.0,0.237,17.19,5,0.394
L026,ml_fundamentals,ML Fundamentals,0.5,1.0,0.549,16.16,4,0.817
L008,operating_systems,Operating Systems,0.6,2.0,0.571,14.99,1,0.507
L037,algorithm_design,Algorithm Design,0.5,14.0,0.119,25.48,2,0.064
L029,operating_systems,Operating Systems,0.6,17.0,0.0,25.53,5,0.0
L008,software_engineering,Software Engineering,0.4,18.0,0.054,21.88,3,0.054
L016,software_engineering,Software Engineering,0.4,8.0,0.066,21.39,4,0.34
L033,algorithm_design,Algorithm Design,0.5,2.0,0.42,19.34,3,0.557
L007,computer_architecture,Computer Architecture,0.5,4.0,0.331,14.25,2,0.431
L001,computer_architecture,Computer Architecture,0.5,17.0,0.108,20.43,3,0.115
L010,operating_systems,Operating Systems,0.6,12.0,0.222,23.57,2,0.0
L030,discrete_mathematics,Discrete Mathematics,0.55,16.0,0.145,26.52,4,0.0
L039,computer_architecture,Computer Architecture,0.5,9.0,0.133,18.08,4,0.23
L040,software_engineering,Software Engineering,0.4,7.0,0.175,14.95,3,0.337
L019,discrete_mathematics,Discrete Mathematics,0.55,13.0,0.207,16.39,5,0.0
L038,computer_architecture,Computer Architecture,0.5,13.0,0.119,15.9,4,0.219
L035,data_structures,Data Structures,0.4,14.0,0.212,19.75,4,0.239
L012,discrete_mathematics,Discrete Mathematics,0.55,11.0,0.334,12.28,1,0.153
L021,discrete_mathematics,Discrete Mathematics,0.55,5.0,0.495,22.05,1,0.349
L032,data_structures,Data Structures,0.4,10.0,0.232,18.59,5,0.184
L018,dbms_normalization,DBMS Normalization,0.7,6.0,0.16,26.34,5,0.126
L030,ml_fundamentals,ML Fundamentals,0.5,10.0,0.172,21.97,2,0.208
L015,discrete_mathematics,Discrete Mathematics,0.55,20.0,0.063,21.14,1,0.063
L020,operating_systems,Operating Systems,0.6,4.0,0.326,11.31,4,0.389
L022,operating_systems,Operating Systems,0.6,5.0,0.354,12.17,1,0.346
L035,discrete_mathematics,Discrete Mathematics,0.55,4.0,0.259,14.28,4,0.385
L036,neural_networks,Neural Networks,0.6,5.0,0.28,15.94,2,0.255
L036,dbms_normalization,DBMS Normalization,0.7,16.0,0.0,23.95,5,0.0
L012,dbms_normalization,DBMS Normalization,0.7,10.0,0.043,17.4,3,0.037
L005,computer_networks,Computer Networks,0.55,16.0,0.052,22.06,2,0.004
L022,operating_systems,Operating Systems,0.6,12.0,0.193,27.46,2,0.135
L022,neural_networks,Neural Networks,0.6,8.0,0.0,24.16,4,0.052
L011,computer_networks,Computer Networks,0.55,15.0,0.255,21.77,4,0.011
L022,ml_fundamentals,ML Fundamentals,0.5,17.0,0.02,24.67,5,0.086
L028,computer_architecture,Computer Architecture,0.5,7.0,0.129,18.76,2,0.197
L008,computer_architecture,Computer Architecture,0.5,11.0,0.024,28.5,4,0.112
L040,neural_networks,Neural Networks,0.6,14.0,0.002,19.31,1,0.134
L019,computer_architecture,Computer Architecture,0.5,16.0,0.102,18.98,4,0.075
L024,computer_architecture,Computer Architecture,0.5,10.0,0.059,25.17,5,0.094
L007,computer_networks,Computer Networks,0.55,0.0,0.609,10.23,1,1.0
L038,algorithm_design,Algorithm Design,0.5,0.0,0.773,13.21,4,1.0
L039,computer_architecture,Computer Architecture,0.5,11.0,0.141,17.83,2,0.189
L039,discrete_mathematics,Discrete Mathematics,0.55,10.0,0.094,20.99,5,0.0
L001,discrete_mathematics,Discrete Mathematics,0.55,10.0,0.095,19.19,1,0.046
L019,discrete_mathematics,Discrete Mathematics,0.55,9.0,0.051,20.8,2,0.187
L004,oop_concepts,OOP Concepts,0.35,20.0,0.0,19.56,1,0.0
L002,software_engineering,Software Engineering,0.4,10.0,0.205,14.68,4,0.313
L020,oop_concepts,OOP Concepts,0.35,4.0,0.327,14.98,3,0.455
L029,computer_architecture,Computer Architecture,0.5,15.0,0.0,19.24,2,0.032
L023,oop_concepts,OOP Concepts,0.35,21.0,0.073,27.52,2,0.0
L011,oop_concepts,OOP Concepts,0.35,17.0,0.073,17.5,2,0.063
L006,operating_systems,Operating Systems,0.6,20.0,0.164,25.85,2,0.018
L035,operating_systems,Operating Systems,0.6,7.0,0.236,14.73,5,0.029
L040,data_structures,Data Structures,0.4,8.0,0.355,26.56,3,0.274
L013,ml_fundamentals,ML Fundamentals,0.5,0.0,0.694,8.65,5,1.0
L015,neural_networks,Neural Networks,0.6,2.0,0.201,17.26,4,0.597
L007,probability_and_statistics,Probability & Statistics,0.65,15.0,0.0,17.74,1,0.006
L002,discrete_mathematics,Discrete Mathematics,0.55,7.0,0.071,22.31,5,0.181
L024,ml_fundamentals,ML Fundamentals,0.5,1.0,0.416,13.15,1,0.937
L008,ml_fundamentals,ML Fundamentals,0.5,21.0,0.0,17.17,5,0.05
L017,neural_networks,Neural Networks,0.6,17.0,0.0,24.52,4,0.0
L037,ml_fundamentals,ML Fundamentals,0.5,9.0,0.0,27.28,1,0.101
L033,data_structures,Data Structures,0.4,11.0,0.197,22.32,1,0.2
L007,neural_networks,Neural Networks,0.6,8.0,0.116,16.32,5,0.171
L038,computer_architecture,Computer Architecture,0.5,14.0,0.0,16.88,1,0.063
L025,computer_architecture,Computer Architecture,0.5,11.0,0.129,25.33,5,0.114
L039,discrete_mathematics,Discrete Mathematics,0.55,20.0,0.0,18.9,3,0.158
L039,data_structures,Data Structures,0.4,11.0,0.474,20.61,4,0.283
L023,data_structures,Data Structures,0.4,5.0,0.167,19.11,2,0.393
L013,neural_networks,Neural Networks,0.6,1.0,0.634,15.12,4,0.765
L036,probability_and_statistics,Probability & Statistics,0.65,8.0,0.0,15.76,3,0.0
L002,dbms_normalization,DBMS Normalization,0.7,1.0,0.406,18.38,5,0.797
L008,oop_concepts,OOP Concepts,0.35,9.0,0.258,19.69,3,0.194
L033,discrete_mathematics,Discrete Mathematics,0.55,21.0,0.004,22.98,4,0.024
L019,ml_fundamentals,ML Fundamentals,0.5,9.0,0.248,15.56,4,0.068
L030,oop_concepts,OOP Concepts,0.35,6.0,0.428,19.25,5,0.457
L029,neural_networks,Neural Networks,0.6,11.0,0.153,20.49,4,0.114
L001,discrete_mathematics,Discrete Mathematics,0.55,18.0,0.019,21.39,3,0.0
L024,ml_fundamentals,ML Fundamentals,0.5,0.0,0.616,17.88,1,1.0
L029,neural_networks,Neural Networks,0.6,17.0,0.071,21.3,4,0.084
L017,algorithm_design,Algorithm Design,0.5,1.0,0.571,16.19,5,0.719
L021,probability_and_statistics,Probability & Statistics,0.65,15.0,0.04,24.47,2,0.011
L014,operating_systems,Operating Systems,0.6,1.0,0.639,18.76,4,0.957
L003,ml_fundamentals,ML Fundamentals,0.5,3.0,0.516,10.17,2,0.6
L029,neural_networks,Neural Networks,0.6,1.0,0.615,16.46,5,0.851
L007,neural_networks,Neural Networks,0.6,11.0,0.295,20.75,1,0.205
L010,ml_fundamentals,ML Fundamentals,0.5,11.0,0.115,25.59,3,0.208
L040,probability_and_statistics,Probability & Statistics,0.65,7.0,0.329,18.53,5,0.199
L001,algorithm_design,Algorithm Design,0.5,6.0,0.292,25.54,4,0.269
L008,dbms_normalization,DBMS Normalization,0.7,4.0,0.338,13.03,3,0.462
L016,ml_fundamentals,ML Fundamentals,0.5,20.0,0.087,23.33,3,0.0
L030,operating_systems,Operating Systems,0.6,8.0,0.048,31.58,5,0.021
L037,software_engineering,Software Engineering,0.4,2.0,0.583,13.14,5,0.736
L007,algorithm_design,Algorithm Design,0.5,7.0,0.168,23.42,1,0.108
L009,data_structures,Data Structures,0.4,15.0,0.0,18.93,2,0.0
L036,dbms_normalization,DBMS Normalization,0.7,1.0,0.462,15.22,4,0.713
L003,algorithm_design,Algorithm Design,0.5,7.0,0.212,9.65,1,0.201
L008,computer_networks,Computer Networks,0.55,7.0,0.221,17.1,1,0.132
L037,discrete_mathematics,Discrete Mathematics,0.55,15.0,0.0,19.6,5,0.124
L012,algorithm_design,Algorithm Design,0.5,16.0,0.0,25.69,2,0.043
L036,computer_architecture,Computer Architecture,0.5,1.0,0.585,13.99,2,0.777
L022,software_engineering,Software Engineering,0.4,21.0,0.074,23.08,5,0.0
L037,data_structures,Data Structures,0.4,21.0,0.0,20.31,3,0.0
L021,oop_concepts,OOP Concepts,0.35,15.0,0.029,17.75,2,0.135
L036,computer_architecture,Computer Architecture,0.5,10.0,0.22,21.1,1,0.142
L018,oop_concepts,OOP Concepts,0.35,3.0,0.505,15.51,1,0.7
L007,dbms_normalization,DBMS Normalization,0.7,4.0,0.169,25.89,5,0.261
L027,neural_networks,Neural Networks,0.6,9.0,0.0,22.31,3,0.044
L034,computer_architecture,Computer Architecture,0.5,9.0,0.202,20.68,2,0.172
L032,oop_concepts,OOP Concepts,0.35,18.0,0.186,14.81,3,0.0
L034,computer_networks,Computer Networks,0.55,7.0,0.177,22.24,5,0.337
L020,ml_fundamentals,ML Fundamentals,0.5,2.0,0.416,20.27,3,0.495
L017,dbms_normalization,DBMS Normalization,0.7,17.0,0.075,27.19,4,0.0
L024,probability_and_statistics,Probability & Statistics,0.65,20.0,0.098,14.41,1,0.0
L023,dbms_normalization,DBMS Normalization,0.7,18.0,0.038,17.89,2,0.06
L003,oop_concepts,OOP Concepts,0.35,15.0,0.0,23.14,4,0.005
L009,computer_architecture,Computer Architecture,0.5,0.0,0.739,12.65,2,1.0
L037,software_engineering,Software Engineering,0.4,17.0,0.057,23.08,5,0.13
L027,algorithm_design,Algorithm Design,0.5,19.0,0.0,22.88,4,0.014
L002,discrete_mathematics,Discrete Mathematics,0.55,20.0,0.018,17.51,1,0.0
L033,discrete_mathematics,Discrete Mathematics,0.55,12.0,0.0,17.11,5,0.027
L014,data_structures,Data Structures,0.4,0.0,0.538,9.7,4,1.0
L020,discrete_mathematics,Discrete Mathematics,0.55,5.0,0.398,17.34,5,0.423
L030,software_engineering,Software Engineering,0.4,13.0,0.105,30.0,3,0.012
L010,computer_architecture,Computer Architecture,0.5,5.0,0.385,20.71,4,0.506
L034,computer_networks,Computer Networks,0.55,15.0,0.084,24.68,4,0.0
L001,oop_concepts,OOP Concepts,0.35,5.0,0.343,8.56,2,0.607
L011,neural_networks,Neural Networks,0.6,11.0,0.0,22.71,1,0.064
L013,neural_networks,Neural Networks,0.6,19.0,0.013,20.41,5,0.095
L001,computer_networks,Computer Networks,0.55,15.0,0.002,26.17,1,0.0
L026,computer_architecture,Computer Architecture,0.5,2.0,0.492,16.61,4,0.628
L005,computer_architecture,Computer Architecture,0.5,9.0,0.165,23.32,5,0.0
L010,software_engineering,Software Engineering,0.4,4.0,0.294,18.61,5,0.493
L039,operating_systems,Operating Systems,0.6,3.0,0.17,25.59,2,0.098
L009,computer_networks,Computer Networks,0.55,21.0,0.0,22.38,4,0.01
L015,computer_architecture,Computer Architecture,0.5,18.0,0.038,18.22,4,0.067
L021,operating_systems,Operating Systems,0.6,1.0,0.402,14.57,4,0.754
L033,algorithm_design,Algorithm Design,0.5,18.0,0.0,19.67,3,0.0
L028,operating_systems,Operating Systems,0.6,17.0,0.0,19.57,1,0.008
L011,software_engineering,Software Engineering,0.4,0.0,0.696,9.92,1,1.0
L014,probability_and_statistics,Probability & Statistics,0.65,21.0,0.0,23.03,3,0.054
L001,data_structures,Data Structures,0.4,14.0,0.01,20.15,5,0.0
L023,data_structures,Data Structures,0.4,19.0,0.055,18.51,1,0.0
L024,probability_and_statistics,Probability & Statistics,0.65,0.0,0.556,8.99,1,0.992
L021,discrete_mathematics,Discrete Mathematics,0.55,19.0,0.153,23.47,1,0.009
L040,neural_networks,Neural Networks,0.6,0.0,0.783,9.67,5,0.97
L022,neural_networks,Neural Networks,0.6,9.0,0.149,16.22,2,0.076
L037,oop_concepts,OOP Concepts,0.35,17.0,0.092,26.88,4,0.146
L029,computer_networks,Computer Networks,0.55,10.0,0.208,21.36,3,0.113
L011,algorithm_design,Algorithm Design,0.5,18.0,0.0,18.88,5,0.0
L031,operating_systems,Operating Systems,0.6,13.0,0.209,18.6,3,0.0
L008,neural_networks,Neural Networks,0.6,0.0,0.672,14.22,5,1.0
L039,discrete_mathematics,Discrete Mathematics,0.55,18.0,0.0,27.5,1,0.0
L036,data_structures,Data Structures,0.4,1.0,0.497,11.39,1,0.922
L018,probability_and_statistics,Probability & Statistics,0.65,9.0,0.258,20.36,5,0.0
L020,operating_systems,Operating Systems,0.6,7.0,0.0,16.43,4,0.142
L011,computer_architecture,Computer Architecture,0.5,16.0,0.071,20.79,1,0.057
L031,computer_networks,Computer Networks,0.55,18.0,0.096,29.85,4,0.074
L026,data_structures,Data Structures,0.4,4.0,0.272,20.75,4,0.461
L011,neural_networks,Neural Networks,0.6,21.0,0.139,21.65,2,0.0
L040,computer_architecture,Computer Architecture,0.5,17.0,0.0,23.37,4,0.068
L036,ml_fundamentals,ML Fundamentals,0.5,2.0,0.527,12.39,5,0.759
L039,ml_fundamentals,ML Fundamentals,0.5,20.0,0.074,22.14,5,0.0
L027,probability_and_statistics,Probability & Statistics,0.65,1.0,0.532,16.63,2,0.783
L031,probability_and_statistics,Probability & Statistics,0.65,0.0,0.805,15.23,5,1.0
L027,operating_systems,Operating Systems,0.6,3.0,0.491,19.37,4,0.594
L031,computer_networks,Computer Networks,0.55,3.0,0.522,17.89,1,0.362
L005,computer_architecture,Computer Architecture,0.5,1.0,0.378,11.48,5,0.665
L033,data_structures,Data Structures,0.4,0.0,0.63,4.07,4,0.936
L025,operating_systems,Operating Systems,0.6,1.0,0.441,15.63,4,0.784
L023,dbms_normalization,DBMS Normalization,0.7,16.0,0.0,23.97,4,0.08
L012,operating_systems,Operating Systems,0.6,2.0,0.339,16.09,3,0.675
L027,computer_networks,Computer Networks,0.55,18.0,0.116,25.72,1,0.032
L035,algorithm_design,Algorithm Design,0.5,12.0,0.017,23.94,2,0.084
L035,data_structures,Data Structures,0.4,14.0,0.207,20.02,1,0.171
L025,computer_networks,Computer Networks,0.55,3.0,0.435,13.49,3,0.492
L032,discrete_mathematics,Discrete Mathematics,0.55,8.0,0.123,29.62,3,0.0
L010,data_structures,Data Structures,0.4,18.0,0.072,21.48,2,0.0
L024,discrete_mathematics,Discrete Mathematics,0.55,19.0,0.149,25.04,5,0.031
L014,neural_networks,Neural Networks,0.6,14.0,0.137,24.42,5,0.088
L036,operating_systems,Operating Systems,0.6,14.0,0.0,26.06,2,0.17
L017,data_structures,Data Structures,0.4,3.0,0.619,17.07,1,0.583
L014,computer_networks,Computer Networks,0.55,12.0,0.0,30.15,1,0.052
L011,algorithm_design,Algorithm Design,0.5,8.0,0.2,23.94,5,0.214
L030,software_engineering,Software Engineering,0.4,14.0,0.0,19.58,1,0.128
L028,data_structures,Data Structures,0.4,5.0,0.455,11.58,3,0.3
L040,discrete_mathematics,Discrete Mathematics,0.55,10.0,0.0,17.17,5,0.167
L007,neural_networks,Neural Networks,0.6,16.0,0.054,24.28,3,0.0
L038,discrete_mathematics,Discrete Mathematics,0.55,16.0,0.025,23.62,4,0.08
L004,ml_fundamentals,ML Fundamentals,0.5,10.0,0.19,16.49,1,0.174
L001,operating_systems,Operating Systems,0.6,6.0,0.22,20.35,3,0.292
L010,discrete_mathematics,Discrete Mathematics,0.55,18.0,0.0,22.35,1,0.005
L024,neural_networks,Neural Networks,0.6,20.0,0.0,25.31,2,0.025
L023,computer_architecture,Computer Architecture,0.5,8.0,0.217,24.16,1,0.432
L005,discrete_mathematics,Discrete Mathematics,0.55,5.0,0.255,3.63,1,0.495
L015,dbms_normalization,DBMS Normalization,0.7,19.0,0.015,19.12,1,0.01
L004,ml_fundamentals,ML Fundamentals,0.5,3.0,0.372,12.26,5,0.577
L018,discrete_mathematics,Discrete Mathematics,0.55,11.0,0.222,13.55,5,0.0
L012,data_structures,Data Structures,0.4,16.0,0.058,27.0,5,0.121
L008,software_engineering,Software Engineering,0.4,9.0,0.317,20.23,1,0.36
L033,oop_concepts,OOP Concepts,0.35,20.0,0.0,26.9,1,0.09
L038,probability_and_statistics,Probability & Statistics,0.65,9.0,0.081,22.53,5,0.016
L027,oop_concepts,OOP Concepts,0.35,1.0,0.627,8.76,5,0.899
L028,computer_architecture,Computer Architecture,0.5,1.0,0.684,15.62,3,0.677
L035,computer_networks,Computer Networks,0.55,7.0,0.214,20.79,5,0.247
L027,oop_concepts,OOP Concepts,0.35,11.0,0.248,18.84,5,0.094
L025,neural_networks,Neural Networks,0.6,2.0,0.097,25.28,4,0.334
L036,discrete_mathematics,Discrete Mathematics,0.55,2.0,0.367,20.32,2,0.675
L023,algorithm_design,Algorithm Design,0.5,19.0,0.0,26.33,5,0.126
L008,data_structures,Data Structures,0.4,12.0,0.061,20.76,1,0.054
L022,data_structures,Data Structures,0.4,15.0,0.0,25.13,4,0.01
L024,discrete_mathematics,Discrete Mathematics,0.55,19.0,0.015,11.04,4,0.104
L016,probability_and_statistics,Probability & Statistics,0.65,16.0,0.093,20.4,2,0.0
L014,probability_and_statistics,Probability & Statistics,0.65,3.0,0.258,26.3,2,0.417
L022,ml_fundamentals,ML Fundamentals,0.5,20.0,0.114,8.19,5,0.014
L029,computer_architecture,Computer Architecture,0.5,9.0,0.311,18.53,3,0.351
L027,dbms_normalization,DBMS Normalization,0.7,10.0,0.211,22.08,5,0.06
L008,computer_networks,Computer Networks,0.55,21.0,0.093,15.9,4,0.036
L002,data_structures,Data Structures,0.4,13.0,0.133,30.94,5,0.1
L010,operating_systems,Operating Systems,0.6,7.0,0.0,16.62,5,0.191
L018,oop_concepts,OOP Concepts,0.35,14.0,0.0,22.15,4,0.022
L037,ml_fundamentals,ML Fundamentals,0.5,4.0,0.253,15.67,5,0.615
L015,operating_systems,Operating Systems,0.6,15.0,0.0,24.53,5,0.088
L022,ml_fundamentals,ML Fundamentals,0.5,13.0,0.042,19.18,1,0.0
L025,dbms_normalization,DBMS Normalization,0.7,9.0,0.169,21.02,3,0.071
L012,dbms_normalization,DBMS Normalization,0.7,20.0,0.002,20.39,1,0.0
L032,computer_architecture,Computer Architecture,0.5,6.0,0.191,18.36,3,0.471
L025,probability_and_statistics,Probability & Statistics,0.65,17.0,0.073,24.72,4,0.0
L021,discrete_mathematics,Discrete Mathematics,0.55,10.0,0.204,22.52,1,0.0
L020,discrete_mathematics,Discrete Mathematics,0.55,7.0,0.157,18.18,2,0.238
L037,algorithm_design,Algorithm Design,0.5,7.0,0.308,14.92,2,0.279
L019,computer_architecture,Computer Architecture,0.5,4.0,0.385,19.73,3,0.454
L033,software_engineering,Software Engineering,0.4,15.0,0.115,24.67,2,0.211
L036,software_engineering,Software Engineering,0.4,21.0,0.0,22.38,4,0.0
L011,ml_fundamentals,ML Fundamentals,0.5,7.0,0.361,24.4,3,0.357
L016,discrete_mathematics,Discrete Mathematics,0.55,16.0,0.0,25.86,2,0.0
L011,probability_and_statistics,Probability & Statistics,0.65,10.0,0.0,18.71,1,0.107
L018,neural_networks,Neural Networks,0.6,16.0,0.102,23.15,2,0.103
L024,oop_concepts,OOP Concepts,0.35,8.0,0.067,19.81,4,0.388
L006,dbms_normalization,DBMS Normalization,0.7,21.0,0.08,18.22,2,0.107
L037,neural_networks,Neural Networks,0.6,12.0,0.087,33.16,4,0.047
L030,operating_systems,Operating Systems,0.6,17.0,0.055,16.29,1,0.042
L021,dbms_normalization,DBMS Normalization,0.7,10.0,0.197,24.81,5,0.078
L011,computer_architecture,Computer Architecture,0.5,17.0,0.123,27.2,2,0.037
L030,ml_fundamentals,ML Fundamentals,0.5,16.0,0.0,29.7,5,0.061
L009,probability_and_statistics,Probability & Statistics,0.65,12.0,0.113,30.63,4,0.163
L012,dbms_normalization,DBMS Normalization,0.7,15.0,0.0,21.35,4,0.038
L024,computer_architecture,Computer Architecture,0.5,17.0,0.001,27.46,3,0.044
L017,algorithm_design,Algorithm Design,0.5,8.0,0.144,20.87,2,0.177
L022,probability_and_statistics,Probability & Statistics,0.65,16.0,0.138,17.11,2,0.061
L031,probability_and_statistics,Probability & Statistics,0.65,3.0,0.285,15.19,1,0.456
L017,software_engineering,Software Engineering,0.4,20.0,0.167,21.06,3,0.0
L014,dbms_normalization,DBMS Normalization,0.7,10.0,0.243,28.47,5,0.021
L040,oop_concepts,OOP Concepts,0.35,7.0,0.074,18.59,5,0.141
L037,computer_architecture,Computer Architecture,0.5,0.0,0.662,18.83,5,0.918
L018,algorithm_design,Algorithm Design,0.5,20.0,0.105,21.58,5,0.092
L040,computer_architecture,Computer Architecture,0.5,9.0,0.154,17.69,1,0.144
L021,computer_networks,Computer Networks,0.55,14.0,0.127,22.18,4,0.0
L012,algorithm_design,Algorithm Design,0.5,2.0,0.372,10.61,5,0.68
L029,discrete_mathematics,Discrete Mathematics,0.55,0.0,0.815,13.26,1,0.973
L019,data_structures,Data Structures,0.4,18.0,0.07,21.7,2,0.024
L029,computer_networks,Computer Networks,0.55,16.0,0.0,22.86,2,0.0
L021,algorithm_design,Algorithm Design,0.5,16.0,0.0,23.1,3,0.078
L018,data_structures,Data Structures,0.4,2.0,0.435,10.18,2,0.66
L002,operating_systems,Operating Systems,0.6,4.0,0.265,21.75,5,0.117
L003,probability_and_statistics,Probability & Statistics,0.65,4.0,0.417,17.85,1,0.381
L001,dbms_normalization,DBMS Normalization,0.7,9.0,0.022,29.68,2,0.063
L014,data_structures,Data Structures,0.4,16.0,0.048,18.98,2,0.204
L039,algorithm_design,Algorithm Design,0.5,9.0,0.067,16.98,2,0.151
L007,ml_fundamentals,ML Fundamentals,0.5,7.0,0.364,21.98,1,0.147
L036,operating_systems,Operating Systems,0.6,20.0,0.0,17.31,4,0.093
L015,data_structures,Data Structures,0.4,12.0,0.236,24.14,5,0.122
L035,data_structures,Data Structures,0.4,14.0,0.165,23.74,4,0.035
L018,computer_architecture,Computer Architecture,0.5,10.0,0.0,18.3,2,0.292
L029,data_structures,Data Structures,0.4,19.0,0.027,23.93,4,0.135
L040,operating_systems,Operating Systems,0.6,17.0,0.0,21.45,2,0.0
L014,data_structures,Data Structures,0.4,18.0,0.18,25.41,2,0.072
L029,computer_architecture,Computer Architecture,0.5,0.0,0.644,12.28,3,0.98
L037,computer_networks,Computer Networks,0.55,18.0,0.301,18.3,3,0.029
L040,discrete_mathematics,Discrete Mathematics,0.55,10.0,0.305,25.36,5,0.126
L017,data_structures,Data Structures,0.4,8.0,0.137,13.12,2,0.303
L010,data_structures,Data Structures,0.4,18.0,0.032,22.72,3,0.0
L040,data_structures,Data Structures,0.4,7.0,0.404,9.87,4,0.438
L012,discrete_mathematics,Discrete Mathematics,0.55,17.0,0.089,24.84,4,0.194
L015,computer_networks,Computer Networks,0.55,0.0,0.696,13.26,3,1.0
L024,algorithm_design,Algorithm Design,0.5,13.0,0.002,25.12,4,0.092
L039,neural_networks,Neural Networks,0.6,5.0,0.14,22.66,2,0.253
L037,operating_systems,Operating Systems,0.6,17.0,0.061,20.76,4,0.0
L020,algorithm_design,Algorithm Design,0.5,13.0,0.0,25.12,3,0.0
L003,discrete_mathematics,Discrete Mathematics,0.55,12.0,0.003,27.73,4,0.124
L040,discrete_mathematics,Discrete Mathematics,0.55,18.0,0.118,17.66,1,0.0
L011,software_engineering,Software Engineering,0.4,13.0,0.222,20.87,1,0.057
L017,software_engineering,Software Engineering,0.4,3.0,0.503,14.88,2,0.632
L010,dbms_normalization,DBMS Normalization,0.7,21.0,0.084,27.06,3,0.0
L022,operating_systems,Operating Systems,0.6,4.0,0.261,21.26,4,0.319
L034,oop_concepts,OOP Concepts,0.35,2.0,0.713,14.24,2,0.839
L018,dbms_normalization,DBMS Normalization,0.7,0.0,0.731,13.78,4,1.0
L034,data_structures,Data Structures,0.4,1.0,0.423,13.72,1,0.777
L013,software_engineering,Software Engineering,0.4,4.0,0.279,12.83,2,0.485
L028,neural_networks,Neural Networks,0.6,7.0,0.268,21.54,4,0.27
L015,software_engineering,Software Engineering,0.4,11.0,0.147,26.17,2,0.218
L016,computer_architecture,Computer Architecture,0.5,7.0,0.347,13.97,5,0.298
L005,dbms_normalization,DBMS Normalization,0.7,14.0,0.013,13.4,5,0.043
L022,computer_architecture,Computer Architecture,0.5,20.0,0.084,20.83,5,0.0
L024,software_engineering,Software Engineering,0.4,20.0,0.105,23.13,5,0.106
L037,operating_systems,Operating Systems,0.6,14.0,0.048,21.81,3,0.026
L039,probability_and_statistics,Probability & Statistics,0.65,13.0,0.213,26.09,2,0.027
L032,probability_and_statistics,Probability & Statistics,0.65,5.0,0.341,13.62,2,0.224
L003,data_structures,Data Structures,0.4,20.0,0.0,22.48,1,0.103
L023,discrete_mathematics,Discrete Mathematics,0.55,10.0,0.02,24.29,2,0.11
L027,probability_and_statistics,Probability & Statistics,0.65,3.0,0.321,17.34,2,0.455
L004,algorithm_design,Algorithm Design,0.5,12.0,0.08,31.82,4,0.088
L011,computer_architecture,Computer Architecture,0.5,18.0,0.082,22.91,2,0.196
L005,computer_architecture,Computer Architecture,0.5,4.0,0.309,9.46,5,0.524
L001,discrete_mathematics,Discrete Mathematics,0.55,5.0,0.172,26.17,4,0.169
L006,computer_architecture,Computer Architecture,0.5,2.0,0.447,21.61,5,0.707
L012,software_engineering,Software Engineering,0.4,18.0,0.33,30.29,5,0.088
L030,ml_fundamentals,ML Fundamentals,0.5,1.0,0.405,14.86,5,0.816
L018,data_structures,Data Structures,0.4,13.0,0.251,22.87,4,0.099
L005,dbms_normalization,DBMS Normalization,0.7,5.0,0.0,17.17,2,0.058
L004,neural_networks,Neural Networks,0.6,5.0,0.231,13.65,4,0.239
L024,computer_networks,Computer Networks,0.55,15.0,0.146,22.96,4,0.201
L002,computer_architecture,Computer Architecture,0.5,11.0,0.141,23.45,5,0.136
L028,ml_fundamentals,ML Fundamentals,0.5,19.0,0.0,28.44,2,0.014
L037,algorithm_design,Algorithm Design,0.5,7.0,0.223,16.71,3,0.274
L022,neural_networks,Neural Networks,0.6,11.0,0.145,15.84,2,0.098
L023,neural_networks,Neural Networks,0.6,3.0,0.414,15.7,3,0.588
L036,ml_fundamentals,ML Fundamentals,0.5,10.0,0.345,20.76,2,0.288
L035,operating_systems,Operating Systems,0.6,19.0,0.23,21.36,2,0.054
L006,computer_architecture,Computer Architecture,0.5,5.0,0.317,22.86,2,0.239
L028,oop_concepts,OOP Concepts,0.35,6.0,0.324,17.01,1,0.477
L035,oop_concepts,OOP Concepts,0.35,3.0,0.239,15.28,3,0.611
L009,algorithm_design,Algorithm Design,0.5,9.0,0.221,24.7,4,0.094
L009,software_engineering,Software Engineering,0.4,0.0,0.559,9.13,5,1.0
L013,computer_architecture,Computer Architecture,0.5,18.0,0.097,24.32,1,0.0
L019,neural_networks,Neural Networks,0.6,16.0,0.052,28.1,2,0.105
L037,operating_systems,Operating Systems,0.6,19.0,0.085,33.71,3,0.0
L014,computer_architecture,Computer Architecture,0.5,16.0,0.153,19.16,3,0.045
L018,computer_architecture,Computer Architecture,0.5,21.0,0.079,21.56,5,0.0
L034,computer_architecture,Computer Architecture,0.5,9.0,0.0,14.53,5,0.178
L009,computer_architecture,Computer Architecture,0.5,0.0,0.588,7.13,3,1.0
L024,data_structures,Data Structures,0.4,21.0,0.18,19.77,5,0.092
L005,discrete_mathematics,Discrete Mathematics,0.55,15.0,0.0,18.7,4,0.0
L001,probability_and_statistics,Probability & Statistics,0.65,18.0,0.059,20.2,4,0.0
L029,dbms_normalization,DBMS Normalization,0.7,13.0,0.263,20.65,5,0.06
L037,operating_systems,Operating Systems,0.6,17.0,0.216,23.89,2,0.103
L040,computer_architecture,Computer Architecture,0.5,16.0,0.069,27.33,2,0.066
L024,algorithm_design,Algorithm Design,0.5,9.0,0.044,15.67,5,0.116
L028,data_structures,Data Structures,0.4,1.0,0.564,7.91,5,0.862
L009,ml_fundamentals,ML Fundamentals,0.5,6.0,0.253,21.7,4,0.434
L017,computer_architecture,Computer Architecture,0.5,18.0,0.0,22.94,3,0.0
L013,computer_architecture,Computer Architecture,0.5,12.0,0.087,20.45,5,0.116
L011,computer_networks,Computer Networks,0.55,19.0,0.0,18.4,5,0.046
L013,algorithm_design,Algorithm Design,0.5,2.0,0.377,11.88,3,0.719
L019,software_engineering,Software Engineering,0.4,14.0,0.195,19.84,2,0.115
L016,oop_concepts,OOP Concepts,0.35,7.0,0.167,16.44,1,0.452
L039,software_engineering,Software Engineering,0.4,13.0,0.258,23.02,5,0.168
L012,algorithm_design,Algorithm Design,0.5,8.0,0.06,19.58,1,0.193
L010,computer_architecture,Computer Architecture,0.5,0.0,0.592,12.13,1,1.0
L022,discrete_mathematics,Discrete Mathematics,0.55,1.0,0.44,17.4,5,0.753
L007,algorithm_design,Algorithm Design,0.5,14.0,0.048,23.31,3,0.0
L024,computer_networks,Computer Networks,0.55,2.0,0.319,23.16,3,0.497
L016,operating_systems,Operating Systems,0.6,5.0,0.113,15.18,2,0.399
L029,computer_architecture,Computer Architecture,0.5,2.0,0.386,12.81,5,0.637
L033,ml_fundamentals,ML Fundamentals,0.5,14.0,0.126,21.7,5,0.024
L024,operating_systems,Operating Systems,0.6,1.0,0.502,7.06,4,0.954
L032,computer_architecture,Computer Architecture,0.5,10.0,0.125,23.04,1,0.153
L005,algorithm_design,Algorithm Design,0.5,15.0,0.0,19.64,5,0.033
L014,neural_networks,Neural Networks,0.6,17.0,0.017,20.41,4,0.049
L023,probability_and_statistics,Probability & Statistics,0.65,2.0,0.345,10.86,3,0.549
L017,software_engineering,Software Engineering,0.4,19.0,0.088,19.58,1,0.027
L025,computer_networks,Computer Networks,0.55,7.0,0.104,22.31,3,0.164
L011,neural_networks,Neural Networks,0.6,21.0,0.156,30.23,4,0.0
L040,computer_networks,Computer Networks,0.55,0.0,0.825,18.64,3,1.0
L015,oop_concepts,OOP Concepts,0.35,19.0,0.041,28.05,4,0.0
L026,dbms_normalization,DBMS Normalization,0.7,3.0,0.301,17.63,5,0.362
L004,oop_concepts,OOP Concepts,0.35,17.0,0.049,22.99,2,0.069
L022,probability_and_statistics,Probability & Statistics,0.65,21.0,0.0,18.42,3,0.0
L034,oop_concepts,OOP Concepts,0.35,8.0,0.308,15.42,4,0.345
L040,dbms_normalization,DBMS Normalization,0.7,16.0,0.208,15.78,3,0.057
L025,discrete_mathematics,Discrete Mathematics,0.55,17.0,0.145,15.84,3,0.013
L029,computer_architecture,Computer Architecture,0.5,20.0,0.135,27.37,2,0.001
L010,algorithm_design,Algorithm Design,0.5,5.0,0.382,13.95,3,0.278
L024,ml_fundamentals,ML Fundamentals,0.5,10.0,0.126,30.55,5,0.15
L028,operating_systems,Operating Systems,0.6,7.0,0.134,11.37,3,0.338
L019,computer_networks,Computer Networks,0.55,0.0,0.791,18.09,4,0.995
L004,operating_systems,Operating Systems,0.6,19.0,0.054,23.27,2,0.008
L015,computer_networks,Computer Networks,0.55,18.0,0.185,22.47,4,0.109
L006,algorithm_design,Algorithm Design,0.5,13.0,0.061,21.7,3,0.109
L003,oop_concepts,OOP Concepts,0.35,18.0,0.0,26.04,2,0.026
L002,computer_networks,Computer Networks,0.55,15.0,0.0,20.46,4,0.061
L029,operating_systems,Operating Systems,0.6,3.0,0.153,21.27,4,0.26
L020,dbms_normalization,DBMS Normalization,0.7,5.0,0.16,16.02,4,0.236
L030,dbms_normalization,DBMS Normalization,0.7,7.0,0.213,19.78,4,0.0
L003,operating_systems,Operating Systems,0.6,20.0,0.0,24.17,3,0.0
L033,operating_systems,Operating Systems,0.6,18.0,0.0,18.99,4,0.0
L040,operating_systems,Operating Systems,0.6,11.0,0.061,20.67,1,0.0
L015,discrete_mathematics,Discrete Mathematics,0.55,2.0,0.408,16.77,2,0.59
L002,algorithm_design,Algorithm Design,0.5,3.0,0.303,16.42,3,0.691
L034,operating_systems,Operating Systems,0.6,8.0,0.046,19.12,1,0.137
L005,oop_concepts,OOP Concepts,0.35,16.0,0.148,15.39,1,0.095
L038,dbms_normalization,DBMS Normalization,0.7,5.0,0.071,18.09,1,0.241
L015,software_engineering,Software Engineering,0.4,13.0,0.166,17.9,3,0.0
L035,software_engineering,Software Engineering,0.4,15.0,0.186,25.51,1,0.033
L015,discrete_mathematics,Discrete Mathematics,0.55,17.0,0.229,25.47,5,0.045
L026,algorithm_design,Algorithm Design,0.5,5.0,0.246,17.17,5,0.465
L019,computer_architecture,Computer Architecture,0.5,2.0,0.562,15.32,2,0.603
L027,dbms_normalization,DBMS Normalization,0.7,18.0,0.0,23.32,4,0.004
L022,data_structures,Data Structures,0.4,5.0,0.419,13.11,1,0.492
L017,software_engineering,Software Engineering,0.4,4.0,0.192,21.73,3,0.45
L021,discrete_mathematics,Discrete Mathematics,0.55,8.0,0.289,26.92,2,0.157
L015,probability_and_statistics,Probability & Statistics,0.65,20.0,0.059,18.12,1,0.015
L004,dbms_normalization,DBMS Normalization,0.7,10.0,0.111,21.58,4,0.026
L010,probability_and_statistics,Probability & Statistics,0.65,5.0,0.022,18.19,2,0.021
L019,operating_systems,Operating Systems,0.6,3.0,0.401,18.25,5,0.644
L016,operating_systems,Operating Systems,0.6,17.0,0.026,24.16,2,0.0
L023,oop_concepts,OOP Concepts,0.35,1.0,0.613,15.66,1,0.863
L017,computer_architecture,Computer Architecture,0.5,18.0,0.071,16.92,2,0.099
L012,algorithm_design,Algorithm Design,0.5,15.0,0.021,21.17,1,0.202
L011,dbms_normalization,DBMS Normalization,0.7,12.0,0.201,23.39,3,0.075
L032,computer_architecture,Computer Architecture,0.5,7.0,0.217,18.13,2,0.142
L011,software_engineering,Software Engineering,0.4,4.0,0.378,16.36,3,0.547
L021,algorithm_design,Algorithm Design,0.5,8.0,0.111,22.73,3,0.195
L016,neural_networks,Neural Networks,0.6,19.0,0.213,23.05,2,0.0
L025,computer_architecture,Computer Architecture,0.5,15.0,0.0,18.53,2,0.047
L001,discrete_mathematics,Discrete Mathematics,0.55,1.0,0.688,7.33,1,0.757
L008,computer_architecture,Computer Architecture,0.5,10.0,0.054,22.78,3,0.214
L035,software_engineering,Software Engineering,0.4,1.0,0.658,13.59,2,0.847
L039,algorithm_design,Algorithm Design,0.5,12.0,0.128,21.27,5,0.101
L017,discrete_mathematics,Discrete Mathematics,0.55,21.0,0.0,28.59,4,0.158
L038,probability_and_statistics,Probability & Statistics,0.65,3.0,0.444,13.0,1,0.447
L007,operating_systems,Operating Systems,0.6,7.0,0.068,9.92,4,0.17
L012,oop_concepts,OOP Concepts,0.35,1.0,0.502,14.82,3,0.856
L011,computer_architecture,Computer Architecture,0.5,21.0,0.261,22.0,3,0.051
L020,computer_networks,Computer Networks,0.55,4.0,0.337,19.06,5,0.43
L018,operating_systems,Operating Systems,0.6,7.0,0.127,19.79,2,0.114
L025,algorithm_design,Algorithm Design,0.5,21.0,0.008,22.54,3,0.0
L034,computer_networks,Computer Networks,0.55,21.0,0.02,21.1,5,0.071
L006,probability_and_statistics,Probability & Statistics,0.65,2.0,0.551,21.63,3,0.643
L030,ml_fundamentals,ML Fundamentals,0.5,17.0,0.161,15.1,1,0.0
L004,operating_systems,Operating Systems,0.6,14.0,0.0,22.06,2,0.0
L006,data_structures,Data Structures,0.4,21.0,0.284,20.46,1,0.0
L032,software_engineering,Software Engineering,0.4,15.0,0.0,19.07,1,0.183
L027,neural_networks,Neural Networks,0.6,4.0,0.376,10.56,4,0.403
L016,operating_systems,Operating Systems,0.6,19.0,0.085,22.14,4,0.0
L015,computer_architecture,Computer Architecture,0.5,20.0,0.002,24.32,4,0.0
L026,ml_fundamentals,ML Fundamentals,0.5,5.0,0.383,21.45,3,0.331
L033,operating_systems,Operating Systems,0.6,1.0,0.692,6.72,5,0.901
L031,neural_networks,Neural Networks,0.6,1.0,0.504,8.2,2,0.685
L021,computer_networks,Computer Networks,0.55,6.0,0.152,19.67,4,0.258
L025,algorithm_design,Algorithm Design,0.5,21.0,0.035,21.09,4,0.112
L031,oop_concepts,OOP Concepts,0.35,19.0,0.11,21.31,4,0.0
L002,computer_architecture,Computer Architecture,0.5,3.0,0.21,21.52,4,0.375
L012,data_structures,Data Structures,0.4,3.0,0.22,11.99,4,0.534
L004,computer_architecture,Computer Architecture,0.5,0.0,0.583,13.6,2,1.0
L036,operating_systems,Operating Systems,0.6,5.0,0.25,21.22,1,0.385
L031,ml_fundamentals,ML Fundamentals,0.5,18.0,0.051,27.05,4,0.011
L006,computer_networks,Computer Networks,0.55,14.0,0.176,27.54,2,0.062
L007,operating_systems,Operating Systems,0.6,3.0,0.581,18.76,5,0.472
L026,data_structures,Data Structures,0.4,8.0,0.209,14.28,3,0.338
L015,probability_and_statistics,Probability & Statistics,0.65,11.0,0.077,26.97,3,0.0
L024,oop_concepts,OOP Concepts,0.35,7.0,0.051,21.73,3,0.348
L013,algorithm_design,Algorithm Design,0.5,10.0,0.155,22.26,3,0.018
L010,software_engineering,Software Engineering,0.4,0.0,0.736,14.23,1,0.956
L034,algorithm_design,Algorithm Design,0.5,14.0,0.0,17.62,1,0.0
L015,operating_systems,Operating Systems,0.6,4.0,0.216,13.96,5,0.227
L019,operating_systems,Operating Systems,0.6,14.0,0.0,19.86,5,0.235
L040,dbms_normalization,DBMS Normalization,0.7,2.0,0.283,5.21,1,0.675
L009,probability_and_statistics,Probability & Statistics,0.65,13.0,0.143,18.32,1,0.0
L007,computer_networks,Computer Networks,0.55,4.0,0.441,20.01,2,0.546
L023,operating_systems,Operating Systems,0.6,14.0,0.0,28.2,2,0.039
L038,software_engineering,Software Engineering,0.4,14.0,0.007,23.61,5,0.165
L011,oop_concepts,OOP Concepts,0.35,4.0,0.491,17.9,2,0.612
L026,algorithm_design,Algorithm Design,0.5,18.0,0.0,20.08,1,0.0
L038,software_engineering,Software Engineering,0.4,6.0,0.292,20.34,3,0.322
L006,oop_concepts,OOP Concepts,0.35,10.0,0.274,12.97,5,0.207
L012,discrete_mathematics,Discrete Mathematics,0.55,20.0,0.083,21.26,4,0.107
L024,discrete_mathematics,Discrete Mathematics,0.55,17.0,0.012,18.79,1,0.008
L038,data_structures,Data Structures,0.4,0.0,0.748,11.9,3,1.0
L033,computer_architecture,Computer Architecture,0.5,19.0,0.0,20.98,5,0.098
L015,oop_concepts,OOP Concepts,0.35,3.0,0.464,18.05,2,0.645
L026,computer_networks,Computer Networks,0.55,9.0,0.0,19.6,5,0.155
L003,oop_concepts,OOP Concepts,0.35,17.0,0.028,21.08,1,0.157
L027,algorithm_design,Algorithm Design,0.5,3.0,0.338,14.41,5,0.595
L028,algorithm_design,Algorithm Design,0.5,16.0,0.116,13.28,4,0.0
L007,operating_systems,Operating Systems,0.6,0.0,0.59,3.0,3,1.0
L030,operating_systems,Operating Systems,0.6,21.0,0.043,23.58,3,0.051
L019,algorithm_design,Algorithm Design,0.5,1.0,0.313,12.1,2,0.786
L011,dbms_normalization,DBMS Normalization,0.7,20.0,0.011,28.74,1,0.045
L012,data_structures,Data Structures,0.4,14.0,0.152,26.22,4,0.151
L010,probability_and_statistics,Probability & Statistics,0.65,21.0,0.0,21.74,4,0.061
L026,operating_systems,Operating Systems,0.6,7.0,0.03,23.55,2,0.085
L007,software_engineering,Software Engineering,0.4,14.0,0.147,26.9,1,0.0
L036,dbms_normalization,DBMS Normalization,0.7,19.0,0.0,28.66,1,0.028
L005,computer_architecture,Computer Architecture,0.5,1.0,0.52,13.86,4,0.738
L021,neural_networks,Neural Networks,0.6,21.0,0.0,15.72,2,0.012
L037,probability_and_statistics,Probability & Statistics,0.65,19.0,0.222,20.06,5,0.0
L009,software_engineering,Software Engineering,0.4,12.0,0.161,15.14,5,0.222
L002,discrete_mathematics,Discrete Mathematics,0.55,8.0,0.108,21.03,3,0.229
L002,probability_and_statistics,Probability & Statistics,0.65,13.0,0.0,22.46,5,0.1
L001,computer_architecture,Computer Architecture,0.5,0.0,0.702,11.1,2,0.965
L008,dbms_normalization,DBMS Normalization,0.7,1.0,0.499,20.42,4,0.733
L006,software_engineering,Software Engineering,0.4,20.0,0.0,22.85,1,0.073
L029,algorithm_design,Algorithm Design,0.5,16.0,0.0,22.58,5,0.032
L033,ml_fundamentals,ML Fundamentals,0.5,18.0,0.167,13.41,1,0.071
L016,neural_networks,Neural Networks,0.6,12.0,0.0,19.67,5,0.032
L019,dbms_normalization,DBMS Normalization,0.7,12.0,0.0,19.3,1,0.0
L010,neural_networks,Neural Networks,0.6,17.0,0.095,23.62,1,0.0
L020,software_engineering,Software Engineering,0.4,5.0,0.251,12.36,1,0.456
L024,operating_systems,Operating Systems,0.6,8.0,0.226,32.91,1,0.068
L020,oop_concepts,OOP Concepts,0.35,1.0,0.652,18.02,2,0.764
L038,computer_architecture,Computer Architecture,0.5,19.0,0.037,27.34,5,0.11
L016,algorithm_design,Algorithm Design,0.5,13.0,0.148,24.87,2,0.129
L005,computer_architecture,Computer Architecture,0.5,16.0,0.111,18.57,1,0.045
L030,computer_networks,Computer Networks,0.55,3.0,0.583,16.77,3,0.617
L027,computer_architecture,Computer Architecture,0.5,5.0,0.08,20.88,2,0.404
L024,ml_fundamentals,ML Fundamentals,0.5,3.0,0.278,10.44,5,0.133
L018,operating_systems,Operating Systems,0.6,20.0,0.121,23.96,5,0.011
L020,dbms_normalization,DBMS Normalization,0.7,2.0,0.417,19.07,3,0.7
L014,operating_systems,Operating Systems,0.6,7.0,0.108,24.61,4,0.21
L028,software_engineering,Software Engineering,0.4,6.0,0.104,23.08,1,0.169
L028,dbms_normalization,DBMS Normalization,0.7,2.0,0.345,15.34,4,0.45
L022,ml_fundamentals,ML Fundamentals,0.5,1.0,0.481,11.22,5,0.91
L040,operating_systems,Operating Systems,0.6,20.0,0.0,27.91,3,0.076
L005,data_structures,Data Structures,0.4,0.0,0.756,5.53,4,1.0
L006,algorithm_design,Algorithm Design,0.5,1.0,0.471,17.98,5,0.862
L019,probability_and_statistics,Probability & Statistics,0.65,10.0,0.019,26.52,5,0.164
L025,computer_architecture,Computer Architecture,0.5,0.0,0.829,15.57,4,1.0
L012,discrete_mathematics,Discrete Mathematics,0.55,4.0,0.394,23.11,5,0.456
L015,ml_fundamentals,ML Fundamentals,0.5,14.0,0.0,30.18,2,0.045
L004,operating_systems,Operating Systems,0.6,0.0,0.611,11.77,1,0.963
L010,computer_architecture,Computer Architecture,0.5,6.0,0.223,16.6,5,0.304
L018,software_engineering,Software Engineering,0.4,21.0,0.0,15.52,1,0.058
L006,discrete_mathematics,Discrete Mathematics,0.55,8.0,0.112,21.08,2,0.206
L010,data_structures,Data Structures,0.4,4.0,0.342,14.71,1,0.492
L025,software_engineering,Software Engineering,0.4,2.0,0.535,17.72,1,0.72
L033,data_structures,Data Structures,0.4,19.0,0.059,20.96,2,0.083
L036,software_engineering,Software Engineering,0.4,1.0,0.601,11.38,2,0.795
L007,ml_fundamentals,ML Fundamentals,0.5,1.0,0.641,14.46,1,0.826
L002,discrete_mathematics,Discrete Mathematics,0.55,6.0,0.148,21.49,3,0.124
L024,oop_concepts,OOP Concepts,0.35,14.0,0.158,17.91,1,0.095
L033,computer_architecture,Computer Architecture,0.5,10.0,0.06,18.24,3,0.111
L011,probability_and_statistics,Probability & Statistics,0.65,17.0,0.0,21.4,1,0.0
L011,probability_and_statistics,Probability & Statistics,0.65,21.0,0.174,23.19,4,0.067
L035,dbms_normalization,DBMS Normalization,0.7,21.0,0.121,21.15,2,0.0
L022,algorithm_design,Algorithm Design,0.5,17.0,0.158,23.0,2,0.088
L022,dbms_normalization,DBMS Normalization,0.7,5.0,0.288,16.68,2,0.338
L028,discrete_mathematics,Discrete Mathematics,0.55,11.0,0.0,25.0,1,0.057
L010,neural_networks,Neural Networks,0.6,8.0,0.264,26.61,4,0.247
L035,ml_fundamentals,ML Fundamentals,0.5,0.0,0.631,3.0,5,0.999
L002,neural_networks,Neural Networks,0.6,2.0,0.365,20.21,4,0.504
L015,computer_networks,Computer Networks,0.55,15.0,0.031,18.03,2,0.0
L006,dbms_normalization,DBMS Normalization,0.7,18.0,0.0,23.1,4,0.03
L024,computer_networks,Computer Networks,0.55,13.0,0.221,25.98,5,0.102
L030,algorithm_design,Algorithm Design,0.5,6.0,0.26,22.83,2,0.339
L028,probability_and_statistics,Probability & Statistics,0.65,7.0,0.163,19.14,1,0.136
L008,computer_networks,Computer Networks,0.55,14.0,0.032,25.1,3,0.0
L022,computer_architecture,Computer Architecture,0.5,9.0,0.246,21.02,3,0.232
L001,neural_networks,Neural Networks,0.6,13.0,0.019,25.66,4,0.073
L025,probability_and_statistics,Probability & Statistics,0.65,2.0,0.291,16.66,3,0.471
L013,oop_concepts,OOP Concepts,0.35,8.0,0.036,15.07,5,0.231
L012,data_structures,Data Structures,0.4,15.0,0.039,19.14,4,0.0
L033,software_engineering,Software Engineering,0.4,4.0,0.468,18.12,4,0.538
L022,oop_concepts,OOP Concepts,0.35,14.0,0.168,18.36,2,0.131
L012,probability_and_statistics,Probability & Statistics,0.65,15.0,0.107,18.03,3,0.0
L035,dbms_normalization,DBMS Normalization,0.7,8.0,0.152,24.56,1,0.004
L013,data_structures,Data Structures,0.4,21.0,0.282,23.1,4,0.04
L002,software_engineering,Software Engineering,0.4,17.0,0.119,20.54,1,0.115
L040,oop_concepts,OOP Concepts,0.35,11.0,0.206,19.85,3,0.2
L010,discrete_mathematics,Discrete Mathematics,0.55,17.0,0.085,21.27,2,0.07
L032,data_structures,Data Structures,0.4,11.0,0.241,23.99,4,0.081
L029,computer_networks,Computer Networks,0.55,17.0,0.009,21.48,2,0.067
L008,software_engineering,Software Engineering,0.4,17.0,0.018,25.01,4,0.039
L037,dbms_normalization,DBMS Normalization,0.7,7.0,0.128,14.95,3,0.073
L024,dbms_normalization,DBMS Normalization,0.7,18.0,0.121,26.07,4,0.0
L005,software_engineering,Software Engineering,0.4,16.0,0.031,20.03,1,0.049
L020,computer_architecture,Computer Architecture,0.5,4.0,0.278,22.52,4,0.425
L002,data_structures,Data Structures,0.4,14.0,0.188,21.89,3,0.136
L035,ml_fundamentals,ML Fundamentals,0.5,10.0,0.102,17.01,5,0.161
L022,operating_systems,Operating Systems,0.6,18.0,0.0,17.6,1,0.118
L037,computer_networks,Computer Networks,0.55,12.0,0.126,25.52,2,0.076
L008,software_engineering,Software Engineering,0.4,8.0,0.206,18.63,5,0.166
L040,algorithm_design,Algorithm Design,0.5,4.0,0.199,18.12,3,0.364
L029,data_structures,Data Structures,0.4,10.0,0.124,20.09,3,0.144
L023,ml_fundamentals,ML Fundamentals,0.5,12.0,0.0,20.62,2,0.0
L031,oop_concepts,OOP Concepts,0.35,2.0,0.671,13.12,4,0.905
L017,algorithm_design,Algorithm Design,0.5,15.0,0.055,23.01,1,0.156
L009,oop_concepts,OOP Concepts,0.35,17.0,0.143,20.21,3,0.012
L026,computer_networks,Computer Networks,0.55,3.0,0.245,15.52,2,0.34
L030,algorithm_design,Algorithm Design,0.5,21.0,0.0,23.86,4,0.0
L011,neural_networks,Neural Networks,0.6,12.0,0.0,20.47,5,0.139
L028,neural_networks,Neural Networks,0.6,9.0,0.0,18.48,5,0.164
L039,computer_networks,Computer Networks,0.55,8.0,0.154,22.25,2,0.1
L032,computer_networks,Computer Networks,0.55,5.0,0.196,29.52,3,0.276
L035,algorithm_design,Algorithm Design,0.5,10.0,0.194,25.3,3,0.17
L007,probability_and_statistics,Probability & Statistics,0.65,4.0,0.186,16.9,4,0.256
L010,dbms_normalization,DBMS Normalization,0.7,15.0,0.0,30.24,4,0.017
L008,probability_and_statistics,Probability & Statistics,0.65,5.0,0.033,21.51,1,0.124
L028,ml_fundamentals,ML Fundamentals,0.5,7.0,0.0,13.3,2,0.14
L021,dbms_normalization,DBMS Normalization,0.7,13.0,0.0,25.07,2,0.009
L020,computer_architecture,Computer Architecture,0.5,1.0,0.475,13.0,2,0.766
L032,computer_architecture,Computer Architecture,0.5,8.0,0.239,16.01,3,0.198
L032,ml_fundamentals,ML Fundamentals,0.5,6.0,0.194,21.59,2,0.213
L011,neural_networks,Neural Networks,0.6,9.0,0.06,24.37,5,0.036
L020,oop_concepts,OOP Concepts,0.35,19.0,0.031,21.27,2,0.129
L003,neural_networks,Neural Networks,0.6,0.0,0.666,3.83,1,0.972
L036,computer_networks,Computer Networks,0.55,8.0,0.02,21.17,2,0.194
L040,operating_systems,Operating Systems,0.6,15.0,0.0,25.33,2,0.037
L002,dbms_normalization,DBMS Normalization,0.7,17.0,0.0,17.11,2,0.001
L007,ml_fundamentals,ML Fundamentals,0.5,5.0,0.244,16.29,5,0.298
L008,dbms_normalization,DBMS Normalization,0.7,15.0,0.067,19.43,4,0.0
L032,computer_networks,Computer Networks,0.55,13.0,0.045,23.5,3,0.0
L001,data_structures,Data Structures,0.4,15.0,0.125,16.3,5,0.098
L010,neural_networks,Neural Networks,0.6,0.0,0.667,9.8,4,0.979
L024,computer_networks,Computer Networks,0.55,2.0,0.301,15.62,3,0.526
L008,software_engineering,Software Engineering,0.4,3.0,0.389,13.62,5,0.507
L013,neural_networks,Neural Networks,0.6,14.0,0.0,19.53,4,0.074
L002,computer_networks,Computer Networks,0.55,10.0,0.001,25.47,1,0.235
L039,computer_networks,Computer Networks,0.55,4.0,0.108,17.34,1,0.167
L018,algorithm_design,Algorithm Design,0.5,8.0,0.056,25.03,3,0.088
L009,operating_systems,Operating Systems,0.6,3.0,0.213,15.67,1,0.169
L036,algorithm_design,Algorithm Design,0.5,13.0,0.16,22.07,2,0.087
L013,neural_networks,Neural Networks,0.6,18.0,0.085,22.75,5,0.083
L005,software_engineering,Software Engineering,0.4,13.0,0.176,20.37,3,0.156
L030,data_structures,Data Structures,0.4,18.0,0.171,24.44,4,0.015
L037,neural_networks,Neural Networks,0.6,18.0,0.0,25.01,1,0.038
L013,computer_networks,Computer Networks,0.55,16.0,0.0,27.05,3,0.098
L005,algorithm_design,Algorithm Design,0.5,17.0,0.06,20.66,4,0.0
L015,computer_networks,Computer Networks,0.55,16.0,0.0,22.18,2,0.001
L012,data_structures,Data Structures,0.4,18.0,0.053,19.3,4,0.049
L027,operating_systems,Operating Systems,0.6,6.0,0.365,20.75,5,0.282
L001,data_structures,Data Structures,0.4,16.0,0.111,17.72,2,0.093
L025,software_engineering,Software Engineering,0.4,14.0,0.267,20.99,1,0.122
L012,ml_fundamentals,ML Fundamentals,0.5,12.0,0.0,18.41,1,0.027
L029,dbms_normalization,DBMS Normalization,0.7,18.0,0.172,20.56,5,0.0
L002,probability_and_statistics,Probability & Statistics,0.65,13.0,0.077,13.8,4,0.0
L040,dbms_normalization,DBMS Normalization,0.7,21.0,0.066,22.06,4,0.022
L007,algorithm_design,Algorithm Design,0.5,13.0,0.0,27.34,5,0.0
L029,dbms_normalization,DBMS Normalization,0.7,12.0,0.024,17.62,4,0.0
L039,computer_architecture,Computer Architecture,0.5,15.0,0.0,18.64,5,0.051
L027,discrete_mathematics,Discrete Mathematics,0.55,2.0,0.283,14.61,3,0.68
L011,probability_and_statistics,Probability & Statistics,0.65,6.0,0.224,28.5,5,0.155
L019,computer_architecture,Computer Architecture,0.5,8.0,0.111,21.56,2,0.313
L034,computer_networks,Computer Networks,0.55,16.0,0.0,20.43,4,0.0
L021,computer_networks,Computer Networks,0.55,19.0,0.0,17.79,5,0.034
L012,probability_and_statistics,Probability & Statistics,0.65,7.0,0.088,17.52,4,0.091
L038,data_structures,Data Structures,0.4,2.0,0.469,17.02,2,0.695
L032,operating_systems,Operating Systems,0.6,20.0,0.0,30.27,1,0.0
L022,dbms_normalization,DBMS Normalization,0.7,20.0,0.142,21.78,3,0.0
L017,neural_networks,Neural Networks,0.6,6.0,0.19,19.62,2,0.288
L031,oop_concepts,OOP Concepts,0.35,5.0,0.349,13.37,1,0.566
L030,computer_architecture,Computer Architecture,0.5,1.0,0.607,17.1,5,0.835
L004,ml_fundamentals,ML Fundamentals,0.5,10.0,0.029,19.85,2,0.035
L016,neural_networks,Neural Networks,0.6,16.0,0.034,22.69,4,0.005
L008,computer_architecture,Computer Architecture,0.5,8.0,0.0,23.55,2,0.245
L019,discrete_mathematics,Discrete Mathematics,0.55,10.0,0.052,28.69,2,0.036
L034,oop_concepts,OOP Concepts,0.35,10.0,0.295,10.66,1,0.202
L029,neural_networks,Neural Networks,0.6,12.0,0.0,18.97,3,0.075
L038,software_engineering,Software Engineering,0.4,0.0,0.767,9.09,4,1.0
L010,discrete_mathematics,Discrete Mathematics,0.55,14.0,0.059,19.88,2,0.122
L001,dbms_normalization,DBMS Normalization,0.7,19.0,0.105,17.99,2,0.0
L013,computer_networks,Computer Networks,0.55,6.0,0.224,20.13,1,0.335
L036,computer_networks,Computer Networks,0.55,9.0,0.008,14.48,4,0.0
L029,discrete_mathematics,Discrete Mathematics,0.55,21.0,0.0,27.28,5,0.0
L014,discrete_mathematics,Discrete Mathematics,0.55,15.0,0.123,24.55,2,0.069
L034,data_structures,Data Structures,0.4,5.0,0.297,21.8,3,0.49
L004,software_engineering,Software Engineering,0.4,0.0,0.515,19.05,1,0.958
L032,computer_networks,Computer Networks,0.55,10.0,0.131,19.72,4,0.035
L024,data_structures,Data Structures,0.4,9.0,0.201,20.2,4,0.115
L003,ml_fundamentals,ML Fundamentals,0.5,6.0,0.304,22.66,5,0.388
L035,software_engineering,Software Engineering,0.4,4.0,0.405,21.46,3,0.424
L039,algorithm_design,Algorithm Design,0.5,11.0,0.075,19.3,3,0.06
L040,ml_fundamentals,ML Fundamentals,0.5,3.0,0.276,10.55,3,0.571
L034,discrete_mathematics,Discrete Mathematics,0.55,18.0,0.057,26.79,5,0.0
L005,data_structures,Data Structures,0.4,12.0,0.195,15.69,5,0.137
L028,discrete_mathematics,Discrete Mathematics,0.55,9.0,0.043,21.37,5,0.19
L006,data_structures,Data Structures,0.4,8.0,0.253,18.51,1,0.389
L034,computer_architecture,Computer Architecture,0.5,4.0,0.47,20.38,5,0.415
L003,data_structures,Data Structures,0.4,5.0,0.413,15.96,3,0.42
L029,computer_networks,Computer Networks,0.55,21.0,0.0,22.28,4,0.0
L031,data_structures,Data Structures,0.4,11.0,0.182,20.76,2,0.186
L032,data_structures,Data Structures,0.4,20.0,0.041,20.8,3,0.167
L031,discrete_mathematics,Discrete Mathematics,0.55,15.0,0.172,20.96,5,0.195
L014,discrete_mathematics,Discrete Mathematics,0.55,17.0,0.02,24.84,3,0.0
L038,algorithm_design,Algorithm Design,0.5,7.0,0.182,20.31,4,0.088
L001,dbms_normalization,DBMS Normalization,0.7,1.0,0.428,16.93,3,0.747
L023,neural_networks,Neural Networks,0.6,1.0,0.409,17.04,1,0.763
L010,computer_architecture,Computer Architecture,0.5,8.0,0.192,30.03,1,0.227
L040,neural_networks,Neural Networks,0.6,17.0,0.0,16.94,1,0.0
L011,operating_systems,Operating Systems,0.6,2.0,0.258,16.34,2,0.482
L037,oop_concepts,OOP Concepts,0.35,6.0,0.295,16.66,4,0.573
L026,operating_systems,Operating Systems,0.6,11.0,0.09,16.01,2,0.137
L032,oop_concepts,OOP Concepts,0.35,16.0,0.0,20.32,2,0.144
L025,operating_systems,Operating Systems,0.6,13.0,0.0,23.52,1,0.0
L040,computer_networks,Computer Networks,0.55,0.0,0.717,9.6,1,1.0
L019,oop_concepts,OOP Concepts,0.35,0.0,0.74,8.46,5,1.0
L030,computer_networks,Computer Networks,0.55,4.0,0.38,22.85,3,0.409
L024,computer_architecture,Computer Architecture,0.5,10.0,0.0,22.11,5,0.125
L025,oop_concepts,OOP Concepts,0.35,13.0,0.126,20.42,5,0.052
L017,computer_architecture,Computer Architecture,0.5,15.0,0.139,20.66,4,0.107
L012,probability_and_statistics,Probability & Statistics,0.65,11.0,0.183,15.37,2,0.229
L040,neural_networks,Neural Networks,0.6,1.0,0.545,14.82,1,0.668
L021,discrete_mathematics,Discrete Mathematics,0.55,8.0,0.23,31.35,1,0.176
L002,software_engineering,Software Engineering,0.4,17.0,0.0,25.23,1,0.035
L003,data_structures,Data Structures,0.4,8.0,0.109,23.09,2,0.202
L037,dbms_normalization,DBMS Normalization,0.7,12.0,0.004,24.53,4,0.101
L039,algorithm_design,Algorithm Design,0.5,4.0,0.267,21.65,5,0.316
L018,probability_and_statistics,Probability & Statistics,0.65,3.0,0.248,22.96,3,0.512
L007,discrete_mathematics,Discrete Mathematics,0.55,10.0,0.064,26.53,5,0.148
L011,dbms_normalization,DBMS Normalization,0.7,10.0,0.021,22.34,2,0.101
L031,ml_fundamentals,ML Fundamentals,0.5,3.0,0.473,16.84,3,0.576
L030,ml_fundamentals,ML Fundamentals,0.5,20.0,0.227,25.89,3,0.031
L007,oop_concepts,OOP Concepts,0.35,5.0,0.34,17.85,2,0.537
L027,discrete_mathematics,Discrete Mathematics,0.55,0.0,0.824,15.71,4,1.0
L028,neural_networks,Neural Networks,0.6,18.0,0.0,17.48,1,0.004
L025,dbms_normalization,DBMS Normalization,0.7,3.0,0.147,24.57,4,0.167
L013,dbms_normalization,DBMS Normalization,0.7,14.0,0.082,20.29,5,0.0
L003,ml_fundamentals,ML Fundamentals,0.5,21.0,0.0,21.43,3,0.016
L024,algorithm_design,Algorithm Design,0.5,7.0,0.218,18.64,4,0.363
L040,ml_fundamentals,ML Fundamentals,0.5,10.0,0.241,16.35,4,0.263
L016,computer_networks,Computer Networks,0.55,4.0,0.156,19.91,5,0.252
L028,oop_concepts,OOP Concepts,0.35,3.0,0.498,17.32,5,0.799
L040,data_structures,Data Structures,0.4,19.0,0.114,24.57,1,0.056
L034,neural_networks,Neural Networks,0.6,2.0,0.495,23.79,2,0.44
L036,operating_systems,Operating Systems,0.6,5.0,0.284,22.99,4,0.271
L005,dbms_normalization,DBMS Normalization,0.7,12.0,0.0,19.2,3,0.013
L001,software_engineering,Software Engineering,0.4,17.0,0.285,26.82,2,0.054
L028,ml_fundamentals,ML Fundamentals,0.5,10.0,0.0,19.27,5,0.178
L023,data_structures,Data Structures,0.4,15.0,0.17,22.44,4,0.137
L017,computer_architecture,Computer Architecture,0.5,10.0,0.206,20.94,4,0.126
L007,data_structures,Data Structures,0.4,12.0,0.257,22.93,1,0.206
L024,ml_fundamentals,ML Fundamentals,0.5,1.0,0.61,16.62,1,0.806
L029,computer_networks,Computer Networks,0.55,17.0,0.095,25.91,5,0.038
L010,data_structures,Data Structures,0.4,14.0,0.0,26.39,2,0.0
L004,data_structures,Data Structures,0.4,4.0,0.533,18.88,3,0.437
L010,oop_concepts,OOP Concepts,0.35,7.0,0.338,16.4,1,0.412
L032,data_structures,Data Structures,0.4,6.0,0.341,19.15,3,0.398
L024,oop_concepts,OOP Concepts,0.35,20.0,0.0,21.04,1,0.084
L029,oop_concepts,OOP Concepts,0.35,9.0,0.294,13.63,4,0.355
L026,computer_architecture,Computer Architecture,0.5,16.0,0.098,20.59,4,0.014
L009,computer_architecture,Computer Architecture,0.5,13.0,0.106,28.89,3,0.053
L011,operating_systems,Operating Systems,0.6,19.0,0.0,27.3,3,0.066
L025,operating_systems,Operating Systems,0.6,3.0,0.439,17.01,1,0.503
L013,discrete_mathematics,Discrete Mathematics,0.55,10.0,0.0,21.89,1,0.029
L029,dbms_normalization,DBMS Normalization,0.7,5.0,0.173,24.16,5,0.331
L022,computer_networks,Computer Networks,0.55,14.0,0.04,29.53,5,0.086
L025,software_engineering,Software Engineering,0.4,6.0,0.256,18.98,3,0.259
L017,oop_concepts,OOP Concepts,0.35,1.0,0.658,6.53,3,0.825
L022,ml_fundamentals,ML Fundamentals,0.5,13.0,0.009,26.14,2,0.0
L019,operating_systems,Operating Systems,0.6,9.0,0.122,29.9,4,0.218
L007,computer_architecture,Computer Architecture,0.5,16.0,0.0,20.88,2,0.096
L010,oop_concepts,OOP Concepts,0.35,3.0,0.338,12.24,5,0.601
L017,dbms_normalization,DBMS Normalization,0.7,12.0,0.0,26.71,2,0.009
L039,operating_systems,Operating Systems,0.6,8.0,0.238,16.3,5,0.186
L039,computer_networks,Computer Networks,0.55,4.0,0.171,16.67,2,0.265
L039,algorithm_design,Algorithm Design,0.5,7.0,0.317,15.35,1,0.289
L014,algorithm_design,Algorithm Design,0.5,9.0,0.093,25.23,1,0.098
L039,software_engineering,Software Engineering,0.4,4.0,0.441,21.17,2,0.556
L039,dbms_normalization,DBMS Normalization,0.7,2.0,0.37,11.5,2,0.665
L036,computer_networks,Computer Networks,0.55,10.0,0.149,23.33,3,0.158
L011,algorithm_design,Algorithm Design,0.5,8.0,0.253,22.45,2,0.331
L016,computer_networks,Computer Networks,0.55,9.0,0.286,17.7,1,0.174
L038,ml_fundamentals,ML Fundamentals,0.5,8.0,0.0,24.66,5,0.305
L006,data_structures,Data Structures,0.4,6.0,0.32,19.72,5,0.36
L026,neural_networks,Neural Networks,0.6,16.0,0.277,23.24,2,0.0
L033,software_engineering,Software Engineering,0.4,9.0,0.0,21.02,4,0.027
L035,discrete_mathematics,Discrete Mathematics,0.55,1.0,0.477,14.45,1,0.767
L024,operating_systems,Operating Systems,0.6,5.0,0.235,17.02,5,0.261
L033,computer_networks,Computer Networks,0.55,3.0,0.302,14.82,5,0.527
L012,algorithm_design,Algorithm Design,0.5,5.0,0.445,16.14,2,0.42
L012,operating_systems,Operating Systems,0.6,18.0,0.044,17.85,4,0.0
L007,operating_systems,Operating Systems,0.6,21.0,0.124,22.75,5,0.129
L010,dbms_normalization,DBMS Normalization,0.7,17.0,0.0,23.2,1,0.0
L010,software_engineering,Software Engineering,0.4,21.0,0.145,30.15,5,0.002
L015,neural_networks,Neural Networks,0.6,5.0,0.0,16.73,3,0.123
L013,discrete_mathematics,Discrete Mathematics,0.55,12.0,0.0,21.17,1,0.012
L005,ml_fundamentals,ML Fundamentals,0.5,6.0,0.273,22.81,2,0.38
L037,algorithm_design,Algorithm Design,0.5,4.0,0.341,15.85,2,0.442
L005,probability_and_statistics,Probability & Statistics,0.65,8.0,0.03,30.39,4,0.025
L028,operating_systems,Operating Systems,0.6,12.0,0.0,26.61,4,0.0
L007,discrete_mathematics,Discrete Mathematics,0.55,14.0,0.023,20.87,4,0.105
L008,algorithm_design,Algorithm Design,0.5,11.0,0.154,29.33,1,0.087
L021,algorithm_design,Algorithm Design,0.5,15.0,0.08,21.27,2,0.003
L034,data_structures,Data Structures,0.4,12.0,0.029,18.57,1,0.244
L006,ml_fundamentals,ML Fundamentals,0.5,18.0,0.107,21.79,1,0.0
L025,computer_networks,Computer Networks,0.55,16.0,0.04,23.64,3,0.065
L039,ml_fundamentals,ML Fundamentals,0.5,15.0,0.15,15.21,3,0.192
L024,algorithm_design,Algorithm Design,0.5,19.0,0.184,18.45,3,0.0
L017,dbms_normalization,DBMS Normalization,0.7,7.0,0.054,28.47,4,0.256
L017,computer_networks,Computer Networks,0.55,11.0,0.023,19.92,3,0.208
L008,algorithm_design,Algorithm Design,0.5,18.0,0.141,26.23,5,0.073
L020,software_engineering,Software Engineering,0.4,2.0,0.502,15.44,1,0.766
L007,algorithm_design,Algorithm Design,0.5,10.0,0.146,20.91,2,0.128
L016,dbms_normalization,DBMS Normalization,0.7,5.0,0.139,18.42,4,0.098
L015,dbms_normalization,DBMS Normalization,0.7,1.0,0.724,14.97,5,0.713
L017,computer_architecture,Computer Architecture,0.5,13.0,0.083,19.36,1,0.043
L012,operating_systems,Operating Systems,0.6,5.0,0.344,27.43,4,0.199
L011,computer_architecture,Computer Architecture,0.5,8.0,0.233,21.75,1,0.113
L038,algorithm_design,Algorithm Design,0.5,21.0,0.058,21.3,1,0.019
L017,operating_systems,Operating Systems,0.6,16.0,0.131,26.37,4,0.06
L015,computer_architecture,Computer Architecture,0.5,20.0,0.064,21.08,5,0.0
L019,oop_concepts,OOP Concepts,0.35,20.0,0.109,19.7,1,0.058
L025,operating_systems,Operating Systems,0.6,18.0,0.064,23.2,1,0.05
L025,data_structures,Data Structures,0.4,14.0,0.0,21.94,3,0.05
L014,operating_systems,Operating Systems,0.6,14.0,0.235,23.75,1,0.041
L026,data_structures,Data Structures,0.4,1.0,0.549,6.63,4,0.898
L009,data_structures,Data Structures,0.4,6.0,0.225,19.17,1,0.323
L021,probability_and_statistics,Probability & Statistics,0.65,13.0,0.242,19.32,3,0.028
L025,computer_architecture,Computer Architecture,0.5,10.0,0.234,16.77,4,0.082
L012,software_engineering,Software Engineering,0.4,20.0,0.175,22.4,1,0.004
L014,operating_systems,Operating Systems,0.6,6.0,0.33,15.41,1,0.295
L033,oop_concepts,OOP Concepts,0.35,21.0,0.098,15.95,5,0.006
L028,dbms_normalization,DBMS Normalization,0.7,0.0,0.537,17.14,5,1.0
L009,data_structures,Data Structures,0.4,21.0,0.0,23.48,1,0.044
L033,neural_networks,Neural Networks,0.6,9.0,0.137,18.54,5,0.064
L039,neural_networks,Neural Networks,0.6,11.0,0.089,17.82,2,0.063
L003,ml_fundamentals,ML Fundamentals,0.5,19.0,0.0,17.62,3,0.0
L033,computer_networks,Computer Networks,0.55,0.0,0.637,23.15,4,1.0
L038,algorithm_design,Algorithm Design,0.5,1.0,0.486,12.95,5,0.708
L006,oop_concepts,OOP Concepts,0.35,7.0,0.378,14.35,4,0.483
L008,probability_and_statistics,Probability & Statistics,0.65,9.0,0.173,22.58,5,0.059
L024,oop_concepts,OOP Concepts,0.35,16.0,0.187,20.05,3,0.0
L036,computer_architecture,Computer Architecture,0.5,20.0,0.0,19.81,2,0.0
L002,oop_concepts,OOP Concepts,0.35,11.0,0.18,20.92,3,0.265
L024,discrete_mathematics,Discrete Mathematics,0.55,15.0,0.0,13.83,1,0.079
L025,operating_systems,Operating Systems,0.6,20.0,0.0,14.12,2,0.046
L025,data_structures,Data Structures,0.4,15.0,0.112,21.14,4,0.096
L015,oop_concepts,OOP Concepts,0.35,11.0,0.097,17.51,1,0.216
L024,operating_systems,Operating Systems,0.6,10.0,0.0,17.94,4,0.075
L014,data_structures,Data Structures,0.4,14.0,0.14,13.95,5,0.23
L010,computer_networks,Computer Networks,0.55,19.0,0.107,21.12,1,0.058
L037,ml_fundamentals,ML Fundamentals,0.5,11.0,0.154,22.34,1,0.307
L023,oop_concepts,OOP Concepts,0.35,19.0,0.032,23.73,4,0.0
L027,probability_and_statistics,Probability & Statistics,0.65,3.0,0.311,14.8,1,0.52
L036,discrete_mathematics,Discrete Mathematics,0.55,17.0,0.04,25.15,5,0.0
L020,computer_networks,Computer Networks,0.55,8.0,0.276,25.21,5,0.164
L023,neural_networks,Neural Networks,0.6,2.0,0.277,13.69,5,0.441
L012,probability_and_statistics,Probability & Statistics,0.65,10.0,0.0,18.95,4,0.112
L026,data_structures,Data Structures,0.4,14.0,0.067,20.58,1,0.113
L015,discrete_mathematics,Discrete Mathematics,0.55,15.0,0.041,18.05,5,0.068
L040,computer_architecture,Computer Architecture,0.5,6.0,0.367,17.03,5,0.454
L020,dbms_normalization,DBMS Normalization,0.7,12.0,0.0,22.57,4,0.007
L035,operating_systems,Operating Systems,0.6,1.0,0.526,20.55,5,0.594
L004,software_engineering,Software Engineering,0.4,21.0,0.108,18.51,1,0.0
L029,computer_architecture,Computer Architecture,0.5,13.0,0.112,17.82,5,0.079
L015,ml_fundamentals,ML Fundamentals,0.5,11.0,0.21,26.01,1,0.157
L025,discrete_mathematics,Discrete Mathematics,0.55,4.0,0.117,15.31,2,0.359
L014,algorithm_design,Algorithm Design,0.5,14.0,0.091,23.71,1,0.0
L009,algorithm_design,Algorithm Design,0.5,1.0,0.548,14.89,4,0.731
L005,neural_networks,Neural Networks,0.6,8.0,0.11,22.45,1,0.004
L006,data_structures,Data Structures,0.4,21.0,0.126,21.32,1,0.0
L004,algorithm_design,Algorithm Design,0.5,9.0,0.035,23.93,5,0.118
L015,dbms_normalization,DBMS Normalization,0.7,7.0,0.0,27.39,4,0.08
L017,probability_and_statistics,Probability & Statistics,0.65,0.0,0.654,12.71,2,1.0
L017,computer_architecture,Computer Architecture,0.5,3.0,0.672,15.08,5,0.424
L029,ml_fundamentals,ML Fundamentals,0.5,8.0,0.256,16.33,4,0.132
L034,ml_fundamentals,ML Fundamentals,0.5,19.0,0.042,23.44,5,0.002
L020,oop_concepts,OOP Concepts,0.35,7.0,0.333,17.84,2,0.431
L039,computer_architecture,Computer Architecture,0.5,9.0,0.005,17.71,1,0.116
L038,software_engineering,Software Engineering,0.4,7.0,0.294,22.93,1,0.16
L035,oop_concepts,OOP Concepts,0.35,3.0,0.605,13.0,3,0.585
L021,computer_architecture,Computer Architecture,0.5,4.0,0.371,17.05,5,0.434
L006,neural_networks,Neural Networks,0.6,4.0,0.267,21.84,3,0.448
L022,computer_networks,Computer Networks,0.55,18.0,0.076,29.21,2,0.0
L032,neural_networks,Neural Networks,0.6,7.0,0.03,21.13,5,0.321
L024,computer_networks,Computer Networks,0.55,20.0,0.0,19.92,4,0.031
L028,dbms_normalization,DBMS Normalization,0.7,8.0,0.094,19.35,1,0.006
L024,data_structures,Data Structures,0.4,10.0,0.0,23.48,3,0.098
L003,operating_systems,Operating Systems,0.6,1.0,0.606,17.88,2,0.88
L015,oop_concepts,OOP Concepts,0.35,4.0,0.528,11.27,2,0.658
L008,data_structures,Data Structures,0.4,18.0,0.077,22.22,3,0.13
L005,data_structures,Data Structures,0.4,21.0,0.184,24.49,5,0.1
L038,neural_networks,Neural Networks,0.6,0.0,0.687,12.72,4,1.0
L013,computer_networks,Computer Networks,0.55,14.0,0.0,23.66,1,0.0
L026,computer_networks,Computer Networks,0.55,1.0,0.588,8.86,3,0.817
L032,dbms_normalization,DBMS Normalization,0.7,19.0,0.112,25.61,4,0.027
L013,software_engineering,Software Engineering,0.4,7.0,0.238,20.05,3,0.29
L018,probability_and_statistics,Probability & Statistics,0.65,5.0,0.135,19.84,4,0.222
L033,computer_architecture,Computer Architecture,0.5,17.0,0.095,16.58,4,0.0
L040,computer_networks,Computer Networks,0.55,14.0,0.0,19.56,1,0.049
L004,computer_architecture,Computer Architecture,0.5,7.0,0.053,16.0,3,0.187
L012,dbms_normalization,DBMS Normalization,0.7,8.0,0.075,18.51,5,0.235
L029,dbms_normalization,DBMS Normalization,0.7,15.0,0.153,24.75,5,0.0
L018,discrete_mathematics,Discrete Mathematics,0.55,19.0,0.109,23.73,2,0.083
L004,data_structures,Data Structures,0.4,19.0,0.062,22.0,3,0.003
L014,probability_and_statistics,Probability & Statistics,0.65,10.0,0.078,21.96,1,0.0
L028,ml_fundamentals,ML Fundamentals,0.5,18.0,0.0,23.77,3,0.066
L017,data_structures,Data Structures,0.4,14.0,0.124,29.18,5,0.11
L014,computer_networks,Computer Networks,0.55,16.0,0.142,22.5,5,0.031
L023,computer_networks,Computer Networks,0.55,3.0,0.192,23.43,2,0.237
L019,probability_and_statistics,Probability & Statistics,0.65,1.0,0.674,8.08,4,0.738
L032,algorithm_design,Algorithm Design,0.5,13.0,0.094,30.99,3,0.108
L033,ml_fundamentals,ML Fundamentals,0.5,11.0,0.0,22.01,3,0.194
L018,discrete_mathematics,Discrete Mathematics,0.55,21.0,0.172,22.5,3,0.0
L007,dbms_normalization,DBMS Normalization,0.7,19.0,0.0,23.97,2,0.041
L038,discrete_mathematics,Discrete Mathematics,0.55,12.0,0.208,24.29,5,0.136
L039,ml_fundamentals,ML Fundamentals,0.5,13.0,0.0,17.9,5,0.058
L026,computer_networks,Computer Networks,0.55,8.0,0.016,21.34,3,0.044
L035,ml_fundamentals,ML Fundamentals,0.5,9.0,0.101,21.42,1,0.033
L030,data_structures,Data Structures,0.4,14.0,0.0,16.78,5,0.096
L012,oop_concepts,OOP Concepts,0.35,0.0,0.516,12.84,4,1.0
L040,computer_architecture,Computer Architecture,0.5,10.0,0.314,21.03,3,0.237
L016,dbms_normalization,DBMS Normalization,0.7,19.0,0.062,20.73,2,0.073
L001,dbms_normalization,DBMS Normalization,0.7,9.0,0.117,19.78,1,0.128
L027,software_engineering,Software Engineering,0.4,15.0,0.086,27.58,1,0.111
L026,computer_networks,Computer Networks,0.55,7.0,0.061,18.62,5,0.121
L033,operating_systems,Operating Systems,0.6,2.0,0.439,18.21,4,0.549
L026,ml_fundamentals,ML Fundamentals,0.5,10.0,0.393,28.35,5,0.233
L016,discrete_mathematics,Discrete Mathematics,0.55,11.0,0.118,12.13,3,0.108
L038,algorithm_design,Algorithm Design,0.5,4.0,0.293,17.92,5,0.385
L027,software_engineering,Software Engineering,0.4,2.0,0.501,15.31,1,0.619
L010,ml_fundamentals,ML Fundamentals,0.5,11.0,0.152,18.03,1,0.058
L004,probability_and_statistics,Probability & Statistics,0.65,10.0,0.206,13.03,3,0.15
L027,computer_architecture,Computer Architecture,0.5,0.0,0.914,8.63,4,0.942
L028,computer_architecture,Computer Architecture,0.5,2.0,0.612,18.53,3,0.839
L003,neural_networks,Neural Networks,0.6,0.0,0.661,13.93,1,0.91
L032,software_engineering,Software Engineering,0.4,18.0,0.216,21.32,1,0.0
L001,neural_networks,Neural Networks,0.6,1.0,0.671,8.16,1,0.76
L002,computer_architecture,Computer Architecture,0.5,3.0,0.439,15.34,2,0.555
L024,computer_architecture,Computer Architecture,0.5,17.0,0.182,30.29,4,0.039
L029,ml_fundamentals,ML Fundamentals,0.5,20.0,0.086,17.13,1,0.082
L026,discrete_mathematics,Discrete Mathematics,0.55,2.0,0.618,14.01,1,0.503
L040,data_structures,Data Structures,0.4,17.0,0.088,17.24,3,0.064
L025,dbms_normalization,DBMS Normalization,0.7,11.0,0.252,17.26,4,0.0
L035,probability_and_statistics,Probability & Statistics,0.65,5.0,0.188,21.4,4,0.372
L015,computer_architecture,Computer Architecture,0.5,20.0,0.0,18.99,2,0.135
L005,operating_systems,Operating Systems,0.6,8.0,0.302,23.98,2,0.242
L022,data_structures,Data Structures,0.4,3.0,0.282,17.53,4,0.819
L019,neural_networks,Neural Networks,0.6,20.0,0.066,20.99,1,0.158
L034,computer_networks,Computer Networks,0.55,20.0,0.0,13.82,2,0.008
L009,software_engineering,Software Engineering,0.4,18.0,0.136,21.74,4,0.044
L012,discrete_mathematics,Discrete Mathematics,0.55,21.0,0.0,24.97,3,0.086
L014,algorithm_design,Algorithm Design,0.5,16.0,0.231,25.15,1,0.1
L031,computer_networks,Computer Networks,0.55,17.0,0.0,31.72,2,0.032
L017,data_structures,Data Structures,0.4,17.0,0.0,23.21,1,0.01
L031,discrete_mathematics,Discrete Mathematics,0.55,7.0,0.098,23.81,2,0.166
L022,data_structures,Data Structures,0.4,16.0,0.0,20.3,5,0.154
L018,operating_systems,Operating Systems,0.6,4.0,0.336,21.45,1,0.372
L009,discrete_mathematics,Discrete Mathematics,0.55,20.0,0.025,25.47,1,0.0
L030,operating_systems,Operating Systems,0.6,2.0,0.352,14.86,2,0.517
L014,neural_networks,Neural Networks,0.6,3.0,0.31,25.88,2,0.45
L010,data_structures,Data Structures,0.4,0.0,0.728,4.37,1,1.0
L013,computer_networks,Computer Networks,0.55,0.0,0.645,10.6,3,0.991
L039,discrete_mathematics,Discrete Mathematics,0.55,17.0,0.114,21.98,4,0.064
L026,ml_fundamentals,ML Fundamentals,0.5,10.0,0.073,21.96,1,0.131
L028,discrete_mathematics,Discrete Mathematics,0.55,21.0,0.0,19.7,2,0.0
L007,ml_fundamentals,ML Fundamentals,0.5,16.0,0.0,17.13,3,0.069
L036,ml_fundamentals,ML Fundamentals,0.5,9.0,0.188,19.82,1,0.261
L015,data_structures,Data Structures,0.4,21.0,0.152,23.7,4,0.04
L021,operating_systems,Operating Systems,0.6,15.0,0.0,22.64,2,0.02
L004,data_structures,Data Structures,0.4,19.0,0.042,19.51,2,0.088
L019,computer_networks,Computer Networks,0.55,12.0,0.065,16.12,4,0.065
L006,oop_concepts,OOP Concepts,0.35,16.0,0.117,22.19,3,0.113
L012,discrete_mathematics,Discrete Mathematics,0.55,17.0,0.096,21.93,3,0.102
L031,discrete_mathematics,Discrete Mathematics,0.55,12.0,0.0,23.73,1,0.0
L031,computer_architecture,Computer Architecture,0.5,4.0,0.297,14.85,3,0.609
L011,computer_architecture,Computer Architecture,0.5,8.0,0.174,22.42,5,0.168
L016,dbms_normalization,DBMS Normalization,0.7,5.0,0.074,16.58,1,0.059
L028,discrete_mathematics,Discrete Mathematics,0.55,10.0,0.064,28.08,5,0.122
L035,algorithm_design,Algorithm Design,0.5,11.0,0.0,15.77,4,0.046
L038,computer_networks,Computer Networks,0.55,13.0,0.011,21.24,2,0.0
L017,software_engineering,Software Engineering,0.4,12.0,0.148,21.88,3,0.096
L040,discrete_mathematics,Discrete Mathematics,0.55,7.0,0.03,20.28,3,0.326
L001,computer_architecture,Computer Architecture,0.5,11.0,0.0,19.72,5,0.124
L037,ml_fundamentals,ML Fundamentals,0.5,6.0,0.394,17.83,1,0.402
L026,discrete_mathematics,Discrete Mathematics,0.55,16.0,0.075,14.89,5,0.068
L020,computer_architecture,Computer Architecture,0.5,16.0,0.003,21.93,4,0.074
L029,computer_architecture,Computer Architecture,0.5,5.0,0.364,10.79,1,0.322
L036,neural_networks,Neural Networks,0.6,13.0,0.052,21.31,2,0.071
L018,software_engineering,Software Engineering,0.4,10.0,0.148,19.21,4,0.186
L006,discrete_mathematics,Discrete Mathematics,0.55,1.0,0.687,11.96,4,0.768
L033,oop_concepts,OOP Concepts,0.35,15.0,0.111,19.73,1,0.05
L003,computer_architecture,Computer Architecture,0.5,4.0,0.269,14.22,3,0.532
L016,discrete_mathematics,Discrete Mathematics,0.55,13.0,0.06,19.06,5,0.002
L012,ml_fundamentals,ML Fundamentals,0.5,18.0,0.0,20.22,2,0.0
L038,software_engineering,Software Engineering,0.4,4.0,0.394,16.44,1,0.704
L033,discrete_mathematics,Discrete Mathematics,0.55,9.0,0.102,22.43,1,0.123
L031,software_engineering,Software Engineering,0.4,18.0,0.0,19.75,5,0.021
L021,computer_networks,Computer Networks,0.55,19.0,0.072,23.15,5,0.112
L018,discrete_mathematics,Discrete Mathematics,0.55,5.0,0.183,29.96,3,0.354
L039,oop_concepts,OOP Concepts,0.35,0.0,0.577,9.06,3,0.964
L018,probability_and_statistics,Probability & Statistics,0.65,7.0,0.0,19.1,2,0.054
L002,computer_architecture,Computer Architecture,0.5,7.0,0.18,19.28,2,0.308
L029,computer_networks,Computer Networks,0.55,15.0,0.186,19.27,4,0.054
L008,ml_fundamentals,ML Fundamentals,0.5,21.0,0.012,21.19,5,0.0
L030,algorithm_design,Algorithm Design,0.5,21.0,0.064,21.17,3,0.0
L015,probability_and_statistics,Probability & Statistics,0.65,9.0,0.021,18.94,2,0.171
L034,computer_architecture,Computer Architecture,0.5,5.0,0.289,14.17,2,0.568
L027,probability_and_statistics,Probability & Statistics,0.65,17.0,0.28,24.99,4,0.0
L007,computer_networks,Computer Networks,0.55,10.0,0.0,16.9,1,0.175
L008,neural_networks,Neural Networks,0.6,1.0,0.588,11.79,2,0.736
L025,neural_networks,Neural Networks,0.6,15.0,0.171,20.42,3,0.0
L012,software_engineering,Software Engineering,0.4,9.0,0.145,22.97,4,0.215
L026,discrete_mathematics,Discrete Mathematics,0.55,2.0,0.44,12.31,3,0.719
L020,probability_and_statistics,Probability & Statistics,0.65,0.0,0.698,8.58,1,0.967
L035,discrete_mathematics,Discrete Mathematics,0.55,11.0,0.31,20.97,3,0.223
L020,ml_fundamentals,ML Fundamentals,0.5,6.0,0.293,19.06,4,0.537
L009,oop_concepts,OOP Concepts,0.35,12.0,0.222,21.8,4,0.107
L031,data_structures,Data Structures,0.4,11.0,0.124,15.44,2,0.103
L007,discrete_mathematics,Discrete Mathematics,0.55,0.0,0.673,8.04,2,0.979
L031,operating_systems,Operating Systems,0.6,20.0,0.0,23.64,5,0.0
L028,discrete_mathematics,Discrete Mathematics,0.55,13.0,0.021,20.72,2,0.194
L040,software_engineering,Software Engineering,0.4,21.0,0.027,20.06,3,0.088
L028,oop_concepts,OOP Concepts,0.35,4.0,0.381,16.72,2,0.613
L032,computer_architecture,Computer Architecture,0.5,9.0,0.116,13.7,3,0.0
L028,oop_concepts,OOP Concepts,0.35,21.0,0.02,25.12,2,0.015
L025,data_structures,Data Structures,0.4,21.0,0.072,10.98,1,0.024
L024,probability_and_statistics,Probability & Statistics,0.65,16.0,0.092,19.11,4,0.076
L029,ml_fundamentals,ML Fundamentals,0.5,16.0,0.137,15.47,1,0.024
L030,data_structures,Data Structures,0.4,21.0,0.0,14.07,3,0.068
L021,algorithm_design,Algorithm Design,0.5,10.0,0.0,15.71,4,0.032
L020,algorithm_design,Algorithm Design,0.5,6.0,0.218,29.94,2,0.458
L012,discrete_mathematics,Discrete Mathematics,0.55,11.0,0.019,23.14,1,0.227
L028,oop_concepts,OOP Concepts,0.35,5.0,0.45,23.4,2,0.437
L029,operating_systems,Operating Systems,0.6,19.0,0.0,21.54,2,0.07
L014,software_engineering,Software Engineering,0.4,20.0,0.005,20.7,5,0.211
L030,oop_concepts,OOP Concepts,0.35,10.0,0.254,28.02,5,0.136
L014,neural_networks,Neural Networks,0.6,3.0,0.445,18.22,4,0.475
L008,oop_concepts,OOP Concepts,0.35,18.0,0.159,19.47,2,0.095
L005,ml_fundamentals,ML Fundamentals,0.5,21.0,0.108,18.49,3,0.0
L002,ml_fundamentals,ML Fundamentals,0.5,15.0,0.0,21.07,2,0.086
L001,oop_concepts,OOP Concepts,0.35,13.0,0.044,26.76,3,0.044
L016,ml_fundamentals,ML Fundamentals,0.5,17.0,0.105,20.14,3,0.048
L021,computer_networks,Computer Networks,0.55,16.0,0.0,20.36,1,0.0
L006,discrete_mathematics,Discrete Mathematics,0.55,14.0,0.106,24.36,2,0.235
L008,software_engineering,Software Engineering,0.4,7.0,0.192,23.0,4,0.392
L038,ml_fundamentals,ML Fundamentals,0.5,1.0,0.538,17.69,4,0.832
L030,oop_concepts,OOP Concepts,0.35,2.0,0.491,18.75,4,0.704
L022,discrete_mathematics,Discrete Mathematics,0.55,11.0,0.0,24.18,4,0.015
L031,oop_concepts,OOP Concepts,0.35,20.0,0.083,18.03,4,0.0
L019,oop_concepts,OOP Concepts,0.35,10.0,0.133,22.77,5,0.229
L001,neural_networks,Neural Networks,0.6,17.0,0.0,24.16,5,0.035
L033,algorithm_design,Algorithm Design,0.5,2.0,0.485,12.28,2,0.672
L018,oop_concepts,OOP Concepts,0.35,16.0,0.068,18.88,4,0.057
L040,dbms_normalization,DBMS Normalization,0.7,12.0,0.0,22.23,2,0.0
L020,software_engineering,Software Engineering,0.4,19.0,0.072,16.38,5,0.078
L005,computer_networks,Computer Networks,0.55,17.0,0.109,20.38,5,0.0
L040,ml_fundamentals,ML Fundamentals,0.5,3.0,0.367,16.8,5,0.612
L020,discrete_mathematics,Discrete Mathematics,0.55,2.0,0.387,19.91,5,0.709
L006,discrete_mathematics,Discrete Mathematics,0.55,15.0,0.03,27.12,3,0.065
L004,discrete_mathematics,Discrete Mathematics,0.55,18.0,0.0,22.01,2,0.101
L001,operating_systems,Operating Systems,0.6,19.0,0.003,30.37,3,0.08
L024,ml_fundamentals,ML Fundamentals,0.5,7.0,0.011,24.95,3,0.199
L037,computer_architecture,Computer Architecture,0.5,7.0,0.2,14.89,3,0.326
L017,neural_networks,Neural Networks,0.6,1.0,0.356,11.41,5,0.629
L018,software_engineering,Software Engineering,0.4,15.0,0.055,18.25,3,0.089
L016,probability_and_statistics,Probability & Statistics,0.65,12.0,0.0,26.09,3,0.0
L039,operating_systems,Operating Systems,0.6,17.0,0.095,27.16,2,0.073
L033,computer_networks,Computer Networks,0.55,14.0,0.0,26.99,2,0.0
L020,data_structures,Data Structures,0.4,17.0,0.096,21.69,3,0.112
L012,oop_concepts,OOP Concepts,0.35,8.0,0.415,22.55,4,0.304
L029,discrete_mathematics,Discrete Mathematics,0.55,20.0,0.014,27.81,5,0.102
L010,algorithm_design,Algorithm Design,0.5,4.0,0.092,21.93,3,0.072
L032,discrete_mathematics,Discrete Mathematics,0.55,1.0,0.304,21.2,3,0.743
L011,neural_networks,Neural Networks,0.6,6.0,0.115,17.86,2,0.167
L009,dbms_normalization,DBMS Normalization,0.7,15.0,0.007,21.03,1,0.11
L032,algorithm_design,Algorithm Design,0.5,1.0,0.544,12.54,2,0.804
L029,discrete_mathematics,Discrete Mathematics,0.55,9.0,0.191,23.91,2,0.271
L027,neural_networks,Neural Networks,0.6,21.0,0.028,22.86,1,0.0
L028,discrete_mathematics,Discrete Mathematics,0.55,20.0,0.0,26.62,5,0.056
L027,algorithm_design,Algorithm Design,0.5,17.0,0.123,17.89,4,0.084
L017,discrete_mathematics,Discrete Mathematics,0.55,8.0,0.0,26.97,3,0.242
L001,algorithm_design,Algorithm Design,0.5,21.0,0.059,17.73,4,0.0
L038,discrete_mathematics,Discrete Mathematics,0.55,8.0,0.231,18.41,2,0.123
L030,data_structures,Data Structures,0.4,12.0,0.044,27.81,1,0.001
L029,neural_networks,Neural Networks,0.6,16.0,0.076,20.58,5,0.025
L028,neural_networks,Neural Networks,0.6,7.0,0.0,12.6,4,0.117
L034,discrete_mathematics,Discrete Mathematics,0.55,15.0,0.0,16.69,5,0.104
L040,software_engineering,Software Engineering,0.4,18.0,0.07,19.44,1,0.068
L040,software_engineering,Software Engineering,0.4,14.0,0.059,20.27,2,0.036
L005,probability_and_statistics,Probability & Statistics,0.65,8.0,0.181,20.19,4,0.217
L015,ml_fundamentals,ML Fundamentals,0.5,1.0,0.592,20.31,2,0.959
L030,dbms_normalization,DBMS Normalization,0.7,4.0,0.0,24.53,3,0.167
L038,dbms_normalization,DBMS Normalization,0.7,6.0,0.288,17.47,4,0.255
L003,computer_networks,Computer Networks,0.55,15.0,0.0,23.59,1,0.0
L022,neural_networks,Neural Networks,0.6,13.0,0.03,23.03,5,0.076
L033,algorithm_design,Algorithm Design,0.5,5.0,0.216,18.0,1,0.328
L036,oop_concepts,OOP Concepts,0.35,2.0,0.496,11.83,4,0.77
L039,data_structures,Data Structures,0.4,8.0,0.264,13.6,2,0.262
L001,dbms_normalization,DBMS Normalization,0.7,18.0,0.131,26.78,3,0.0
L029,computer_networks,Computer Networks,0.55,18.0,0.0,17.65,5,0.009
L022,data_structures,Data Structures,0.4,16.0,0.0,26.74,1,0.088
L003,software_engineering,Software Engineering,0.4,18.0,0.0,18.81,4,0.112
L033,discrete_mathematics,Discrete Mathematics,0.55,3.0,0.436,12.99,1,0.672
L021,computer_architecture,Computer Architecture,0.5,13.0,0.2,18.97,5,0.089
L004,computer_networks,Computer Networks,0.55,16.0,0.0,17.58,2,0.007
L005,operating_systems,Operating Systems,0.6,3.0,0.442,14.12,3,0.454
L007,operating_systems,Operating Systems,0.6,20.0,0.05,22.64,1,0.0
L022,ml_fundamentals,ML Fundamentals,0.5,17.0,0.153,25.56,4,0.053
L004,probability_and_statistics,Probability & Statistics,0.65,18.0,0.0,19.83,4,0.08
L010,data_structures,Data Structures,0.4,6.0,0.415,20.14,4,0.312
L015,computer_architecture,Computer Architecture,0.5,9.0,0.17,17.9,1,0.146
L007,software_engineering,Software Engineering,0.4,6.0,0.214,19.67,5,0.34
L013,computer_networks,Computer Networks,0.55,12.0,0.169,25.11,3,0.089
L027,neural_networks,Neural Networks,0.6,5.0,0.506,19.81,4,0.333
L018,software_engineering,Software Engineering,0.4,10.0,0.168,17.67,3,0.252
L006,operating_systems,Operating Systems,0.6,20.0,0.086,24.5,5,0.074
L013,discrete_mathematics,Discrete Mathematics,0.55,13.0,0.064,9.49,1,0.087
L022,neural_networks,Neural Networks,0.6,16.0,0.055,23.74,3,0.042
L011,ml_fundamentals,ML Fundamentals,0.5,7.0,0.188,24.23,2,0.113
L029,computer_networks,Computer Networks,0.55,19.0,0.0,16.98,4,0.0
L008,oop_concepts,OOP Concepts,0.35,1.0,0.475,8.33,4,0.781
L038,data_structures,Data Structures,0.4,0.0,0.685,12.77,5,1.0
L001,data_structures,Data Structures,0.4,11.0,0.235,22.1,3,0.205
L002,data_structures,Data Structures,0.4,5.0,0.276,30.41,1,0.374
L014,probability_and_statistics,Probability & Statistics,0.65,2.0,0.362,16.51,4,0.257
L030,neural_networks,Neural Networks,0.6,0.0,0.596,13.5,4,1.0
L017,discrete_mathematics,Discrete Mathematics,0.55,8.0,0.147,22.74,2,0.256
L028,computer_networks,Computer Networks,0.55,3.0,0.236,14.89,5,0.488
L017,computer_architecture,Computer Architecture,0.5,10.0,0.0,19.07,2,0.081
L036,discrete_mathematics,Discrete Mathematics,0.55,4.0,0.207,15.28,4,0.374
L033,algorithm_design,Algorithm Design,0.5,1.0,0.561,18.04,3,0.75
L019,data_structures,Data Structures,0.4,9.0,0.138,18.85,2,0.123
L010,neural_networks,Neural Networks,0.6,7.0,0.082,21.41,1,0.052
L016,data_structures,Data Structures,0.4,7.0,0.129,20.92,5,0.375
L011,neural_networks,Neural Networks,0.6,3.0,0.481,13.63,1,0.414
L009,dbms_normalization,DBMS Normalization,0.7,13.0,0.145,17.85,3,0.122
L022,algorithm_design,Algorithm Design,0.5,15.0,0.214,21.7,5,0.046
L013,computer_architecture,Computer Architecture,0.5,1.0,0.66,17.53,4,0.815
L004,neural_networks,Neural Networks,0.6,17.0,0.0,23.23,4,0.02
L030,software_engineering,Software Engineering,0.4,7.0,0.17,19.55,4,0.316
L020,data_structures,Data Structures,0.4,3.0,0.293,18.62,4,0.696
L021,computer_networks,Computer Networks,0.55,13.0,0.152,23.22,4,0.151
L024,oop_concepts,OOP Concepts,0.35,14.0,0.0,24.71,4,0.132
L012,probability_and_statistics,Probability & Statistics,0.65,8.0,0.14,21.79,4,0.237
L008,dbms_normalization,DBMS Normalization,0.7,14.0,0.029,17.85,4,0.008
L010,software_engineering,Software Engineering,0.4,17.0,0.068,19.46,5,0.051
L017,computer_networks,Computer Networks,0.55,1.0,0.543,5.89,2,0.861
L023,neural_networks,Neural Networks,0.6,3.0,0.525,12.5,1,0.495
L017,software_engineering,Software Engineering,0.4,8.0,0.289,13.43,4,0.366
L018,discrete_mathematics,Discrete Mathematics,0.55,13.0,0.177,13.94,2,0.132
L022,computer_architecture,Computer Architecture,0.5,11.0,0.0,16.44,1,0.028
L002,neural_networks,Neural Networks,0.6,5.0,0.101,22.24,4,0.245
L017,software_engineering,Software Engineering,0.4,1.0,0.548,10.74,1,0.853
L018,software_engineering,Software Engineering,0.4,5.0,0.28,12.73,5,0.428
L001,computer_networks,Computer Networks,0.55,19.0,0.194,18.56,4,0.02
L016,neural_networks,Neural Networks,0.6,4.0,0.225,13.44,2,0.476
L030,discrete_mathematics,Discrete Mathematics,0.55,14.0,0.0,18.61,1,0.0
L027,oop_concepts,OOP Concepts,0.35,17.0,0.0,18.77,4,0.085
L004,software_engineering,Software Engineering,0.4,14.0,0.027,24.33,2,0.011
L003,discrete_mathematics,Discrete Mathematics,0.55,0.0,0.792,11.92,2,1.0
L028,neural_networks,Neural Networks,0.6,7.0,0.181,19.27,2,0.258
L010,neural_networks,Neural Networks,0.6,0.0,0.682,16.49,5,0.975
L021,computer_architecture,Computer Architecture,0.5,3.0,0.321,18.86,1,0.48
L038,oop_concepts,OOP Concepts,0.35,6.0,0.582,16.89,2,0.387
L027,software_engineering,Software Engineering,0.4,14.0,0.0,25.01,2,0.202
L022,oop_concepts,OOP Concepts,0.35,3.0,0.421,19.98,1,0.647
L011,oop_concepts,OOP Concepts,0.35,1.0,0.628,23.33,1,0.926
L008,dbms_normalization,DBMS Normalization,0.7,2.0,0.356,17.01,3,0.554
L026,discrete_mathematics,Discrete Mathematics,0.55,21.0,0.0,17.56,3,0.085
L011,dbms_normalization,DBMS Normalization,0.7,14.0,0.0,17.43,5,0.012
L021,software_engineering,Software Engineering,0.4,2.0,0.472,16.39,2,0.682
L015,oop_concepts,OOP Concepts,0.35,14.0,0.0,17.4,3,0.025
L002,neural_networks,Neural Networks,0.6,2.0,0.239,11.22,3,0.611
L003,operating_systems,Operating Systems,0.6,15.0,0.0,27.98,2,0.022
L034,computer_networks,Computer Networks,0.55,14.0,0.148,29.02,3,0.135
L005,oop_concepts,OOP Concepts,0.35,14.0,0.197,25.75,2,0.087
L035,algorithm_design,Algorithm Design,0.5,15.0,0.0,25.6,3,0.021
L028,neural_networks,Neural Networks,0.6,15.0,0.0,33.22,4,0.02
L009,dbms_normalization,DBMS Normalization,0.7,2.0,0.369,9.58,5,0.581
L013,neural_networks,Neural Networks,0.6,9.0,0.084,16.87,1,0.235
L010,oop_concepts,OOP Concepts,0.35,6.0,0.338,13.85,2,0.488
L020,computer_networks,Computer Networks,0.55,5.0,0.183,19.92,2,0.349
L003,oop_concepts,OOP Concepts,0.35,4.0,0.476,19.65,3,0.541
L029,algorithm_design,Algorithm Design,0.5,21.0,0.027,19.34,2,0.054
L029,computer_architecture,Computer Architecture,0.5,20.0,0.0,27.09,3,0.0
L003,neural_networks,Neural Networks,0.6,12.0,0.284,20.48,5,0.0
L016,oop_concepts,OOP Concepts,0.35,6.0,0.199,20.58,3,0.268
L034,algorithm_design,Algorithm Design,0.5,7.0,0.262,23.61,4,0.446
L036,computer_architecture,Computer Architecture,0.5,12.0,0.056,22.73,5,0.0
L030,neural_networks,Neural Networks,0.6,19.0,0.0,28.11,4,0.0
L040,computer_architecture,Computer Architecture,0.5,3.0,0.222,16.51,3,0.153
L013,data_structures,Data Structures,0.4,8.0,0.319,26.89,4,0.347
L002,neural_networks,Neural Networks,0.6,7.0,0.353,18.1,5,0.409
L002,oop_concepts,OOP Concepts,0.35,7.0,0.252,29.55,1,0.187
L035,data_structures,Data Structures,0.4,16.0,0.258,18.72,3,0.106
L016,neural_networks,Neural Networks,0.6,3.0,0.107,21.46,3,0.327
L036,dbms_normalization,DBMS Normalization,0.7,2.0,0.3,15.04,2,0.594
L039,dbms_normalization,DBMS Normalization,0.7,14.0,0.046,11.27,3,0.014
L005,software_engineering,Software Engineering,0.4,0.0,0.671,13.39,3,0.951
L001,dbms_normalization,DBMS Normalization,0.7,0.0,0.514,10.44,3,1.0
L016,operating_systems,Operating Systems,0.6,19.0,0.114,22.01,3,0.0
L026,oop_concepts,OOP Concepts,0.35,0.0,0.846,13.03,4,0.99
L018,probability_and_statistics,Probability & Statistics,0.65,1.0,0.581,9.8,1,0.903
L032,oop_concepts,OOP Concepts,0.35,6.0,0.272,20.39,1,0.51
L014,operating_systems,Operating Systems,0.6,0.0,0.684,12.96,1,1.0
L002,ml_fundamentals,ML Fundamentals,0.5,5.0,0.23,14.88,4,0.55
L019,computer_networks,Computer Networks,0.55,13.0,0.0,28.36,3,0.162
L027,data_structures,Data Structures,0.4,0.0,0.775,14.11,5,0.98
L017,dbms_normalization,DBMS Normalization,0.7,15.0,0.065,22.79,4,0.016
L036,probability_and_statistics,Probability & Statistics,0.65,13.0,0.021,18.98,5,0.0
L035,neural_networks,Neural Networks,0.6,11.0,0.0,22.18,5,0.0
L018,data_structures,Data Structures,0.4,4.0,0.404,22.48,2,0.536
L039,ml_fundamentals,ML Fundamentals,0.5,13.0,0.0,16.92,4,0.046
L004,probability_and_statistics,Probability & Statistics,0.65,13.0,0.119,23.9,2,0.119
L018,ml_fundamentals,ML Fundamentals,0.5,19.0,0.121,21.34,2,0.022
L019,data_structures,Data Structures,0.4,20.0,0.154,25.0,2,0.001
L002,software_engineering,Software Engineering,0.4,16.0,0.181,28.8,2,0.108
L002,operating_systems,Operating Systems,0.6,1.0,0.526,20.33,4,0.767
L026,probability_and_statistics,Probability & Statistics,0.65,2.0,0.562,13.8,5,0.718
L027,computer_architecture,Computer Architecture,0.5,7.0,0.279,20.78,4,0.117
L030,ml_fundamentals,ML Fundamentals,0.5,19.0,0.036,24.97,1,0.0
L019,operating_systems,Operating Systems,0.6,4.0,0.33,14.36,1,0.446
L027,ml_fundamentals,ML Fundamentals,0.5,8.0,0.343,23.31,5,0.063
L005,computer_networks,Computer Networks,0.55,16.0,0.138,11.86,5,0.055
L035,computer_architecture,Computer Architecture,0.5,1.0,0.243,13.2,4,0.375
L011,algorithm_design,Algorithm Design,0.5,14.0,0.098,19.69,3,0.115
L013,computer_networks,Computer Networks,0.55,6.0,0.343,16.85,1,0.199
L035,computer_networks,Computer Networks,0.55,16.0,0.266,20.18,4,0.0
L029,oop_concepts,OOP Concepts,0.35,16.0,0.045,23.67,1,0.077
L015,data_structures,Data Structures,0.4,2.0,0.54,17.05,5,0.61
L036,discrete_mathematics,Discrete Mathematics,0.55,16.0,0.144,15.99,2,0.0
L008,dbms_normalization,DBMS Normalization,0.7,19.0,0.087,15.93,5,0.013
L011,ml_fundamentals,ML Fundamentals,0.5,5.0,0.363,19.67,4,0.398
L019,discrete_mathematics,Discrete Mathematics,0.55,3.0,0.138,16.86,2,0.561
L008,software_engineering,Software Engineering,0.4,12.0,0.047,15.07,1,0.234
L006,software_engineering,Software Engineering,0.4,18.0,0.127,19.38,5,0.057
L032,probability_and_statistics,Probability & Statistics,0.65,20.0,0.396,15.11,5,0.0
L011,ml_fundamentals,ML Fundamentals,0.5,8.0,0.201,17.83,1,0.213
L008,neural_networks,Neural Networks,0.6,12.0,0.161,16.05,2,0.119
L013,discrete_mathematics,Discrete Mathematics,0.55,14.0,0.0,24.55,4,0.0
L036,algorithm_design,Algorithm Design,0.5,14.0,0.187,24.29,2,0.107
L030,dbms_normalization,DBMS Normalization,0.7,1.0,0.537,13.1,1,0.754
L028,dbms_normalization,DBMS Normalization,0.7,19.0,0.065,26.43,3,0.0
L018,discrete_mathematics,Discrete Mathematics,0.55,14.0,0.045,21.84,1,0.0
L025,oop_concepts,OOP Concepts,0.35,6.0,0.437,18.68,3,0.439
L020,ml_fundamentals,ML Fundamentals,0.5,11.0,0.104,20.2,3,0.146
L001,computer_networks,Computer Networks,0.55,18.0,0.103,24.63,5,0.039
L016,ml_fundamentals,ML Fundamentals,0.5,2.0,0.448,10.77,5,0.756
L019,operating_systems,Operating Systems,0.6,10.0,0.0,24.48,4,0.088
L019,computer_architecture,Computer Architecture,0.5,10.0,0.009,27.04,5,0.102
L033,discrete_mathematics,Discrete Mathematics,0.55,11.0,0.007,22.96,1,0.116
L008,dbms_normalization,DBMS Normalization,0.7,5.0,0.14,20.45,3,0.248
L002,computer_networks,Computer Networks,0.55,12.0,0.258,21.91,4,0.082
L019,discrete_mathematics,Discrete Mathematics,0.55,5.0,0.169,17.65,2,0.223
L026,algorithm_design,Algorithm Design,0.5,13.0,0.0,21.52,1,0.067
L031,neural_networks,Neural Networks,0.6,20.0,0.0,24.06,4,0.0
L022,oop_concepts,OOP Concepts,0.35,9.0,0.279,16.52,5,0.295
L029,ml_fundamentals,ML Fundamentals,0.5,13.0,0.079,22.49,3,0.013
L029,data_structures,Data Structures,0.4,9.0,0.016,21.12,1,0.195
L010,operating_systems,Operating Systems,0.6,5.0,0.171,21.94,2,0.229
L034,dbms_normalization,DBMS Normalization,0.7,18.0,0.0,27.91,2,0.06
L019,computer_networks,Computer Networks,0.55,1.0,0.44,7.07,2,0.757
L032,ml_fundamentals,ML Fundamentals,0.5,21.0,0.03,29.04,5,0.0
L024,operating_systems,Operating Systems,0.6,11.0,0.0,16.8,2,0.0
L020,dbms_normalization,DBMS Normalization,0.7,12.0,0.056,25.38,2,0.03
L029,neural_networks,Neural Networks,0.6,15.0,0.0,24.37,3,0.095
L027,probability_and_statistics,Probability & Statistics,0.65,14.0,0.099,19.6,3,0.096
L007,algorithm_design,Algorithm Design,0.5,21.0,0.003,19.69,1,0.0
L022,ml_fundamentals,ML Fundamentals,0.5,1.0,0.581,19.47,4,0.796
L011,computer_networks,Computer Networks,0.55,10.0,0.067,26.56,3,0.127
L014,discrete_mathematics,Discrete Mathematics,0.55,1.0,0.485,13.74,1,0.818
L020,operating_systems,Operating Systems,0.6,4.0,0.154,30.48,4,0.142
L038,operating_systems,Operating Systems,0.6,15.0,0.0,25.47,5,0.025
L037,neural_networks,Neural Networks,0.6,21.0,0.025,23.52,5,0.0
L031,data_structures,Data Structures,0.4,0.0,0.735,15.49,5,1.0
L013,operating_systems,Operating Systems,0.6,15.0,0.106,24.74,3,0.0
L005,dbms_normalization,DBMS Normalization,0.7,17.0,0.013,17.73,5,0.0
L012,probability_and_statistics,Probability & Statistics,0.65,7.0,0.015,28.6,1,0.0
L040,computer_architecture,Computer Architecture,0.5,19.0,0.136,21.48,4,0.0
L003,oop_concepts,OOP Concepts,0.35,15.0,0.0,20.23,2,0.0
L012,oop_concepts,OOP Concepts,0.35,17.0,0.133,20.55,2,0.099
L001,dbms_normalization,DBMS Normalization,0.7,20.0,0.13,25.71,1,0.0
L008,computer_networks,Computer Networks,0.55,8.0,0.043,19.11,3,0.092
L015,probability_and_statistics,Probability & Statistics,0.65,7.0,0.3,21.46,3,0.202
L034,computer_networks,Computer Networks,0.55,14.0,0.068,28.52,4,0.042
L037,software_engineering,Software Engineering,0.4,13.0,0.075,18.4,2,0.115
L004,data_structures,Data Structures,0.4,7.0,0.455,20.4,4,0.185
L029,computer_networks,Computer Networks,0.55,17.0,0.0,26.51,1,0.0
L028,operating_systems,Operating Systems,0.6,4.0,0.008,28.95,2,0.034
L031,oop_concepts,OOP Concepts,0.35,10.0,0.485,18.51,1,0.276
L028,data_structures,Data Structures,0.4,10.0,0.121,22.0,4,0.077
L016,computer_architecture,Computer Architecture,0.5,12.0,0.029,19.21,2,0.15
L035,probability_and_statistics,Probability & Statistics,0.65,20.0,0.032,19.46,2,0.0
L030,algorithm_design,Algorithm Design,0.5,0.0,0.625,10.24,1,1.0
L035,computer_architecture,Computer Architecture,0.5,20.0,0.05,17.15,4,0.091
L025,computer_networks,Computer Networks,0.55,7.0,0.058,19.73,2,0.275
L024,algorithm_design,Algorithm Design,0.5,4.0,0.0,22.91,3,0.045
L023,computer_architecture,Computer Architecture,0.5,4.0,0.352,9.78,5,0.636
L011,probability_and_statistics,Probability & Statistics,0.65,20.0,0.002,13.33,1,0.0
L033,dbms_normalization,DBMS Normalization,0.7,17.0,0.0,18.33,1,0.0
L026,discrete_mathematics,Discrete Mathematics,0.55,20.0,0.186,18.53,1,0.0
L014,neural_networks,Neural Networks,0.6,3.0,0.396,22.67,3,0.488
L014,probability_and_statistics,Probability & Statistics,0.65,21.0,0.055,17.9,4,0.0
L006,computer_architecture,Computer Architecture,0.5,10.0,0.229,22.1,1,0.225
L040,algorithm_design,Algorithm Design,0.5,0.0,0.714,15.16,5,0.916
L025,discrete_mathematics,Discrete Mathematics,0.55,20.0,0.122,18.64,3,0.103
L004,data_structures,Data Structures,0.4,11.0,0.09,22.89,3,0.129
L007,neural_networks,Neural Networks,0.6,15.0,0.059,19.62,4,0.0
L014,computer_networks,Computer Networks,0.55,0.0,0.677,11.98,2,0.946
L035,discrete_mathematics,Discrete Mathematics,0.55,13.0,0.002,20.98,3,0.139
L035,algorithm_design,Algorithm Design,0.5,18.0,0.0,21.68,4,0.068
L002,neural_networks,Neural Networks,0.6,17.0,0.0,15.55,2,0.0
L001,oop_concepts,OOP Concepts,0.35,2.0,0.543,15.57,4,0.942
L015,discrete_mathematics,Discrete Mathematics,0.55,14.0,0.058,27.71,3,0.103
L017,discrete_mathematics,Discrete Mathematics,0.55,5.0,0.25,30.06,1,0.35
L013,ml_fundamentals,ML Fundamentals,0.5,10.0,0.0,27.55,2,0.171
L023,neural_networks,Neural Networks,0.6,17.0,0.0,20.71,3,0.035
L024,oop_concepts,OOP Concepts,0.35,18.0,0.0,17.88,3,0.06
L027,oop_concepts,OOP Concepts,0.35,21.0,0.04,20.07,2,0.038
L023,discrete_mathematics,Discrete Mathematics,0.55,7.0,0.0,20.16,4,0.058
L018,data_structures,Data Structures,0.4,13.0,0.059,13.14,1,0.005
L012,algorithm_design,Algorithm Design,0.5,18.0,0.0,26.61,1,0.0
L006,algorithm_design,Algorithm Design,0.5,19.0,0.198,17.85,5,0.0
L010,oop_concepts,OOP Concepts,0.35,3.0,0.475,25.52,3,0.768
L032,ml_fundamentals,ML Fundamentals,0.5,2.0,0.59,9.57,4,0.72
L022,ml_fundamentals,ML Fundamentals,0.5,11.0,0.159,23.58,2,0.05
L011,probability_and_statistics,Probability & Statistics,0.65,21.0,0.025,18.4,2,0.027
L020,algorithm_design,Algorithm Design,0.5,20.0,0.0,33.17,1,0.048
L010,neural_networks,Neural Networks,0.6,13.0,0.097,26.07,4,0.106
L001,neural_networks,Neural Networks,0.6,16.0,0.129,20.24,5,0.0
L007,ml_fundamentals,ML Fundamentals,0.5,3.0,0.357,17.69,4,0.389
L023,algorithm_design,Algorithm Design,0.5,19.0,0.143,23.55,3,0.008
L004,algorithm_design,Algorithm Design,0.5,15.0,0.137,25.82,4,0.012
L032,ml_fundamentals,ML Fundamentals,0.5,20.0,0.135,21.23,3,0.059
L023,dbms_normalization,DBMS Normalization,0.7,19.0,0.077,17.26,3,0.0
L016,computer_architecture,Computer Architecture,0.5,7.0,0.06,18.35,2,0.129
L002,neural_networks,Neural Networks,0.6,6.0,0.0,20.49,3,0.115
L032,neural_networks,Neural Networks,0.6,0.0,0.733,7.98,2,1.0
L025,neural_networks,Neural Networks,0.6,18.0,0.0,21.22,1,0.0
L016,discrete_mathematics,Discrete Mathematics,0.55,9.0,0.149,15.49,1,0.083
L037,probability_and_statistics,Probability & Statistics,0.65,19.0,0.172,22.95,3,0.028
L007,oop_concepts,OOP Concepts,0.35,4.0,0.341,16.61,2,0.547
L035,neural_networks,Neural Networks,0.6,12.0,0.182,22.16,4,0.017
L027,neural_networks,Neural Networks,0.6,11.0,0.053,19.07,1,0.023
L028,discrete_mathematics,Discrete Mathematics,0.55,5.0,0.325,25.71,4,0.24
L016,data_structures,Data Structures,0.4,0.0,0.63,8.88,1,0.966
L040,dbms_normalization,DBMS Normalization,0.7,7.0,0.0,25.91,5,0.04
L019,neural_networks,Neural Networks,0.6,11.0,0.084,24.66,5,0.173
L005,dbms_normalization,DBMS Normalization,0.7,17.0,0.0,19.56,5,0.0
L019,dbms_normalization,DBMS Normalization,0.7,20.0,0.034,20.9,4,0.005
L005,algorithm_design,Algorithm Design,0.5,12.0,0.159,18.44,4,0.078
L017,probability_and_statistics,Probability & Statistics,0.65,13.0,0.0,23.44,3,0.0
L033,discrete_mathematics,Discrete Mathematics,0.55,17.0,0.0,17.46,5,0.0
L006,oop_concepts,OOP Concepts,0.35,15.0,0.058,20.05,2,0.112
L024,neural_networks,Neural Networks,0.6,14.0,0.0,21.81,1,0.0
L023,operating_systems,Operating Systems,0.6,7.0,0.15,18.02,1,0.143
L030,dbms_normalization,DBMS Normalization,0.7,6.0,0.149,20.08,2,0.16
L030,dbms_normalization,DBMS Normalization,0.7,9.0,0.0,28.13,4,0.154
L003,operating_systems,Operating Systems,0.6,7.0,0.006,19.49,1,0.007
L001,data_structures,Data Structures,0.4,4.0,0.421,23.08,4,0.505
L030,algorithm_design,Algorithm Design,0.5,21.0,0.055,23.65,1,0.0
L032,discrete_mathematics,Discrete Mathematics,0.55,9.0,0.064,18.19,2,0.068
L020,discrete_mathematics,Discrete Mathematics,0.55,14.0,0.0,13.61,4,0.0
L020,dbms_normalization,DBMS Normalization,0.7,11.0,0.023,30.92,1,0.036
L005,discrete_mathematics,Discrete Mathematics,0.55,5.0,0.303,18.38,3,0.394
L040,oop_concepts,OOP Concepts,0.35,14.0,0.0,23.03,4,0.2
L034,computer_networks,Computer Networks,0.55,11.0,0.153,15.36,5,0.032
L022,algorithm_design,Algorithm Design,0.5,4.0,0.178,18.4,3,0.369
L038,data_structures,Data Structures,0.4,16.0,0.062,16.31,1,0.086
L017,probability_and_statistics,Probability & Statistics,0.65,9.0,0.153,17.73,2,0.068
L010,computer_architecture,Computer Architecture,0.5,2.0,0.567,18.44,4,0.684
L004,data_structures,Data Structures,0.4,9.0,0.554,19.2,5,0.454
L040,computer_architecture,Computer Architecture,0.5,3.0,0.398,18.29,1,0.488
L014,discrete_mathematics,Discrete Mathematics,0.55,15.0,0.12,24.94,1,0.051
L007,computer_networks,Computer Networks,0.55,17.0,0.0,23.37,4,0.0
L026,discrete_mathematics,Discrete Mathematics,0.55,2.0,0.547,11.76,5,0.735
L027,discrete_mathematics,Discrete Mathematics,0.55,7.0,0.116,16.4,1,0.325
L025,computer_networks,Computer Networks,0.55,20.0,0.069,25.0,2,0.109
L018,probability_and_statistics,Probability & Statistics,0.65,10.0,0.16,25.01,4,0.097
L009,oop_concepts,OOP Concepts,0.35,14.0,0.0,18.37,2,0.049
L003,neural_networks,Neural Networks,0.6,1.0,0.633,15.84,2,0.758
L023,ml_fundamentals,ML Fundamentals,0.5,20.0,0.0,16.53,1,0.006
L012,data_structures,Data Structures,0.4,11.0,0.262,25.1,2,0.18
L024,data_structures,Data Structures,0.4,17.0,0.035,23.49,4,0.02
L024,operating_systems,Operating Systems,0.6,14.0,0.069,14.07,3,0.013
L026,operating_systems,Operating Systems,0.6,2.0,0.335,12.91,5,0.728
L018,operating_systems,Operating Systems,0.6,9.0,0.047,21.34,5,0.127
L016,neural_networks,Neural Networks,0.6,6.0,0.0,22.11,4,0.0
L018,probability_and_statistics,Probability & Statistics,0.65,15.0,0.0,25.3,2,0.0
L040,oop_concepts,OOP Concepts,0.35,19.0,0.126,17.89,3,0.0
L027,data_structures,Data Structures,0.4,2.0,0.496,19.84,3,0.52
L024,algorithm_design,Algorithm Design,0.5,11.0,0.121,22.23,4,0.18
L035,discrete_mathematics,Discrete Mathematics,0.55,9.0,0.0,24.15,3,0.071
L033,algorithm_design,Algorithm Design,0.5,2.0,0.513,19.72,4,0.721
L013,probability_and_statistics,Probability & Statistics,0.65,6.0,0.094,17.91,1,0.52
L007,computer_networks,Computer Networks,0.55,6.0,0.123,30.1,4,0.233
L002,operating_systems,Operating Systems,0.6,4.0,0.221,21.34,5,0.42
L023,oop_concepts,OOP Concepts,0.35,14.0,0.1,21.73,5,0.21
L039,discrete_mathematics,Discrete Mathematics,0.55,2.0,0.409,16.31,5,0.58
L007,data_structures,Data Structures,0.4,8.0,0.337,14.82,3,0.384
L018,computer_architecture,Computer Architecture,0.5,4.0,0.277,19.87,5,0.345
L011,dbms_normalization,DBMS Normalization,0.7,1.0,0.532,15.7,4,0.719
L006,neural_networks,Neural Networks,0.6,1.0,0.491,16.11,3,0.792
L018,software_engineering,Software Engineering,0.4,4.0,0.476,7.34,1,0.562
L017,probability_and_statistics,Probability & Statistics,0.65,7.0,0.197,19.54,5,0.415
L023,computer_architecture,Computer Architecture,0.5,0.0,0.652,13.31,5,0.834
L026,discrete_mathematics,Discrete Mathematics,0.55,3.0,0.213,16.07,2,0.441
L008,oop_concepts,OOP Concepts,0.35,0.0,0.716,8.34,5,0.959
L009,probability_and_statistics,Probability & Statistics,0.65,11.0,0.105,26.04,2,0.0
L040,neural_networks,Neural Networks,0.6,15.0,0.081,28.08,4,0.017
L038,computer_architecture,Computer Architecture,0.5,5.0,0.201,20.68,1,0.222
L036,discrete_mathematics,Discrete Mathematics,0.55,2.0,0.429,20.0,3,0.679
L026,dbms_normalization,DBMS Normalization,0.7,18.0,0.161,26.25,4,0.0
L037,discrete_mathematics,Discrete Mathematics,0.55,8.0,0.099,18.86,1,0.0
L027,data_structures,Data Structures,0.4,9.0,0.208,17.81,4,0.188
L009,ml_fundamentals,ML Fundamentals,0.5,1.0,0.563,18.51,4,0.829
L027,probability_and_statistics,Probability & Statistics,0.65,7.0,0.028,24.13,3,0.102
L007,computer_architecture,Computer Architecture,0.5,4.0,0.366,21.28,4,0.34
L038,operating_systems,Operating Systems,0.6,14.0,0.027,27.33,5,0.0
L021,data_structures,Data Structures,0.4,2.0,0.678,9.63,3,0.639
L034,probability_and_statistics,Probability & Statistics,0.65,8.0,0.037,23.46,4,0.099
L001,computer_networks,Computer Networks,0.55,18.0,0.0,18.77,1,0.052
L020,software_engineering,Software Engineering,0.4,11.0,0.0,30.6,4,0.076
L002,operating_systems,Operating Systems,0.6,13.0,0.061,21.1,5,0.037
L034,oop_concepts,OOP Concepts,0.35,18.0,0.034,18.08,2,0.013
L023,data_structures,Data Structures,0.4,6.0,0.373,20.78,2,0.333
L032,operating_systems,Operating Systems,0.6,20.0,0.109,19.24,2,0.072
L024,dbms_normalization,DBMS Normalization,0.7,16.0,0.16,24.1,3,0.036
L011,neural_networks,Neural Networks,0.6,15.0,0.005,19.68,5,0.01
L021,data_structures,Data Structures,0.4,20.0,0.066,19.82,4,0.032
L019,computer_networks,Computer Networks,0.55,18.0,0.205,17.77,4,0.0
L030,dbms_normalization,DBMS Normalization,0.7,10.0,0.0,20.85,5,0.0
L009,computer_networks,Computer Networks,0.55,9.0,0.16,26.25,3,0.0
L003,data_structures,Data Structures,0.4,7.0,0.379,19.49,2,0.419
L003,oop_concepts,OOP Concepts,0.35,10.0,0.151,18.63,2,0.177
L040,ml_fundamentals,ML Fundamentals,0.5,11.0,0.105,17.97,5,0.201
L020,computer_networks,Computer Networks,0.55,2.0,0.121,15.38,4,0.584
L038,probability_and_statistics,Probability & Statistics,0.65,20.0,0.048,30.07,3,0.087
L026,computer_architecture,Computer Architecture,0.5,14.0,0.0,17.5,3,0.094
L014,oop_concepts,OOP Concepts,0.35,15.0,0.0,25.49,3,0.0
L016,discrete_mathematics,Discrete Mathematics,0.55,4.0,0.082,21.24,5,0.25
L022,probability_and_statistics,Probability & Statistics,0.65,17.0,0.009,17.8,5,0.011
L008,data_structures,Data Structures,0.4,12.0,0.045,23.88,4,0.167
L038,software_engineering,Software Engineering,0.4,2.0,0.438,16.7,2,0.601
L015,discrete_mathematics,Discrete Mathematics,0.55,20.0,0.03,27.26,2,0.0
L023,probability_and_statistics,Probability & Statistics,0.65,9.0,0.0,20.2,2,0.02
L037,ml_fundamentals,ML Fundamentals,0.5,6.0,0.3,9.46,5,0.312
L009,data_structures,Data Structures,0.4,7.0,0.421,16.48,2,0.315
L011,computer_architecture,Computer Architecture,0.5,6.0,0.264,19.29,1,0.384
L020,dbms_normalization,DBMS Normalization,0.7,15.0,0.147,12.93,2,0.028
L016,data_structures,Data Structures,0.4,18.0,0.084,22.97,4,0.158
L031,neural_networks,Neural Networks,0.6,19.0,0.134,24.08,5,0.041
L040,computer_architecture,Computer Architecture,0.5,12.0,0.044,24.31,2,0.073
L003,probability_and_statistics,Probability & Statistics,0.65,3.0,0.357,15.09,3,0.519
L013,computer_networks,Computer Networks,0.55,17.0,0.003,25.51,3,0.074
L028,data_structures,Data Structures,0.4,20.0,0.054,26.36,5,0.01
L004,probability_and_statistics,Probability & Statistics,0.65,18.0,0.138,25.16,3,0.05
L015,dbms_normalization,DBMS Normalization,0.7,13.0,0.143,18.51,2,0.0
L034,ml_fundamentals,ML Fundamentals,0.5,20.0,0.026,17.0,4,0.081
L019,algorithm_design,Algorithm Design,0.5,20.0,0.128,23.33,1,0.168
L010,computer_networks,Computer Networks,0.55,9.0,0.244,20.28,5,0.034
L006,computer_architecture,Computer Architecture,0.5,7.0,0.242,25.47,5,0.103
L004,oop_concepts,OOP Concepts,0.35,18.0,0.062,22.21,5,0.0
L017,probability_and_statistics,Probability & Statistics,0.65,15.0,0.041,24.68,5,0.0
L001,ml_fundamentals,ML Fundamentals,0.5,9.0,0.158,27.1,3,0.263
L037,computer_architecture,Computer Architecture,0.5,3.0,0.327,18.94,4,0.442
L022,neural_networks,Neural Networks,0.6,4.0,0.218,24.84,1,0.352
L030,oop_concepts,OOP Concepts,0.35,21.0,0.0,15.72,4,0.077
L037,software_engineering,Software Engineering,0.4,11.0,0.334,15.29,2,0.177
L003,dbms_normalization,DBMS Normalization,0.7,21.0,0.0,19.39,4,0.0
L023,computer_networks,Computer Networks,0.55,7.0,0.298,19.61,2,0.149
L020,probability_and_statistics,Probability & Statistics,0.65,12.0,0.182,16.5,1,0.0
L012,computer_architecture,Computer Architecture,0.5,1.0,0.437,14.8,4,0.843
L018,data_structures,Data Structures,0.4,20.0,0.248,18.85,4,0.0
L012,algorithm_design,Algorithm Design,0.5,12.0,0.052,22.35,5,0.08
L004,neural_networks,Neural Networks,0.6,6.0,0.085,14.93,1,0.264
L037,operating_systems,Operating Systems,0.6,19.0,0.004,22.48,3,0.025
L039,data_structures,Data Structures,0.4,7.0,0.0,22.32,1,0.282
L034,computer_networks,Computer Networks,0.55,17.0,0.182,23.43,4,0.128
L031,probability_and_statistics,Probability & Statistics,0.65,5.0,0.275,18.77,4,0.325
L001,ml_fundamentals,ML Fundamentals,0.5,14.0,0.045,22.83,4,0.039
L001,operating_systems,Operating Systems,0.6,21.0,0.012,16.09,4,0.02
L015,data_structures,Data Structures,0.4,0.0,0.801,10.74,5,1.0
L032,probability_and_statistics,Probability & Statistics,0.65,10.0,0.085,17.44,2,0.223
L039,computer_architecture,Computer Architecture,0.5,0.0,0.794,11.68,3,0.996
L035,discrete_mathematics,Discrete Mathematics,0.55,20.0,0.0,21.37,1,0.137
L024,computer_networks,Computer Networks,0.55,13.0,0.108,23.64,1,0.09
L039,dbms_normalization,DBMS Normalization,0.7,17.0,0.042,16.49,5,0.0
L015,discrete_mathematics,Discrete Mathematics,0.55,6.0,0.286,15.29,4,0.198
L001,computer_networks,Computer Networks,0.55,19.0,0.0,25.17,3,0.0
L018,computer_networks,Computer Networks,0.55,10.0,0.204,22.94,3,0.198
L032,dbms_normalization,DBMS Normalization,0.7,16.0,0.087,27.57,2,0.042
L016,operating_systems,Operating Systems,0.6,4.0,0.306,22.61,4,0.469
L013,software_engineering,Software Engineering,0.4,6.0,0.43,15.67,1,0.323
L009,computer_architecture,Computer Architecture,0.5,21.0,0.059,23.37,2,0.0
L034,operating_systems,Operating Systems,0.6,1.0,0.454,18.63,4,0.776
L016,ml_fundamentals,ML Fundamentals,0.5,19.0,0.0,15.84,2,0.0
L026,software_engineering,Software Engineering,0.4,4.0,0.435,10.74,3,0.401
L017,oop_concepts,OOP Concepts,0.35,15.0,0.072,30.69,4,0.087
L004,software_engineering,Software Engineering,0.4,19.0,0.0,18.93,2,0.023
L038,data_structures,Data Structures,0.4,1.0,0.43,20.03,1,0.853
L025,discrete_mathematics,Discrete Mathematics,0.55,21.0,0.054,24.85,5,0.0
L027,probability_and_statistics,Probability & Statistics,0.65,14.0,0.0,25.46,4,0.039
L006,discrete_mathematics,Discrete Mathematics,0.55,8.0,0.0,32.14,1,0.0
L008,neural_networks,Neural Networks,0.6,16.0,0.098,23.92,3,0.091
L012,algorithm_design,Algorithm Design,0.5,19.0,0.016,21.35,5,0.0
L023,algorithm_design,Algorithm Design,0.5,6.0,0.13,19.25,5,0.394
L014,discrete_mathematics,Discrete Mathematics,0.55,21.0,0.0,20.05,2,0.053
L023,data_structures,Data Structures,0.4,18.0,0.001,24.27,5,0.069
L024,algorithm_design,Algorithm Design,0.5,4.0,0.385,19.6,4,0.459
L012,data_structures,Data Structures,0.4,15.0,0.0,21.93,4,0.106
L003,algorithm_design,Algorithm Design,0.5,9.0,0.042,20.27,5,0.25
L008,computer_networks,Computer Networks,0.55,9.0,0.22,24.52,4,0.153
L038,computer_networks,Computer Networks,0.55,10.0,0.065,16.95,3,0.288
L017,computer_architecture,Computer Architecture,0.5,1.0,0.46,15.2,2,0.832
L011,neural_networks,Neural Networks,0.6,20.0,0.0,26.74,5,0.113
L008,probability_and_statistics,Probability & Statistics,0.65,10.0,0.145,25.39,1,0.191
L001,computer_architecture,Computer Architecture,0.5,6.0,0.341,8.68,5,0.205
L020,neural_networks,Neural Networks,0.6,20.0,0.0,30.14,3,0.0
L038,software_engineering,Software Engineering,0.4,18.0,0.229,25.82,4,0.1
L035,computer_architecture,Computer Architecture,0.5,13.0,0.062,21.18,5,0.114
L024,ml_fundamentals,ML Fundamentals,0.5,18.0,0.007,21.66,4,0.044
L026,ml_fundamentals,ML Fundamentals,0.5,21.0,0.003,25.39,1,0.009
L021,data_structures,Data Structures,0.4,3.0,0.353,9.23,1,0.572
L018,dbms_normalization,DBMS Normalization,0.7,0.0,0.727,14.34,1,0.993
L017,probability_and_statistics,Probability & Statistics,0.65,12.0,0.071,27.45,3,0.0
L036,discrete_mathematics,Discrete Mathematics,0.55,2.0,0.713,13.54,3,0.602
L031,discrete_mathematics,Discrete Mathematics,0.55,6.0,0.005,14.83,2,0.355
L015,computer_architecture,Computer Architecture,0.5,12.0,0.0,25.47,3,0.043
L014,computer_architecture,Computer Architecture,0.5,13.0,0.141,22.86,5,0.067
L002,discrete_mathematics,Discrete Mathematics,0.55,6.0,0.187,24.56,4,0.088
L038,computer_networks,Computer Networks,0.55,3.0,0.311,18.71,3,0.592
L028,computer_architecture,Computer Architecture,0.5,2.0,0.542,13.12,5,0.636
L020,dbms_normalization,DBMS Normalization,0.7,7.0,0.138,23.3,4,0.073
L015,data_structures,Data Structures,0.4,14.0,0.16,25.25,1,0.121
L040,dbms_normalization,DBMS Normalization,0.7,14.0,0.037,26.03,4,0.0
L024,operating_systems,Operating Systems,0.6,19.0,0.0,22.8,2,0.099
L033,data_structures,Data Structures,0.4,16.0,0.306,21.96,4,0.042
L001,dbms_normalization,DBMS Normalization,0.7,2.0,0.416,17.62,4,0.649
L025,computer_architecture,Computer Architecture,0.5,4.0,0.206,13.87,2,0.355
L022,algorithm_design,Algorithm Design,0.5,18.0,0.075,15.43,4,0.023
L037,dbms_normalization,DBMS Normalization,0.7,10.0,0.234,18.62,4,0.027
L014,computer_networks,Computer Networks,0.55,13.0,0.073,25.83,5,0.0
L027,computer_architecture,Computer Architecture,0.5,11.0,0.167,19.5,3,0.215
L036,computer_architecture,Computer Architecture,0.5,14.0,0.152,23.49,3,0.018
L009,operating_systems,Operating Systems,0.6,17.0,0.0,20.27,1,0.031
L038,oop_concepts,OOP Concepts,0.35,13.0,0.389,22.13,5,0.116
L006,neural_networks,Neural Networks,0.6,18.0,0.047,11.81,1,0.033
L037,algorithm_design,Algorithm Design,0.5,0.0,0.697,12.23,3,0.953
L032,data_structures,Data Structures,0.4,14.0,0.107,19.51,1,0.068
L036,neural_networks,Neural Networks,0.6,16.0,0.03,25.94,5,0.0
L029,computer_architecture,Computer Architecture,0.5,17.0,0.0,24.38,3,0.0
L021,operating_systems,Operating Systems,0.6,10.0,0.011,22.51,2,0.0
L003,operating_systems,Operating Systems,0.6,19.0,0.205,26.4,5,0.032
L001,operating_systems,Operating Systems,0.6,16.0,0.079,25.0,4,0.089
L020,computer_networks,Computer Networks,0.55,3.0,0.425,15.04,3,0.504
L015,discrete_mathematics,Discrete Mathematics,0.55,4.0,0.112,21.16,2,0.314
L012,computer_networks,Computer Networks,0.55,7.0,0.228,27.06,1,0.28
L004,ml_fundamentals,ML Fundamentals,0.5,0.0,0.661,16.33,2,1.0
L018,software_engineering,Software Engineering,0.4,8.0,0.192,16.39,3,0.124
L008,oop_concepts,OOP Concepts,0.35,2.0,0.508,17.97,1,0.69
L028,dbms_normalization,DBMS Normalization,0.7,20.0,0.0,19.9,5,0.027
L028,oop_concepts,OOP Concepts,0.35,14.0,0.195,29.46,2,0.088
L025,dbms_normalization,DBMS Normalization,0.7,9.0,0.068,22.76,1,0.112
L031,neural_networks,Neural Networks,0.6,5.0,0.263,22.11,1,0.305
L037,data_structures,Data Structures,0.4,19.0,0.032,15.04,4,0.0
L027,oop_concepts,OOP Concepts,0.35,8.0,0.082,23.62,4,0.232
L032,software_engineering,Software Engineering,0.4,12.0,0.281,23.53,3,0.234
L038,computer_architecture,Computer Architecture,0.5,17.0,0.0,16.12,4,0.039
L039,discrete_mathematics,Discrete Mathematics,0.55,3.0,0.18,11.51,2,0.559
L037,computer_architecture,Computer Architecture,0.5,3.0,0.235,16.28,5,0.587
L029,data_structures,Data Structures,0.4,7.0,0.363,17.62,3,0.471
L037,dbms_normalization,DBMS Normalization,0.7,2.0,0.159,20.48,3,0.408
L003,software_engineering,Software Engineering,0.4,0.0,0.595,8.31,2,0.968
L033,computer_networks,Computer Networks,0.55,16.0,0.166,22.16,3,0.0
L036,oop_concepts,OOP Concepts,0.35,0.0,0.486,13.3,2,1.0
L021,neural_networks,Neural Networks,0.6,19.0,0.0,19.27,2,0.0
L024,algorithm_design,Algorithm Design,0.5,5.0,0.255,14.13,5,0.394
L033,dbms_normalization,DBMS Normalization,0.7,16.0,0.006,21.35,5,0.163
L028,discrete_mathematics,Discrete Mathematics,0.55,7.0,0.0,18.29,2,0.0
L019,data_structures,Data Structures,0.4,19.0,0.043,27.97,1,0.069
L040,algorithm_design,Algorithm Design,0.5,20.0,0.122,13.22,4,0.01
L038,algorithm_design,Algorithm Design,0.5,11.0,0.118,26.8,3,0.173
L038,operating_systems,Operating Systems,0.6,1.0,0.251,17.58,4,0.524
L021,computer_architecture,Computer Architecture,0.5,2.0,0.38,3.22,2,0.635
L024,ml_fundamentals,ML Fundamentals,0.5,19.0,0.036,12.81,3,0.0
L035,dbms_normalization,DBMS Normalization,0.7,16.0,0.0,19.49,2,0.0
L031,operating_systems,Operating Systems,0.6,16.0,0.038,18.65,1,0.162
L035,software_engineering,Software Engineering,0.4,15.0,0.045,23.64,1,0.006
L023,data_structures,Data Structures,0.4,11.0,0.143,20.53,4,0.231
L003,dbms_normalization,DBMS Normalization,0.7,16.0,0.0,14.91,1,0.023
L033,algorithm_design,Algorithm Design,0.5,15.0,0.081,14.76,4,0.0
L001,computer_networks,Computer Networks,0.55,21.0,0.0,30.0,3,0.055
L034,data_structures,Data Structures,0.4,9.0,0.356,19.02,4,0.264
L035,ml_fundamentals,ML Fundamentals,0.5,20.0,0.059,29.21,4,0.0
L018,operating_systems,Operating Systems,0.6,20.0,0.073,23.27,1,0.13
L006,dbms_normalization,DBMS Normalization,0.7,20.0,0.0,22.76,1,0.024
L031,computer_networks,Computer Networks,0.55,12.0,0.0,18.25,5,0.074
L023,computer_architecture,Computer Architecture,0.5,8.0,0.16,17.09,2,0.182
L007,oop_concepts,OOP Concepts,0.35,11.0,0.052,23.82,1,0.282
L037,computer_networks,Computer Networks,0.55,3.0,0.605,15.16,3,0.52
L024,computer_networks,Computer Networks,0.55,2.0,0.594,19.28,5,0.444
L007,data_structures,Data Structures,0.4,2.0,0.654,17.42,4,0.828
L033,neural_networks,Neural Networks,0.6,8.0,0.146,20.79,3,0.247
L010,oop_concepts,OOP Concepts,0.35,0.0,0.727,11.34,2,1.0
L027,computer_networks,Computer Networks,0.55,4.0,0.425,22.23,1,0.516
L034,computer_architecture,Computer Architecture,0.5,5.0,0.353,17.24,3,0.495
L011,computer_networks,Computer Networks,0.55,14.0,0.243,21.6,5,0.09
L014,dbms_normalization,DBMS Normalization,0.7,15.0,0.188,23.48,5,0.0
L016,software_engineering,Software Engineering,0.4,6.0,0.203,19.72,3,0.238
L003,oop_concepts,OOP Concepts,0.35,1.0,0.477,10.49,5,0.803
L022,probability_and_statistics,Probability & Statistics,0.65,15.0,0.045,20.07,3,0.052
L004,computer_architecture,Computer Architecture,0.5,20.0,0.166,27.66,5,0.0
L018,software_engineering,Software Engineering,0.4,20.0,0.011,19.33,5,0.024
L003,oop_concepts,OOP Concepts,0.35,19.0,0.0,24.91,5,0.0
L002,computer_architecture,Computer Architecture,0.5,1.0,0.381,8.5,4,0.879
L035,computer_architecture,Computer Architecture,0.5,15.0,0.006,23.67,1,0.072
L025,data_structures,Data Structures,0.4,0.0,0.673,13.09,5,0.954
L013,data_structures,Data Structures,0.4,10.0,0.163,27.05,1,0.095
L040,oop_concepts,OOP Concepts,0.35,19.0,0.029,27.99,4,0.06
L017,oop_concepts,OOP Concepts,0.35,2.0,0.411,8.97,4,0.681
L038,neural_networks,Neural Networks,0.6,11.0,0.304,19.14,3,0.171
L010,algorithm_design,Algorithm Design,0.5,6.0,0.0,16.64,2,0.193
L011,algorithm_design,Algorithm Design,0.5,8.0,0.212,19.6,1,0.252
L031,data_structures,Data Structures,0.4,14.0,0.216,18.38,1,0.136
L009,neural_networks,Neural Networks,0.6,19.0,0.055,21.79,4,0.0
L031,computer_networks,Computer Networks,0.55,5.0,0.38,26.62,3,0.33
L001,computer_networks,Computer Networks,0.55,18.0,0.0,22.26,5,0.047
L040,ml_fundamentals,ML Fundamentals,0.5,1.0,0.876,16.44,3,0.821
L017,probability_and_statistics,Probability & Statistics,0.65,17.0,0.065,18.34,3,0.0
L031,computer_networks,Computer Networks,0.55,15.0,0.0,22.17,1,0.125
L004,algorithm_design,Algorithm Design,0.5,4.0,0.204,22.47,5,0.437
L025,probability_and_statistics,Probability & Statistics,0.65,17.0,0.033,19.9,1,0.007
L034,dbms_normalization,DBMS Normalization,0.7,3.0,0.289,22.31,2,0.482
L030,ml_fundamentals,ML Fundamentals,0.5,3.0,0.382,20.84,2,0.566
L038,data_structures,Data Structures,0.4,20.0,0.198,26.4,1,0.068
L039,dbms_normalization,DBMS Normalization,0.7,6.0,0.0,15.46,2,0.0
L016,software_engineering,Software Engineering,0.4,21.0,0.0,22.75,4,0.0
L039,software_engineering,Software Engineering,0.4,18.0,0.0,23.24,3,0.102
L027,data_structures,Data Structures,0.4,20.0,0.162,20.34,2,0.019
L017,probability_and_statistics,Probability & Statistics,0.65,17.0,0.032,27.43,5,0.04
L026,discrete_mathematics,Discrete Mathematics,0.55,0.0,0.616,10.07,4,0.942
L027,oop_concepts,OOP Concepts,0.35,4.0,0.457,15.3,1,0.746
L001,discrete_mathematics,Discrete Mathematics,0.55,19.0,0.018,18.89,1,0.257
L038,dbms_normalization,DBMS Normalization,0.7,14.0,0.095,14.79,2,0.0
L037,dbms_normalization,DBMS Normalization,0.7,5.0,0.185,29.44,5,0.146
L040,data_structures,Data Structures,0.4,0.0,0.527,16.39,3,1.0
L033,neural_networks,Neural Networks,0.6,16.0,0.065,19.37,4,0.029
L030,computer_networks,Computer Networks,0.55,17.0,0.0,23.94,4,0.0
L023,discrete_mathematics,Discrete Mathematics,0.55,18.0,0.017,23.58,4,0.0
L026,oop_concepts,OOP Concepts,0.35,12.0,0.031,28.01,1,0.154
L038,probability_and_statistics,Probability & Statistics,0.65,6.0,0.256,26.67,3,0.102
L023,computer_architecture,Computer Architecture,0.5,19.0,0.075,26.9,2,0.0
L030,algorithm_design,Algorithm Design,0.5,8.0,0.289,21.09,1,0.301
L038,computer_architecture,Computer Architecture,0.5,17.0,0.067,11.91,3,0.038
L005,computer_networks,Computer Networks,0.55,4.0,0.279,14.32,1,0.33
L021,data_structures,Data Structures,0.4,21.0,0.122,23.3,1,0.134
L026,computer_networks,Computer Networks,0.55,14.0,0.0,23.68,1,0.088
L007,probability_and_statistics,Probability & Statistics,0.65,20.0,0.019,27.53,2,0.079
L035,computer_architecture,Computer Architecture,0.5,3.0,0.444,19.99,3,0.589
L003,data_structures,Data Structures,0.4,20.0,0.109,18.85,3,0.0
L036,ml_fundamentals,ML Fundamentals,0.5,20.0,0.109,24.22,4,0.124
L010,discrete_mathematics,Discrete Mathematics,0.55,13.0,0.104,30.65,2,0.091
L026,computer_architecture,Computer Architecture,0.5,19.0,0.026,21.43,5,0.105
L035,discrete_mathematics,Discrete Mathematics,0.55,7.0,0.123,20.76,3,0.15
L025,ml_fundamentals,ML Fundamentals,0.5,11.0,0.013,17.68,1,0.21
L029,oop_concepts,OOP Concepts,0.35,19.0,0.144,28.9,3,0.034
L033,data_structures,Data Structures,0.4,15.0,0.0,22.66,2,0.056
L022,dbms_normalization,DBMS Normalization,0.7,12.0,0.052,26.24,2,0.0
L038,computer_networks,Computer Networks,0.55,10.0,0.0,31.45,2,0.134
L036,computer_networks,Computer Networks,0.55,6.0,0.267,17.54,2,0.274
L007,computer_networks,Computer Networks,0.55,14.0,0.002,21.31,3,0.071
L010,probability_and_statistics,Probability & Statistics,0.65,18.0,0.0,16.36,5,0.034
L016,oop_concepts,OOP Concepts,0.35,16.0,0.197,21.5,2,0.0
L008,dbms_normalization,DBMS Normalization,0.7,19.0,0.111,23.42,1,0.023
L024,neural_networks,Neural Networks,0.6,11.0,0.157,19.69,1,0.006
L031,algorithm_design,Algorithm Design,0.5,15.0,0.083,20.57,5,0.039
L032,computer_networks,Computer Networks,0.55,0.0,0.662,13.51,2,1.0
L039,software_engineering,Software Engineering,0.4,8.0,0.072,22.82,3,0.338
L012,neural_networks,Neural Networks,0.6,9.0,0.158,19.99,3,0.066
L004,software_engineering,Software Engineering,0.4,21.0,0.101,17.39,1,0.0
L009,computer_networks,Computer Networks,0.55,5.0,0.267,23.42,2,0.335
L011,neural_networks,Neural Networks,0.6,4.0,0.066,21.15,5,0.176
L021,dbms_normalization,DBMS Normalization,0.7,14.0,0.0,19.67,5,0.033
L035,discrete_mathematics,Discrete Mathematics,0.55,0.0,0.702,21.01,4,1.0
L016,probability_and_statistics,Probability & Statistics,0.65,0.0,0.605,10.14,4,1.0
L007,operating_systems,Operating Systems,0.6,1.0,0.369,17.18,2,0.504
L009,operating_systems,Operating Systems,0.6,6.0,0.123,20.43,1,0.426
L040,operating_systems,Operating Systems,0.6,21.0,0.007,19.33,1,0.003
L016,discrete_mathematics,Discrete Mathematics,0.55,21.0,0.0,26.71,4,0.109
L034,neural_networks,Neural Networks,0.6,19.0,0.0,29.43,3,0.117
L011,ml_fundamentals,ML Fundamentals,0.5,8.0,0.0,24.04,5,0.041
L019,oop_concepts,OOP Concepts,0.35,12.0,0.142,20.04,2,0.087
L016,computer_architecture,Computer Architecture,0.5,7.0,0.421,17.13,5,0.358
L035,operating_systems,Operating Systems,0.6,4.0,0.356,13.57,2,0.463
L010,software_engineering,Software Engineering,0.4,4.0,0.446,17.84,5,0.602
L029,neural_networks,Neural Networks,0.6,14.0,0.0,18.87,4,0.072
L027,software_engineering,Software Engineering,0.4,7.0,0.239,16.28,2,0.496
L036,ml_fundamentals,ML Fundamentals,0.5,21.0,0.035,29.11,4,0.014
L006,discrete_mathematics,Discrete Mathematics,0.55,13.0,0.037,18.87,3,0.087
L003,oop_concepts,OOP Concepts,0.35,8.0,0.351,24.8,2,0.235
L011,oop_concepts,OOP Concepts,0.35,15.0,0.102,20.13,3,0.046
L015,algorithm_design,Algorithm Design,0.5,10.0,0.287,24.08,4,0.037
L025,neural_networks,Neural Networks,0.6,6.0,0.267,28.17,2,0.227
L021,algorithm_design,Algorithm Design,0.5,12.0,0.342,22.57,5,0.0
L038,computer_networks,Computer Networks,0.55,10.0,0.102,24.51,1,0.24
L009,computer_networks,Computer Networks,0.55,3.0,0.138,17.12,1,0.445
L029,computer_architecture,Computer Architecture,0.5,11.0,0.062,20.46,2,0.144
L008,algorithm_design,Algorithm Design,0.5,6.0,0.407,21.91,5,0.347
L021,oop_concepts,OOP Concepts,0.35,19.0,0.0,18.27,3,0.067
L009,ml_fundamentals,ML Fundamentals,0.5,5.0,0.392,23.63,1,0.583
L005,software_engineering,Software Engineering,0.4,1.0,0.559,15.07,5,0.94
L032,probability_and_statistics,Probability & Statistics,0.65,2.0,0.439,19.22,2,0.518
L039,computer_networks,Computer Networks,0.55,18.0,0.091,19.96,2,0.051
L002,data_structures,Data Structures,0.4,2.0,0.383,9.09,3,0.632
L035,discrete_mathematics,Discrete Mathematics,0.55,9.0,0.339,13.04,1,0.182
L040,computer_architecture,Computer Architecture,0.5,9.0,0.0,21.45,4,0.196
L018,dbms_normalization,DBMS Normalization,0.7,2.0,0.054,22.69,5,0.143
L025,data_structures,Data Structures,0.4,6.0,0.275,12.53,1,0.425
L020,discrete_mathematics,Discrete Mathematics,0.55,1.0,0.446,14.71,2,0.772
L016,discrete_mathematics,Discrete Mathematics,0.55,16.0,0.126,22.99,2,0.0
L021,neural_networks,Neural Networks,0.6,12.0,0.102,24.86,3,0.0
L010,algorithm_design,Algorithm Design,0.5,20.0,0.117,23.51,5,0.011
L013,operating_systems,Operating Systems,0.6,12.0,0.001,25.8,3,0.0
L030,algorithm_design,Algorithm Design,0.5,0.0,0.639,17.29,1,0.939
L035,dbms_normalization,DBMS Normalization,0.7,9.0,0.195,21.2,3,0.175
L033,ml_fundamentals,ML Fundamentals,0.5,14.0,0.0,22.18,4,0.023
L010,algorithm_design,Algorithm Design,0.5,14.0,0.0,24.91,4,0.067
L008,probability_and_statistics,Probability & Statistics,0.65,10.0,0.086,23.52,4,0.008
L032,computer_architecture,Computer Architecture,0.5,9.0,0.195,19.23,4,0.171
L001,oop_concepts,OOP Concepts,0.35,7.0,0.086,14.48,2,0.338
L011,oop_concepts,OOP Concepts,0.35,1.0,0.471,13.62,5,0.794
L010,probability_and_statistics,Probability & Statistics,0.65,17.0,0.0,20.71,2,0.091
L019,algorithm_design,Algorithm Design,0.5,18.0,0.128,15.63,5,0.0
L038,software_engineering,Software Engineering,0.4,14.0,0.031,17.58,4,0.116
L032,operating_systems,Operating Systems,0.6,6.0,0.209,22.27,2,0.145
L023,dbms_normalization,DBMS Normalization,0.7,5.0,0.157,15.25,3,0.23
L012,computer_architecture,Computer Architecture,0.5,5.0,0.263,19.69,3,0.247
L021,neural_networks,Neural Networks,0.6,6.0,0.178,21.22,1,0.184
L007,oop_concepts,OOP Concepts,0.35,17.0,0.052,25.24,3,0.101
L016,probability_and_statistics,Probability & Statistics,0.65,17.0,0.075,24.22,3,0.016
L017,oop_concepts,OOP Concepts,0.35,11.0,0.185,18.61,5,0.178
L029,oop_concepts,OOP Concepts,0.35,20.0,0.02,12.36,5,0.001
L033,data_structures,Data Structures,0.4,0.0,0.506,6.87,1,0.998
L009,computer_networks,Computer Networks,0.55,21.0,0.0,22.67,1,0.0
L023,algorithm_design,Algorithm Design,0.5,7.0,0.18,23.49,2,0.25
L013,software_engineering,Software Engineering,0.4,16.0,0.239,11.74,4,0.124
L009,dbms_normalization,DBMS Normalization,0.7,5.0,0.226,25.46,4,0.169
L007,dbms_normalization,DBMS Normalization,0.7,9.0,0.042,19.58,3,0.032
L039,software_engineering,Software Engineering,0.4,1.0,0.488,14.01,3,0.804
L027,operating_systems,Operating Systems,0.6,11.0,0.0,16.63,4,0.183
L023,oop_concepts,OOP Concepts,0.35,5.0,0.124,18.95,4,0.365
L009,algorithm_design,Algorithm Design,0.5,15.0,0.0,20.75,2,0.08
L001,oop_concepts,OOP Concepts,0.35,13.0,0.0,26.53,4,0.168
L005,data_structures,Data Structures,0.4,10.0,0.0,21.06,3,0.092
L038,dbms_normalization,DBMS Normalization,0.7,4.0,0.135,25.25,1,0.064
L004,ml_fundamentals,ML Fundamentals,0.5,9.0,0.124,21.75,5,0.17
L030,probability_and_statistics,Probability & Statistics,0.65,12.0,0.139,14.85,1,0.044
L031,neural_networks,Neural Networks,0.6,1.0,0.523,22.66,5,0.785
L004,neural_networks,Neural Networks,0.6,18.0,0.081,21.52,2,0.0
L014,dbms_normalization,DBMS Normalization,0.7,10.0,0.113,25.36,3,0.082
L022,algorithm_design,Algorithm Design,0.5,6.0,0.226,19.44,3,0.208
L013,neural_networks,Neural Networks,0.6,17.0,0.07,20.55,3,0.067
L028,ml_fundamentals,ML Fundamentals,0.5,8.0,0.121,19.57,5,0.15
L023,oop_concepts,OOP Concepts,0.35,21.0,0.195,17.38,2,0.022
L018,computer_networks,Computer Networks,0.55,18.0,0.269,19.3,4,0.0
L007,data_structures,Data Structures,0.4,3.0,0.366,11.28,5,0.651
L019,dbms_normalization,DBMS Normalization,0.7,4.0,0.244,21.4,5,0.12
L013,ml_fundamentals,ML Fundamentals,0.5,8.0,0.103,19.62,3,0.001
L020,oop_concepts,OOP Concepts,0.35,3.0,0.339,16.46,4,0.623
L002,computer_architecture,Computer Architecture,0.5,1.0,0.48,12.76,2,0.782
L033,operating_systems,Operating Systems,0.6,17.0,0.011,21.01,4,0.008
L014,computer_architecture,Computer Architecture,0.5,5.0,0.525,17.97,5,0.386
L010,neural_networks,Neural Networks,0.6,4.0,0.246,22.41,1,0.22
L025,algorithm_design,Algorithm Design,0.5,18.0,0.0,23.01,2,0.058
L003,discrete_mathematics,Discrete Mathematics,0.55,18.0,0.0,25.28,5,0.057
L024,computer_architecture,Computer Architecture,0.5,19.0,0.005,24.61,5,0.017
L027,ml_fundamentals,ML Fundamentals,0.5,18.0,0.0,23.03,1,0.004
L019,oop_concepts,OOP Concepts,0.35,5.0,0.395,17.14,3,0.468
L015,ml_fundamentals,ML Fundamentals,0.5,4.0,0.505,21.76,5,0.483
L028,probability_and_statistics,Probability & Statistics,0.65,1.0,0.374,16.79,1,0.623
L022,algorithm_design,Algorithm Design,0.5,6.0,0.304,19.16,3,0.187
L022,ml_fundamentals,ML Fundamentals,0.5,17.0,0.128,18.17,4,0.07
L033,computer_networks,Computer Networks,0.55,6.0,0.273,19.39,2,0.362
L033,ml_fundamentals,ML Fundamentals,0.5,8.0,0.403,22.74,5,0.256
L025,oop_concepts,OOP Concepts,0.35,8.0,0.104,17.1,5,0.088
L034,dbms_normalization,DBMS Normalization,0.7,13.0,0.0,18.55,3,0.0
L023,oop_concepts,OOP Concepts,0.35,4.0,0.517,18.07,3,0.58
L005,computer_architecture,Computer Architecture,0.5,12.0,0.0,19.23,1,0.057
L024,dbms_normalization,DBMS Normalization,0.7,0.0,0.588,15.26,1,1.0
L005,data_structures,Data Structures,0.4,20.0,0.0,24.23,2,0.02
L015,software_engineering,Software Engineering,0.4,16.0,0.072,15.3,1,0.165
L016,ml_fundamentals,ML Fundamentals,0.5,7.0,0.275,22.37,5,0.268
L002,ml_fundamentals,ML Fundamentals,0.5,20.0,0.094,18.81,1,0.048
L024,computer_architecture,Computer Architecture,0.5,10.0,0.224,26.54,3,0.23
L038,software_engineering,Software Engineering,0.4,2.0,0.665,17.7,2,0.694
L023,discrete_mathematics,Discrete Mathematics,0.55,17.0,0.224,24.11,1,0.0
L021,ml_fundamentals,ML Fundamentals,0.5,0.0,0.576,11.11,1,0.921
L027,probability_and_statistics,Probability & Statistics,0.65,19.0,0.029,24.02,4,0.071
L029,probability_and_statistics,Probability & Statistics,0.65,12.0,0.009,21.06,1,0.001
L023,operating_systems,Operating Systems,0.6,6.0,0.067,27.49,5,0.229
L021,algorithm_design,Algorithm Design,0.5,11.0,0.328,23.07,3,0.074
L023,data_structures,Data Structures,0.4,2.0,0.473,11.62,1,0.685
L011,algorithm_design,Algorithm Design,0.5,20.0,0.0,16.87,2,0.0
L009,discrete_mathematics,Discrete Mathematics,0.55,6.0,0.094,19.5,3,0.392
L013,computer_architecture,Computer Architecture,0.5,0.0,0.761,10.88,1,1.0
L010,computer_networks,Computer Networks,0.55,14.0,0.087,20.2,2,0.067
L005,data_structures,Data Structures,0.4,14.0,0.0,21.89,2,0.141
L030,neural_networks,Neural Networks,0.6,20.0,0.0,4.95,1,0.0
L023,data_structures,Data Structures,0.4,18.0,0.01,12.81,2,0.0
L008,computer_architecture,Computer Architecture,0.5,1.0,0.481,17.31,4,0.844
L020,probability_and_statistics,Probability & Statistics,0.65,14.0,0.148,20.44,3,0.03
L013,computer_networks,Computer Networks,0.55,9.0,0.23,17.35,3,0.106
L011,computer_architecture,Computer Architecture,0.5,15.0,0.028,21.0,1,0.074
L015,computer_architecture,Computer Architecture,0.5,8.0,0.107,25.22,4,0.193
L006,operating_systems,Operating Systems,0.6,14.0,0.004,16.93,1,0.033
L009,probability_and_statistics,Probability & Statistics,0.65,13.0,0.039,22.15,3,0.105
L038,discrete_mathematics,Discrete Mathematics,0.55,2.0,0.471,13.57,3,0.465
L029,algorithm_design,Algorithm Design,0.5,18.0,0.0,14.67,2,0.047
L028,ml_fundamentals,ML Fundamentals,0.5,19.0,0.008,19.38,2,0.131
L016,neural_networks,Neural Networks,0.6,13.0,0.0,25.12,5,0.027
L003,operating_systems,Operating Systems,0.6,2.0,0.237,9.84,3,0.63
L025,computer_architecture,Computer Architecture,0.5,12.0,0.005,20.33,4,0.232
L030,dbms_normalization,DBMS Normalization,0.7,9.0,0.075,20.34,5,0.0
L007,computer_architecture,Computer Architecture,0.5,12.0,0.0,22.33,5,0.025
L005,operating_systems,Operating Systems,0.6,4.0,0.368,16.44,2,0.507
L028,dbms_normalization,DBMS Normalization,0.7,18.0,0.0,18.06,4,0.0
L007,data_structures,Data Structures,0.4,0.0,0.606,8.22,4,0.993
L038,computer_architecture,Computer Architecture,0.5,20.0,0.006,20.63,1,0.013
L024,dbms_normalization,DBMS Normalization,0.7,0.0,0.344,18.99,4,1.0
L013,data_structures,Data Structures,0.4,21.0,0.079,21.61,4,0.027
L037,computer_architecture,Computer Architecture,0.5,8.0,0.159,19.64,4,0.151
L033,algorithm_design,Algorithm Design,0.5,8.0,0.265,16.38,4,0.104
L038,data_structures,Data Structures,0.4,6.0,0.271,24.35,3,0.353
L026,algorithm_design,Algorithm Design,0.5,14.0,0.0,16.8,5,0.122
L027,computer_architecture,Computer Architecture,0.5,13.0,0.149,22.0,2,0.098
L017,dbms_normalization,DBMS Normalization,0.7,1.0,0.451,18.43,2,0.698
L006,dbms_normalization,DBMS Normalization,0.7,10.0,0.169,20.45,1,0.103
L024,probability_and_statistics,Probability & Statistics,0.65,4.0,0.0,20.52,4,0.356
L038,discrete_mathematics,Discrete Mathematics,0.55,12.0,0.114,22.53,5,0.172
L036,computer_architecture,Computer Architecture,0.5,2.0,0.474,14.65,2,0.703
L015,data_structures,Data Structures,0.4,2.0,0.629,23.31,3,0.64
L030,oop_concepts,OOP Concepts,0.35,19.0,0.125,25.35,5,0.034
L014,ml_fundamentals,ML Fundamentals,0.5,19.0,0.036,23.89,3,0.049
L026,dbms_normalization,DBMS Normalization,0.7,20.0,0.14,22.45,5,0.018
L034,discrete_mathematics,Discrete Mathematics,0.55,7.0,0.021,19.95,4,0.08
L036,probability_and_statistics,Probability & Statistics,0.65,4.0,0.289,17.55,4,0.584
L009,neural_networks,Neural Networks,0.6,13.0,0.0,25.47,4,0.033
L004,neural_networks,Neural Networks,0.6,15.0,0.064,21.07,3,0.062
L008,computer_architecture,Computer Architecture,0.5,18.0,0.034,28.66,2,0.197
L002,dbms_normalization,DBMS Normalization,0.7,9.0,0.131,23.05,5,0.0
L019,probability_and_statistics,Probability & Statistics,0.65,5.0,0.001,19.06,2,0.211
L006,computer_architecture,Computer Architecture,0.5,8.0,0.228,23.52,3,0.183
L024,discrete_mathematics,Discrete Mathematics,0.55,17.0,0.248,24.33,3,0.048
L031,discrete_mathematics,Discrete Mathematics,0.55,20.0,0.159,22.42,2,0.006
L004,software_engineering,Software Engineering,0.4,7.0,0.033,11.57,2,0.259
L012,software_engineering,Software Engineering,0.4,17.0,0.059,23.58,3,0.056
L030,discrete_mathematics,Discrete Mathematics,0.55,3.0,0.336,16.42,4,0.649
L021,data_structures,Data Structures,0.4,14.0,0.171,21.33,2,0.137
L028,algorithm_design,Algorithm Design,0.5,8.0,0.0,22.29,3,0.12
L024,neural_networks,Neural Networks,0.6,20.0,0.183,15.36,4,0.0
L008,algorithm_design,Algorithm Design,0.5,20.0,0.082,20.18,1,0.0
L036,ml_fundamentals,ML Fundamentals,0.5,1.0,0.398,8.05,4,0.733
L029,oop_concepts,OOP Concepts,0.35,1.0,0.526,5.88,3,0.997
L033,neural_networks,Neural Networks,0.6,6.0,0.166,14.53,4,0.439
L033,operating_systems,Operating Systems,0.6,13.0,0.0,19.86,3,0.021
L030,software_engineering,Software Engineering,0.4,3.0,0.585,14.45,1,0.687
L036,probability_and_statistics,Probability & Statistics,0.65,16.0,0.0,24.94,3,0.0
L010,computer_architecture,Computer Architecture,0.5,16.0,0.086,22.57,1,0.112
L031,oop_concepts,OOP Concepts,0.35,13.0,0.114,22.81,4,0.0
L018,operating_systems,Operating Systems,0.6,18.0,0.0,19.8,1,0.078
L035,dbms_normalization,DBMS Normalization,0.7,13.0,0.0,9.88,4,0.02
L035,data_structures,Data Structures,0.4,5.0,0.204,22.73,2,0.384
L016,discrete_mathematics,Discrete Mathematics,0.55,20.0,0.035,22.4,4,0.019
L015,algorithm_design,Algorithm Design,0.5,8.0,0.019,20.17,4,0.061
L037,algorithm_design,Algorithm Design,0.5,0.0,0.656,5.41,4,1.0
L014,dbms_normalization,DBMS Normalization,0.7,4.0,0.345,31.09,4,0.461
L002,neural_networks,Neural Networks,0.6,0.0,0.738,10.93,5,1.0
L001,probability_and_statistics,Probability & Statistics,0.65,3.0,0.11,17.43,4,0.331
L027,operating_systems,Operating Systems,0.6,19.0,0.158,19.1,3,0.016
L018,operating_systems,Operating Systems,0.6,3.0,0.332,13.07,5,0.413
L016,software_engineering,Software Engineering,0.4,7.0,0.266,19.2,1,0.377
L016,data_structures,Data Structures,0.4,11.0,0.0,24.39,5,0.165
L004,software_engineering,Software Engineering,0.4,0.0,0.749,4.38,3,1.0
L038,data_structures,Data Structures,0.4,13.0,0.03,11.25,4,0.104
L006,algorithm_design,Algorithm Design,0.5,13.0,0.0,19.52,3,0.0
L020,neural_networks,Neural Networks,0.6,2.0,0.479,13.71,4,0.753
L012,computer_networks,Computer Networks,0.55,10.0,0.019,16.96,4,0.102
L014,software_engineering,Software Engineering,0.4,6.0,0.113,19.56,4,0.204
L024,algorithm_design,Algorithm Design,0.5,4.0,0.238,19.5,4,0.288
L003,probability_and_statistics,Probability & Statistics,0.65,7.0,0.201,21.43,3,0.086
L023,algorithm_design,Algorithm Design,0.5,20.0,0.0,22.44,5,0.0
L030,data_structures,Data Structures,0.4,18.0,0.046,19.98,1,0.024
L038,computer_architecture,Computer Architecture,0.5,2.0,0.417,13.1,4,0.622
L006,operating_systems,Operating Systems,0.6,7.0,0.0,14.47,3,0.173
L020,probability_and_statistics,Probability & Statistics,0.65,12.0,0.005,20.32,1,0.0
L039,neural_networks,Neural Networks,0.6,1.0,0.474,15.57,1,0.866
L007,software_engineering,Software Engineering,0.4,21.0,0.213,16.42,2,0.0
L015,oop_concepts,OOP Concepts,0.35,7.0,0.253,27.34,3,0.423
L003,algorithm_design,Algorithm Design,0.5,7.0,0.322,14.0,2,0.282
L028,ml_fundamentals,ML Fundamentals,0.5,12.0,0.0,19.95,2,0.006
L001,algorithm_design,Algorithm Design,0.5,15.0,0.138,27.18,3,0.0
L009,dbms_normalization,DBMS Normalization,0.7,15.0,0.0,17.53,2,0.104
L006,operating_systems,Operating Systems,0.6,11.0,0.184,22.15,3,0.125
L003,ml_fundamentals,ML Fundamentals,0.5,10.0,0.108,22.13,1,0.122
L033,data_structures,Data Structures,0.4,16.0,0.213,18.79,5,0.104
L028,dbms_normalization,DBMS Normalization,0.7,14.0,0.034,26.24,1,0.0
L028,computer_architecture,Computer Architecture,0.5,17.0,0.193,17.01,2,0.094
L030,probability_and_statistics,Probability & Statistics,0.65,11.0,0.164,26.2,5,0.058
L012,software_engineering,Software Engineering,0.4,5.0,0.161,25.1,1,0.366
L025,probability_and_statistics,Probability & Statistics,0.65,0.0,0.461,16.06,3,1.0
L021,software_engineering,Software Engineering,0.4,11.0,0.185,27.82,5,0.205
L005,discrete_mathematics,Discrete Mathematics,0.55,6.0,0.369,20.62,1,0.233
L038,probability_and_statistics,Probability & Statistics,0.65,5.0,0.382,20.3,3,0.302
L004,computer_networks,Computer Networks,0.55,18.0,0.0,26.51,4,0.003
L026,computer_networks,Computer Networks,0.55,4.0,0.479,22.4,2,0.626
L035,software_engineering,Software Engineering,0.4,0.0,0.578,13.75,1,0.906
L024,software_engineering,Software Engineering,0.4,6.0,0.511,16.14,1,0.395
L011,algorithm_design,Algorithm Design,0.5,14.0,0.0,19.99,2,0.029
L016,software_engineering,Software Engineering,0.4,20.0,0.018,23.2,1,0.05
L009,neural_networks,Neural Networks,0.6,8.0,0.123,23.41,2,0.201
L012,computer_architecture,Computer Architecture,0.5,20.0,0.0,29.03,4,0.074
L026,software_engineering,Software Engineering,0.4,17.0,0.227,30.39,2,0.029
L039,computer_networks,Computer Networks,0.55,16.0,0.004,24.96,1,0.058
L032,computer_architecture,Computer Architecture,0.5,7.0,0.232,17.8,5,0.223
L039,dbms_normalization,DBMS Normalization,0.7,2.0,0.279,19.52,5,0.413
L022,neural_networks,Neural Networks,0.6,2.0,0.48,19.85,2,0.513
L035,software_engineering,Software Engineering,0.4,8.0,0.403,16.18,4,0.351
L027,data_structures,Data Structures,0.4,17.0,0.129,21.97,3,0.121
L020,computer_architecture,Computer Architecture,0.5,9.0,0.129,17.24,1,0.205
L030,neural_networks,Neural Networks,0.6,19.0,0.114,22.32,3,0.0
L022,operating_systems,Operating Systems,0.6,7.0,0.054,18.74,3,0.005
L018,algorithm_design,Algorithm Design,0.5,20.0,0.0,26.38,3,0.051
L014,data_structures,Data Structures,0.4,4.0,0.427,17.84,4,0.603
L022,data_structures,Data Structures,0.4,15.0,0.161,19.59,5,0.095
L008,algorithm_design,Algorithm Design,0.5,16.0,0.035,22.1,4,0.0
L021,computer_architecture,Computer Architecture,0.5,8.0,0.462,22.33,5,0.303
L005,ml_fundamentals,ML Fundamentals,0.5,11.0,0.0,22.25,2,0.161
L006,computer_architecture,Computer Architecture,0.5,0.0,0.72,9.86,4,1.0
L010,oop_concepts,OOP Concepts,0.35,1.0,0.648,12.57,1,0.839
L029,oop_concepts,OOP Concepts,0.35,13.0,0.037,20.59,5,0.104
L038,neural_networks,Neural Networks,0.6,5.0,0.2,22.78,3,0.343
L023,probability_and_statistics,Probability & Statistics,0.65,19.0,0.003,18.23,2,0.027
L032,computer_architecture,Computer Architecture,0.5,5.0,0.132,26.99,5,0.303
L008,probability_and_statistics,Probability & Statistics,0.65,1.0,0.594,13.13,1,0.824
L010,neural_networks,Neural Networks,0.6,19.0,0.241,23.2,3,0.148
L010,neural_networks,Neural Networks,0.6,7.0,0.032,18.78,4,0.084
L019,oop_concepts,OOP Concepts,0.35,3.0,0.431,17.13,4,0.692
L016,dbms_normalization,DBMS Normalization,0.7,13.0,0.0,23.38,1,0.013
L003,operating_systems,Operating Systems,0.6,14.0,0.222,26.87,1,0.063
L004,data_structures,Data Structures,0.4,8.0,0.318,19.79,2,0.334
L012,algorithm_design,Algorithm Design,0.5,7.0,0.034,16.54,5,0.012
L010,algorithm_design,Algorithm Design,0.5,8.0,0.063,19.53,4,0.327
L038,algorithm_design,Algorithm Design,0.5,20.0,0.0,15.69,5,0.0
L012,neural_networks,Neural Networks,0.6,18.0,0.0,22.59,3,0.014
L006,operating_systems,Operating Systems,0.6,21.0,0.035,23.37,2,0.011
L026,algorithm_design,Algorithm Design,0.5,4.0,0.323,16.46,3,0.493
L022,software_engineering,Software Engineering,0.4,9.0,0.154,23.9,2,0.16
L011,ml_fundamentals,ML Fundamentals,0.5,10.0,0.013,19.16,3,0.22
L037,computer_networks,Computer Networks,0.55,20.0,0.0,24.28,5,0.074
L002,oop_concepts,OOP Concepts,0.35,14.0,0.0,21.47,4,0.067
L031,discrete_mathematics,Discrete Mathematics,0.55,4.0,0.176,21.46,1,0.336
L022,computer_networks,Computer Networks,0.55,14.0,0.028,27.56,2,0.129
L003,discrete_mathematics,Discrete Mathematics,0.55,21.0,0.009,14.47,3,0.009
L024,data_structures,Data Structures,0.4,17.0,0.179,18.16,1,0.181
L036,ml_fundamentals,ML Fundamentals,0.5,7.0,0.25,15.1,2,0.398
L007,neural_networks,Neural Networks,0.6,12.0,0.12,15.9,5,0.0
L027,ml_fundamentals,ML Fundamentals,0.5,9.0,0.236,15.64,3,0.248
L007,neural_networks,Neural Networks,0.6,16.0,0.023,19.55,4,0.1
L022,oop_concepts,OOP Concepts,0.35,12.0,0.008,16.52,4,0.151
L013,discrete_mathematics,Discrete Mathematics,0.55,6.0,0.059,21.27,1,0.229
L013,discrete_mathematics,Discrete Mathematics,0.55,11.0,0.0,21.41,1,0.0
L006,computer_networks,Computer Networks,0.55,4.0,0.2,24.03,2,0.474
L004,computer_networks,Computer Networks,0.55,17.0,0.225,19.65,5,0.064
L027,probability_and_statistics,Probability & Statistics,0.65,4.0,0.091,15.51,4,0.08
L022,computer_architecture,Computer Architecture,0.5,16.0,0.103,11.77,4,0.149
L022,operating_systems,Operating Systems,0.6,7.0,0.15,14.83,5,0.344
L020,discrete_mathematics,Discrete Mathematics,0.55,19.0,0.0,23.45,5,0.041
L031,probability_and_statistics,Probability & Statistics,0.65,3.0,0.304,19.26,1,0.167
L033,dbms_normalization,DBMS Normalization,0.7,6.0,0.338,23.83,4,0.304
L022,software_engineering,Software Engineering,0.4,4.0,0.195,21.71,3,0.401
L003,algorithm_design,Algorithm Design,0.5,1.0,0.508,7.4,1,0.878
L026,oop_concepts,OOP Concepts,0.35,14.0,0.254,23.51,3,0.103
L013,data_structures,Data Structures,0.4,7.0,0.136,23.69,2,0.215
L006,discrete_mathematics,Discrete Mathematics,0.55,20.0,0.0,20.77,3,0.0
L026,algorithm_design,Algorithm Design,0.5,2.0,0.412,12.22,4,0.605
L039,dbms_normalization,DBMS Normalization,0.7,15.0,0.06,21.71,1,0.0
L021,computer_architecture,Computer Architecture,0.5,21.0,0.052,25.88,1,0.0
L028,operating_systems,Operating Systems,0.6,20.0,0.092,16.2,5,0.0
L012,computer_networks,Computer Networks,0.55,10.0,0.266,18.03,2,0.149
L021,probability_and_statistics,Probability & Statistics,0.65,1.0,0.641,15.07,1,0.774
L009,ml_fundamentals,ML Fundamentals,0.5,12.0,0.083,25.87,2,0.23
L010,algorithm_design,Algorithm Design,0.5,11.0,0.029,25.82,3,0.085
L039,probability_and_statistics,Probability & Statistics,0.65,2.0,0.436,14.19,1,0.538
L021,data_structures,Data Structures,0.4,1.0,0.524,11.04,1,0.895
L025,data_structures,Data Structures,0.4,0.0,0.822,11.33,4,0.986
L037,probability_and_statistics,Probability & Statistics,0.65,13.0,0.091,23.4,3,0.054
L025,data_structures,Data Structures,0.4,21.0,0.016,12.83,4,0.0
L014,computer_networks,Computer Networks,0.55,15.0,0.049,21.3,4,0.0
L029,neural_networks,Neural Networks,0.6,21.0,0.0,27.17,3,0.035
L035,probability_and_statistics,Probability & Statistics,0.65,7.0,0.011,17.09,4,0.219
L001,discrete_mathematics,Discrete Mathematics,0.55,6.0,0.125,16.04,1,0.168
L017,data_structures,Data Structures,0.4,7.0,0.325,23.45,3,0.387
L010,algorithm_design,Algorithm Design,0.5,11.0,0.066,15.11,1,0.086
L013,software_engineering,Software Engineering,0.4,19.0,0.0,16.94,1,0.011
L027,software_engineering,Software Engineering,0.4,17.0,0.0,14.69,2,0.0
L024,dbms_normalization,DBMS Normalization,0.7,3.0,0.259,11.66,4,0.342
L040,dbms_normalization,DBMS Normalization,0.7,2.0,0.406,19.86,3,0.422
L037,operating_systems,Operating Systems,0.6,6.0,0.333,12.93,3,0.304
L023,probability_and_statistics,Probability & Statistics,0.65,2.0,0.557,14.81,2,0.5
L013,ml_fundamentals,ML Fundamentals,0.5,3.0,0.331,16.47,5,0.678
L004,computer_networks,Computer Networks,0.55,0.0,0.766,11.11,3,0.982
L010,algorithm_design,Algorithm Design,0.5,18.0,0.102,20.68,4,0.002
L010,computer_architecture,Computer Architecture,0.5,20.0,0.126,17.56,1,0.016
L032,neural_networks,Neural Networks,0.6,20.0,0.0,19.42,5,0.0
L039,computer_networks,Computer Networks,0.55,17.0,0.067,15.75,4,0.019
L033,discrete_mathematics,Discrete Mathematics,0.55,13.0,0.0,15.81,2,0.171
L013,operating_systems,Operating Systems,0.6,19.0,0.0,17.84,1,0.107
L033,neural_networks,Neural Networks,0.6,8.0,0.288,19.42,4,0.226
L025,data_structures,Data Structures,0.4,21.0,0.03,11.1,2,0.0
L002,data_structures,Data Structures,0.4,15.0,0.0,20.68,2,0.013
L040,dbms_normalization,DBMS Normalization,0.7,4.0,0.129,21.63,1,0.468
L040,operating_systems,Operating Systems,0.6,8.0,0.115,20.38,2,0.17
L002,neural_networks,Neural Networks,0.6,10.0,0.253,17.72,3,0.41
L031,data_structures,Data Structures,0.4,4.0,0.385,14.47,1,0.549
L027,discrete_mathematics,Discrete Mathematics,0.55,12.0,0.0,23.93,4,0.034
L005,software_engineering,Software Engineering,0.4,10.0,0.135,26.0,3,0.174
L040,oop_concepts,OOP Concepts,0.35,18.0,0.014,17.71,2,0.0
L002,software_engineering,Software Engineering,0.4,10.0,0.162,24.14,1,0.128
L006,discrete_mathematics,Discrete Mathematics,0.55,18.0,0.0,21.86,2,0.0
L030,dbms_normalization,DBMS Normalization,0.7,5.0,0.046,16.96,4,0.06
L005,computer_architecture,Computer Architecture,0.5,2.0,0.481,20.63,1,0.688
L036,software_engineering,Software Engineering,0.4,6.0,0.315,19.31,2,0.476
L004,data_structures,Data Structures,0.4,2.0,0.428,12.34,3,0.865
L036,oop_concepts,OOP Concepts,0.35,19.0,0.014,22.16,2,0.105
L001,neural_networks,Neural Networks,0.6,7.0,0.316,20.71,4,0.0
L028,ml_fundamentals,ML Fundamentals,0.5,20.0,0.228,23.11,1,0.005
L036,operating_systems,Operating Systems,0.6,7.0,0.0,22.94,3,0.211
L023,ml_fundamentals,ML Fundamentals,0.5,9.0,0.203,27.87,3,0.015
L004,computer_architecture,Computer Architecture,0.5,5.0,0.074,21.7,4,0.216
L028,computer_architecture,Computer Architecture,0.5,12.0,0.12,18.71,4,0.036
L003,algorithm_design,Algorithm Design,0.5,14.0,0.065,22.83,4,0.177
L012,discrete_mathematics,Discrete Mathematics,0.55,15.0,0.0,21.63,2,0.012
L013,data_structures,Data Structures,0.4,9.0,0.136,18.97,1,0.232
L011,computer_architecture,Computer Architecture,0.5,6.0,0.081,27.74,2,0.038
L023,operating_systems,Operating Systems,0.6,8.0,0.328,18.67,2,0.09
L011,operating_systems,Operating Systems,0.6,0.0,0.569,11.98,3,0.979
L004,discrete_mathematics,Discrete Mathematics,0.55,17.0,0.006,17.22,2,0.077
L031,oop_concepts,OOP Concepts,0.35,11.0,0.239,19.96,5,0.215
L005,computer_networks,Computer Networks,0.55,14.0,0.122,22.82,4,0.0
L030,ml_fundamentals,ML Fundamentals,0.5,18.0,0.0,16.45,4,0.049
L016,computer_architecture,Computer Architecture,0.5,19.0,0.0,22.19,2,0.077
L039,computer_architecture,Computer Architecture,0.5,15.0,0.048,22.62,1,0.144
L023,computer_architecture,Computer Architecture,0.5,10.0,0.006,25.28,3,0.127
L020,discrete_mathematics,Discrete Mathematics,0.55,14.0,0.001,16.34,2,0.122
L037,algorithm_design,Algorithm Design,0.5,19.0,0.149,25.19,1,0.0
L031,data_structures,Data Structures,0.4,13.0,0.034,22.61,3,0.14
L010,neural_networks,Neural Networks,0.6,6.0,0.169,16.4,4,0.24
L009,discrete_mathematics,Discrete Mathematics,0.55,13.0,0.211,21.91,4,0.096
L034,data_structures,Data Structures,0.4,15.0,0.138,24.17,5,0.256
L009,dbms_normalization,DBMS Normalization,0.7,13.0,0.0,22.85,4,0.0
L013,oop_concepts,OOP Concepts,0.35,20.0,0.069,26.05,2,0.0
L037,neural_networks,Neural Networks,0.6,16.0,0.0,21.01,2,0.024
L033,dbms_normalization,DBMS Normalization,0.7,0.0,0.679,10.25,1,0.982
L037,computer_architecture,Computer Architecture,0.5,8.0,0.193,17.89,5,0.16
L027,algorithm_design,Algorithm Design,0.5,21.0,0.039,17.58,1,0.0
L031,software_engineering,Software Engineering,0.4,3.0,0.585,23.04,2,0.65
L017,data_structures,Data Structures,0.4,3.0,0.388,17.8,3,0.549
L021,operating_systems,Operating Systems,0.6,18.0,0.0,16.3,4,0.024
L032,computer_architecture,Computer Architecture,0.5,20.0,0.0,19.3,2,0.114
L006,dbms_normalization,DBMS Normalization,0.7,18.0,0.033,23.02,4,0.0
L008,probability_and_statistics,Probability & Statistics,0.65,9.0,0.094,25.0,1,0.083
L019,computer_networks,Computer Networks,0.55,21.0,0.067,18.37,5,0.002
L004,discrete_mathematics,Discrete Mathematics,0.55,8.0,0.179,24.51,1,0.309
L032,algorithm_design,Algorithm Design,0.5,4.0,0.173,17.17,2,0.24
L012,probability_and_statistics,Probability & Statistics,0.65,14.0,0.146,22.69,4,0.01
L038,data_structures,Data Structures,0.4,4.0,0.508,17.45,5,0.583
L015,software_engineering,Software Engineering,0.4,10.0,0.18,22.63,2,0.174
L028,computer_networks,Computer Networks,0.55,5.0,0.253,24.01,4,0.401
L025,computer_architecture,Computer Architecture,0.5,8.0,0.09,25.33,4,0.17
L004,operating_systems,Operating Systems,0.6,6.0,0.163,13.68,5,0.278
L022,operating_systems,Operating Systems,0.6,3.0,0.186,17.72,2,0.245
L012,dbms_normalization,DBMS Normalization,0.7,11.0,0.054,21.0,1,0.039
L024,dbms_normalization,DBMS Normalization,0.7,13.0,0.053,22.08,5,0.0
L031,algorithm_design,Algorithm Design,0.5,3.0,0.3,11.19,3,0.609
L019,dbms_normalization,DBMS Normalization,0.7,18.0,0.0,25.48,2,0.071
L037,data_structures,Data Structures,0.4,7.0,0.134,25.56,4,0.294
L013,software_engineering,Software Engineering,0.4,2.0,0.535,19.26,2,0.725
L039,dbms_normalization,DBMS Normalization,0.7,8.0,0.178,11.9,1,0.067
L030,probability_and_statistics,Probability & Statistics,0.65,15.0,0.083,28.23,5,0.016
L025,algorithm_design,Algorithm Design,0.5,5.0,0.394,19.65,4,0.386
L035,oop_concepts,OOP Concepts,0.35,0.0,0.729,14.19,4,1.0
L006,oop_concepts,OOP Concepts,0.35,16.0,0.0,22.26,2,0.053
L004,oop_concepts,OOP Concepts,0.35,3.0,0.497,6.72,4,0.613
L031,data_structures,Data Structures,0.4,14.0,0.169,19.15,4,0.039
L003,software_engineering,Software Engineering,0.4,12.0,0.034,22.69,3,0.15
L001,probability_and_statistics,Probability & Statistics,0.65,7.0,0.001,26.12,1,0.15
L028,computer_networks,Computer Networks,0.55,7.0,0.195,15.95,1,0.196
L024,discrete_mathematics,Discrete Mathematics,0.55,19.0,0.062,24.47,4,0.0
L002,algorithm_design,Algorithm Design,0.5,5.0,0.306,20.22,5,0.42
L025,computer_architecture,Computer Architecture,0.5,10.0,0.246,21.93,1,0.328
L012,data_structures,Data Structures,0.4,3.0,0.153,23.49,4,0.254
L032,computer_networks,Computer Networks,0.55,17.0,0.235,19.5,5,0.0
L014,discrete_mathematics,Discrete Mathematics,0.55,14.0,0.031,18.04,3,0.03
L022,discrete_mathematics,Discrete Mathematics,0.55,21.0,0.0,21.15,3,0.083
L028,ml_fundamentals,ML Fundamentals,0.5,15.0,0.0,15.11,5,0.136
L037,operating_systems,Operating Systems,0.6,6.0,0.167,16.86,5,0.312
L006,software_engineering,Software Engineering,0.4,7.0,0.252,19.94,3,0.274
L022,software_engineering,Software Engineering,0.4,17.0,0.055,20.63,2,0.018
L010,dbms_normalization,DBMS Normalization,0.7,0.0,0.595,3.37,2,1.0
L033,operating_systems,Operating Systems,0.6,14.0,0.029,23.15,5,0.093
L036,data_structures,Data Structures,0.4,4.0,0.361,16.34,4,0.623
L004,dbms_normalization,DBMS Normalization,0.7,2.0,0.425,20.61,1,0.643
L001,data_structures,Data Structures,0.4,6.0,0.227,21.59,3,0.314
L010,oop_concepts,OOP Concepts,0.35,20.0,0.012,21.79,5,0.025
L013,algorithm_design,Algorithm Design,0.5,15.0,0.042,19.71,3,0.0
L012,software_engineering,Software Engineering,0.4,15.0,0.0,22.42,1,0.132
L017,neural_networks,Neural Networks,0.6,21.0,0.0,16.34,4,0.035
L007,oop_concepts,OOP Concepts,0.35,17.0,0.0,21.15,3,0.048
L014,software_engineering,Software Engineering,0.4,2.0,0.383,7.27,4,0.793
L010,software_engineering,Software Engineering,0.4,4.0,0.25,21.83,3,0.436
L021,neural_networks,Neural Networks,0.6,13.0,0.241,20.53,2,0.057
L031,oop_concepts,OOP Concepts,0.35,2.0,0.538,16.59,4,0.716
L028,ml_fundamentals,ML Fundamentals,0.5,11.0,0.327,16.54,3,0.18
L001,neural_networks,Neural Networks,0.6,0.0,0.672,8.58,2,1.0
L034,dbms_normalization,DBMS Normalization,0.7,9.0,0.0,17.85,3,0.085
L024,computer_architecture,Computer Architecture,0.5,11.0,0.0,27.72,1,0.005
L024,dbms_normalization,DBMS Normalization,0.7,4.0,0.0,20.55,5,0.03
L035,operating_systems,Operating Systems,0.6,14.0,0.0,29.19,3,0.057
L023,neural_networks,Neural Networks,0.6,6.0,0.158,22.57,1,0.284
L019,ml_fundamentals,ML Fundamentals,0.5,10.0,0.067,23.8,4,0.059
L013,operating_systems,Operating Systems,0.6,17.0,0.107,18.33,4,0.0
L004,operating_systems,Operating Systems,0.6,14.0,0.171,22.34,2,0.0
L040,software_engineering,Software Engineering,0.4,3.0,0.415,24.45,5,0.544
L040,software_engineering,Software Engineering,0.4,13.0,0.166,22.58,5,0.091
L038,software_engineering,Software Engineering,0.4,0.0,0.684,11.65,2,1.0
L025,probability_and_statistics,Probability & Statistics,0.65,17.0,0.3,14.98,1,0.064
L013,dbms_normalization,DBMS Normalization,0.7,19.0,0.0,22.79,1,0.006
L037,ml_fundamentals,ML Fundamentals,0.5,5.0,0.213,12.3,1,0.29
L012,probability_and_statistics,Probability & Statistics,0.65,20.0,0.0,21.86,3,0.071
L025,neural_networks,Neural Networks,0.6,21.0,0.075,18.81,3,0.028
L011,ml_fundamentals,ML Fundamentals,0.5,8.0,0.223,22.47,4,0.243
L003,probability_and_statistics,Probability & Statistics,0.65,10.0,0.135,13.58,4,0.089
L010,probability_and_statistics,Probability & Statistics,0.65,3.0,0.214,19.82,1,0.295
L013,probability_and_statistics,Probability & Statistics,0.65,21.0,0.177,16.37,4,0.0
L023,computer_architecture,Computer Architecture,0.5,7.0,0.111,22.41,1,0.206
L014,dbms_normalization,DBMS Normalization,0.7,3.0,0.249,16.97,3,0.517
L037,software_engineering,Software Engineering,0.4,6.0,0.424,13.84,3,0.243
L010,algorithm_design,Algorithm Design,0.5,4.0,0.349,12.22,3,0.405
L032,neural_networks,Neural Networks,0.6,18.0,0.0,23.1,1,0.0
L022,data_structures,Data Structures,0.4,10.0,0.0,16.06,5,0.138
L023,oop_concepts,OOP Concepts,0.35,15.0,0.255,13.42,4,0.178
L008,software_engineering,Software Engineering,0.4,11.0,0.043,24.13,3,0.185
L029,computer_architecture,Computer Architecture,0.5,20.0,0.081,19.59,5,0.032
L019,probability_and_statistics,Probability & Statistics,0.65,8.0,0.253,21.5,2,0.136
L013,computer_architecture,Computer Architecture,0.5,7.0,0.252,18.86,4,0.335
L022,data_structures,Data Structures,0.4,11.0,0.05,18.25,2,0.036
L019,data_structures,Data Structures,0.4,19.0,0.181,16.77,2,0.128
L039,ml_fundamentals,ML Fundamentals,0.5,5.0,0.318,21.73,4,0.442
L019,computer_architecture,Computer Architecture,0.5,0.0,0.749,15.25,1,1.0
L038,neural_networks,Neural Networks,0.6,21.0,0.026,18.48,3,0.0
L033,computer_architecture,Computer Architecture,0.5,2.0,0.369,23.59,4,0.411
L012,probability_and_statistics,Probability & Statistics,0.65,16.0,0.064,22.12,2,0.07
L011,oop_concepts,OOP Concepts,0.35,13.0,0.135,15.93,5,0.101
L023,discrete_mathematics,Discrete Mathematics,0.55,6.0,0.058,19.87,1,0.102
L006,computer_networks,Computer Networks,0.55,20.0,0.138,26.76,4,0.0
L025,dbms_normalization,DBMS Normalization,0.7,19.0,0.02,14.58,4,0.04
L025,software_engineering,Software Engineering,0.4,3.0,0.483,10.9,5,0.502
L027,data_structures,Data Structures,0.4,21.0,0.0,20.42,1,0.084
L039,dbms_normalization,DBMS Normalization,0.7,7.0,0.254,27.91,3,0.17
L032,computer_networks,Computer Networks,0.55,0.0,0.654,7.18,5,1.0
L029,dbms_normalization,DBMS Normalization,0.7,9.0,0.009,25.83,1,0.021
L003,operating_systems,Operating Systems,0.6,9.0,0.0,15.07,1,0.01
L019,probability_and_statistics,Probability & Statistics,0.65,2.0,0.466,15.23,4,0.602
L021,computer_architecture,Computer Architecture,0.5,8.0,0.0,23.78,2,0.22
L004,oop_concepts,OOP Concepts,0.35,14.0,0.066,15.68,3,0.127
L026,computer_architecture,Computer Architecture,0.5,6.0,0.257,18.76,3,0.278
L027,computer_networks,Computer Networks,0.55,8.0,0.383,15.5,1,0.255
L020,computer_networks,Computer Networks,0.55,13.0,0.026,20.03,2,0.134
L014,software_engineering,Software Engineering,0.4,13.0,0.024,17.95,2,0.049
L014,oop_concepts,OOP Concepts,0.35,6.0,0.431,13.7,2,0.388
L007,discrete_mathematics,Discrete Mathematics,0.55,16.0,0.029,18.1,1,0.043
L001,ml_fundamentals,ML Fundamentals,0.5,18.0,0.087,20.43,5,0.075
L033,software_engineering,Software Engineering,0.4,19.0,0.078,22.09,3,0.075
L014,ml_fundamentals,ML Fundamentals,0.5,17.0,0.0,12.99,4,0.011
L033,operating_systems,Operating Systems,0.6,19.0,0.04,17.45,4,0.022
L030,neural_networks,Neural Networks,0.6,15.0,0.0,24.5,4,0.062
L004,dbms_normalization,DBMS Normalization,0.7,16.0,0.0,18.55,4,0.135
L029,dbms_normalization,DBMS Normalization,0.7,11.0,0.0,20.29,1,0.072
L003,computer_networks,Computer Networks,0.55,8.0,0.129,22.58,1,0.266
L020,computer_networks,Computer Networks,0.55,9.0,0.0,20.13,4,0.234
L016,probability_and_statistics,Probability & Statistics,0.65,17.0,0.0,22.36,3,0.001
L015,algorithm_design,Algorithm Design,0.5,6.0,0.186,23.76,4,0.312
L011,ml_fundamentals,ML Fundamentals,0.5,15.0,0.061,20.8,5,0.096
L032,discrete_mathematics,Discrete Mathematics,0.55,11.0,0.061,29.19,2,0.077
L016,computer_architecture,Computer Architecture,0.5,5.0,0.506,8.52,4,0.46
L018,computer_architecture,Computer Architecture,0.5,5.0,0.404,23.01,5,0.354
L009,probability_and_statistics,Probability & Statistics,0.65,8.0,0.061,11.54,4,0.11
L006,software_engineering,Software Engineering,0.4,13.0,0.309,23.8,3,0.114
L011,computer_architecture,Computer Architecture,0.5,14.0,0.167,19.61,5,0.074
L025,software_engineering,Software Engineering,0.4,1.0,0.683,9.42,2,0.844
L031,discrete_mathematics,Discrete Mathematics,0.55,4.0,0.233,17.25,5,0.486
L002,computer_architecture,Computer Architecture,0.5,8.0,0.164,18.14,5,0.135
L017,neural_networks,Neural Networks,0.6,4.0,0.067,20.51,4,0.233
L031,data_structures,Data Structures,0.4,2.0,0.506,17.1,5,0.802
L010,ml_fundamentals,ML Fundamentals,0.5,12.0,0.071,15.16,5,0.0
L034,probability_and_statistics,Probability & Statistics,0.65,8.0,0.0,20.74,4,0.004
L016,oop_concepts,OOP Concepts,0.35,11.0,0.181,23.8,5,0.321
L038,operating_systems,Operating Systems,0.6,6.0,0.0,20.8,5,0.088
L035,neural_networks,Neural Networks,0.6,16.0,0.0,13.66,3,0.034
L017,ml_fundamentals,ML Fundamentals,0.5,4.0,0.247,15.77,3,0.431
L015,computer_networks,Computer Networks,0.55,20.0,0.082,20.93,4,0.034
L006,algorithm_design,Algorithm Design,0.5,5.0,0.198,23.6,4,0.314
L001,algorithm_design,Algorithm Design,0.5,8.0,0.287,19.62,2,0.216
L014,oop_concepts,OOP Concepts,0.35,2.0,0.608,11.81,4,0.935
L017,probability_and_statistics,Probability & Statistics,0.65,11.0,0.068,19.2,1,0.167
L001,ml_fundamentals,ML Fundamentals,0.5,5.0,0.298,15.76,3,0.307
L036,algorithm_design,Algorithm Design,0.5,0.0,0.705,9.35,2,1.0
L036,data_structures,Data Structures,0.4,17.0,0.076,30.07,5,0.082
L039,discrete_mathematics,Discrete Mathematics,0.55,7.0,0.178,23.07,2,0.184
L027,dbms_normalization,DBMS Normalization,0.7,6.0,0.355,18.89,4,0.043
L038,computer_networks,Computer Networks,0.55,4.0,0.233,21.59,4,0.252
L008,algorithm_design,Algorithm Design,0.5,16.0,0.0,19.9,4,0.0
L018,neural_networks,Neural Networks,0.6,21.0,0.106,20.96,3,0.0
L001,discrete_mathematics,Discrete Mathematics,0.55,12.0,0.0,24.86,3,0.052
L011,ml_fundamentals,ML Fundamentals,0.5,8.0,0.049,27.11,3,0.226
L023,operating_systems,Operating Systems,0.6,8.0,0.051,22.33,1,0.047
L015,software_engineering,Software Engineering,0.4,13.0,0.173,28.42,4,0.13
L011,oop_concepts,OOP Concepts,0.35,11.0,0.096,26.91,4,0.125
L005,software_engineering,Software Engineering,0.4,21.0,0.059,17.66,1,0.082
L037,operating_systems,Operating Systems,0.6,7.0,0.09,17.14,1,0.184
L031,algorithm_design,Algorithm Design,0.5,15.0,0.0,18.96,4,0.0
L033,probability_and_statistics,Probability & Statistics,0.65,17.0,0.081,20.44,3,0.0
L034,discrete_mathematics,Discrete Mathematics,0.55,0.0,0.761,11.4,4,0.856
L004,computer_architecture,Computer Architecture,0.5,5.0,0.213,24.45,3,0.469
L005,computer_networks,Computer Networks,0.55,15.0,0.0,23.05,1,0.0
L038,oop_concepts,OOP Concepts,0.35,11.0,0.167,25.05,4,0.229
L006,algorithm_design,Algorithm Design,0.5,8.0,0.061,25.0,1,0.175
L019,computer_architecture,Computer Architecture,0.5,21.0,0.068,21.54,1,0.056
L004,computer_architecture,Computer Architecture,0.5,4.0,0.0,19.57,3,0.219
L034,neural_networks,Neural Networks,0.6,9.0,0.0,22.67,2,0.157
L032,dbms_normalization,DBMS Normalization,0.7,1.0,0.619,18.2,5,0.778
L034,probability_and_statistics,Probability & Statistics,0.65,16.0,0.139,17.18,4,0.007
L008,computer_architecture,Computer Architecture,0.5,21.0,0.093,21.47,1,0.018
L030,computer_networks,Computer Networks,0.55,9.0,0.0,27.4,1,0.139
L005,neural_networks,Neural Networks,0.6,3.0,0.362,16.69,5,0.511
L030,neural_networks,Neural Networks,0.6,5.0,0.153,20.14,4,0.183
L024,computer_architecture,Computer Architecture,0.5,18.0,0.162,20.45,1,0.132
L027,computer_architecture,Computer Architecture,0.5,18.0,0.0,17.18,3,0.112
L036,data_structures,Data Structures,0.4,13.0,0.0,19.52,1,0.091
L014,computer_networks,Computer Networks,0.55,10.0,0.265,22.46,5,0.16
L039,dbms_normalization,DBMS Normalization,0.7,11.0,0.31,24.68,3,0.009
L035,oop_concepts,OOP Concepts,0.35,4.0,0.411,10.64,2,0.499
L003,operating_systems,Operating Systems,0.6,21.0,0.0,23.71,1,0.0
L014,oop_concepts,OOP Concepts,0.35,10.0,0.187,22.0,3,0.201
L014,probability_and_statistics,Probability & Statistics,0.65,8.0,0.131,19.65,3,0.148
L006,oop_concepts,OOP Concepts,0.35,1.0,0.775,13.07,4,0.845
L027,computer_networks,Computer Networks,0.55,18.0,0.128,25.74,2,0.013
L001,dbms_normalization,DBMS Normalization,0.7,7.0,0.159,15.17,3,0.159
L011,software_engineering,Software Engineering,0.4,15.0,0.0,13.34,3,0.225
L003,oop_concepts,OOP Concepts,0.35,4.0,0.55,21.48,4,0.628
L026,computer_architecture,Computer Architecture,0.5,20.0,0.0,19.84,3,0.096
L002,ml_fundamentals,ML Fundamentals,0.5,13.0,0.0,25.21,3,0.097
L024,algorithm_design,Algorithm Design,0.5,18.0,0.083,17.8,1,0.028
L032,algorithm_design,Algorithm Design,0.5,6.0,0.248,24.93,2,0.379
L016,ml_fundamentals,ML Fundamentals,0.5,0.0,0.671,12.22,3,1.0
L025,algorithm_design,Algorithm Design,0.5,3.0,0.353,20.7,3,0.555
L031,discrete_mathematics,Discrete Mathematics,0.55,10.0,0.077,20.98,4,0.075
L029,computer_architecture,Computer Architecture,0.5,2.0,0.226,17.66,5,0.39
L002,neural_networks,Neural Networks,0.6,18.0,0.0,19.88,3,0.05
L014,computer_networks,Computer Networks,0.55,4.0,0.185,21.99,1,0.456
L033,software_engineering,Software Engineering,0.4,17.0,0.026,15.53,3,0.0
L004,discrete_mathematics,Discrete Mathematics,0.55,1.0,0.43,11.77,1,0.724
L030,dbms_normalization,DBMS Normalization,0.7,15.0,0.0,24.6,5,0.009
L033,computer_networks,Computer Networks,0.55,2.0,0.426,16.25,1,0.534
L001,software_engineering,Software Engineering,0.4,17.0,0.091,20.22,4,0.006
L036,computer_networks,Computer Networks,0.55,7.0,0.271,16.73,4,0.175
L012,algorithm_design,Algorithm Design,0.5,14.0,0.249,19.32,4,0.022
L011,software_engineering,Software Engineering,0.4,18.0,0.168,9.22,1,0.151
L027,dbms_normalization,DBMS Normalization,0.7,19.0,0.152,21.89,5,0.151
L003,operating_systems,Operating Systems,0.6,18.0,0.0,24.26,3,0.034
L006,computer_architecture,Computer Architecture,0.5,17.0,0.017,13.53,2,0.026
L024,computer_architecture,Computer Architecture,0.5,6.0,0.229,24.6,3,0.209
L005,oop_concepts,OOP Concepts,0.35,21.0,0.127,25.02,4,0.04
L017,dbms_normalization,DBMS Normalization,0.7,6.0,0.113,21.39,5,0.132
L014,operating_systems,Operating Systems,0.6,3.0,0.349,18.63,5,0.467
L028,operating_systems,Operating Systems,0.6,8.0,0.337,24.75,1,0.275
L021,algorithm_design,Algorithm Design,0.5,1.0,0.698,15.9,2,0.832
L009,operating_systems,Operating Systems,0.6,14.0,0.041,22.4,4,0.007
L018,neural_networks,Neural Networks,0.6,9.0,0.0,23.56,4,0.001
L001,computer_architecture,Computer Architecture,0.5,4.0,0.148,20.15,3,0.418
L017,probability_and_statistics,Probability & Statistics,0.65,0.0,0.658,9.0,1,0.959
L014,discrete_mathematics,Discrete Mathematics,0.55,1.0,0.476,21.46,1,0.597
L039,ml_fundamentals,ML Fundamentals,0.5,12.0,0.164,26.21,1,0.149
L021,neural_networks,Neural Networks,0.6,7.0,0.235,25.98,4,0.25
L001,operating_systems,Operating Systems,0.6,12.0,0.215,20.19,2,0.049
L036,algorithm_design,Algorithm Design,0.5,10.0,0.016,25.8,1,0.15
L014,probability_and_statistics,Probability & Statistics,0.65,19.0,0.0,17.43,1,0.0
L037,computer_architecture,Computer Architecture,0.5,13.0,0.0,19.0,5,0.192
L003,algorithm_design,Algorithm Design,0.5,11.0,0.374,21.06,5,0.125
L014,probability_and_statistics,Probability & Statistics,0.65,7.0,0.005,16.74,2,0.002
L028,oop_concepts,OOP Concepts,0.35,1.0,0.559,6.62,5,0.861
L021,data_structures,Data Structures,0.4,16.0,0.051,16.17,1,0.066
L035,data_structures,Data Structures,0.4,21.0,0.029,24.52,4,0.06
L027,computer_networks,Computer Networks,0.55,2.0,0.426,13.88,2,0.707
L035,dbms_normalization,DBMS Normalization,0.7,10.0,0.054,23.43,1,0.026
L002,software_engineering,Software Engineering,0.4,15.0,0.061,18.71,4,0.065
L031,dbms_normalization,DBMS Normalization,0.7,1.0,0.238,14.74,4,0.666
L034,operating_systems,Operating Systems,0.6,18.0,0.0,23.49,3,0.0
L038,oop_concepts,OOP Concepts,0.35,15.0,0.065,25.75,3,0.005
L020,operating_systems,Operating Systems,0.6,0.0,0.537,7.57,1,0.982
L030,dbms_normalization,DBMS Normalization,0.7,0.0,0.621,7.99,1,1.0
L039,data_structures,Data Structures,0.4,20.0,0.056,20.55,5,0.0
L035,dbms_normalization,DBMS Normalization,0.7,4.0,0.376,13.86,4,0.204
L036,oop_concepts,OOP Concepts,0.35,15.0,0.101,18.84,5,0.058
L028,operating_systems,Operating Systems,0.6,7.0,0.239,22.49,3,0.172
L028,oop_concepts,OOP Concepts,0.35,3.0,0.366,15.5,3,0.664
L035,data_structures,Data Structures,0.4,19.0,0.0,25.73,5,0.074
L017,computer_architecture,Computer Architecture,0.5,2.0,0.616,17.59,1,0.535
L027,probability_and_statistics,Probability & Statistics,0.65,0.0,0.581,15.62,4,0.957
L027,computer_architecture,Computer Architecture,0.5,15.0,0.088,24.24,3,0.046
L023,computer_architecture,Computer Architecture,0.5,15.0,0.0,23.85,4,0.062
L025,discrete_mathematics,Discrete Mathematics,0.55,17.0,0.071,25.18,2,0.0
L028,oop_concepts,OOP Concepts,0.35,9.0,0.153,20.95,4,0.437
L007,computer_networks,Computer Networks,0.55,11.0,0.023,22.23,1,0.0
L005,dbms_normalization,DBMS Normalization,0.7,8.0,0.061,30.42,2,0.145
L020,oop_concepts,OOP Concepts,0.35,18.0,0.201,13.46,4,0.073
L012,oop_concepts,OOP Concepts,0.35,1.0,0.634,15.0,1,0.919
L005,computer_architecture,Computer Architecture,0.5,14.0,0.0,22.42,3,0.157
L010,ml_fundamentals,ML Fundamentals,0.5,5.0,0.305,11.91,5,0.392
L001,data_structures,Data Structures,0.4,3.0,0.381,18.25,3,0.6
L035,operating_systems,Operating Systems,0.6,8.0,0.156,26.25,1,0.022
L016,software_engineering,Software Engineering,0.4,0.0,0.72,11.38,4,1.0
L023,probability_and_statistics,Probability & Statistics,0.65,8.0,0.067,17.42,5,0.026
L017,neural_networks,Neural Networks,0.6,15.0,0.0,27.08,2,0.081
L038,dbms_normalization,DBMS Normalization,0.7,2.0,0.514,14.57,3,0.74
L036,discrete_mathematics,Discrete Mathematics,0.55,16.0,0.23,18.06,4,0.01
L004,probability_and_statistics,Probability & Statistics,0.65,2.0,0.457,16.28,2,0.647
L036,operating_systems,Operating Systems,0.6,12.0,0.069,19.97,5,0.128
L001,oop_concepts,OOP Concepts,0.35,17.0,0.0,18.9,4,0.057
L027,computer_networks,Computer Networks,0.55,14.0,0.0,20.51,5,0.0
L022,probability_and_statistics,Probability & Statistics,0.65,17.0,0.117,24.64,3,0.0
L025,discrete_mathematics,Discrete Mathematics,0.55,17.0,0.0,20.81,2,0.0
L019,software_engineering,Software Engineering,0.4,5.0,0.342,11.77,2,0.302
L036,computer_architecture,Computer Architecture,0.5,10.0,0.0,14.56,1,0.057
L012,computer_networks,Computer Networks,0.55,1.0,0.611,12.63,3,0.788
L039,algorithm_design,Algorithm Design,0.5,1.0,0.505,15.38,3,0.827
L018,probability_and_statistics,Probability & Statistics,0.65,21.0,0.0,25.18,5,0.026
L032,operating_systems,Operating Systems,0.6,7.0,0.02,27.98,1,0.158
L025,software_engineering,Software Engineering,0.4,0.0,0.781,13.49,2,0.9
L019,neural_networks,Neural Networks,0.6,10.0,0.188,24.94,5,0.071
L007,computer_architecture,Computer Architecture,0.5,20.0,0.1,21.82,1,0.013
L019,algorithm_design,Algorithm Design,0.5,17.0,0.0,20.95,5,0.0
L033,ml_fundamentals,ML Fundamentals,0.5,20.0,0.0,24.39,5,0.01
L007,ml_fundamentals,ML Fundamentals,0.5,15.0,0.245,22.41,5,0.064
L009,computer_architecture,Computer Architecture,0.5,3.0,0.29,9.71,5,0.602
L018,operating_systems,Operating Systems,0.6,7.0,0.204,19.78,1,0.242
L037,computer_architecture,Computer Architecture,0.5,3.0,0.478,15.72,4,0.409
L030,neural_networks,Neural Networks,0.6,17.0,0.108,24.97,1,0.013
L023,computer_architecture,Computer Architecture,0.5,3.0,0.394,20.61,2,0.54
L010,probability_and_statistics,Probability & Statistics,0.65,16.0,0.048,23.09,2,0.065
L024,data_structures,Data Structures,0.4,4.0,0.621,14.67,1,0.577
L031,probability_and_statistics,Probability & Statistics,0.65,12.0,0.053,20.85,4,0.0
L028,algorithm_design,Algorithm Design,0.5,0.0,0.686,12.59,5,0.936
L036,data_structures,Data Structures,0.4,17.0,0.0,30.34,4,0.0
L012,algorithm_design,Algorithm Design,0.5,21.0,0.075,16.85,5,0.0
L025,data_structures,Data Structures,0.4,10.0,0.017,24.65,3,0.218
L021,oop_concepts,OOP Concepts,0.35,17.0,0.0,16.69,5,0.044
L037,dbms_normalization,DBMS Normalization,0.7,15.0,0.0,13.25,3,0.022
L027,algorithm_design,Algorithm Design,0.5,1.0,0.518,17.62,3,0.841
L004,oop_concepts,OOP Concepts,0.35,21.0,0.0,20.9,3,0.056
L038,computer_networks,Computer Networks,0.55,21.0,0.0,26.89,4,0.0
L018,probability_and_statistics,Probability & Statistics,0.65,11.0,0.266,24.56,3,0.256
L026,dbms_normalization,DBMS Normalization,0.7,11.0,0.123,25.61,2,0.064
L028,oop_concepts,OOP Concepts,0.35,10.0,0.095,21.14,2,0.145
L035,computer_networks,Computer Networks,0.55,13.0,0.135,23.56,2,0.16
L022,oop_concepts,OOP Concepts,0.35,13.0,0.419,21.31,5,0.283
L022,neural_networks,Neural Networks,0.6,9.0,0.249,17.98,1,0.115
L020,operating_systems,Operating Systems,0.6,6.0,0.19,18.48,2,0.11
L033,algorithm_design,Algorithm Design,0.5,0.0,0.844,13.35,4,0.892
L034,computer_networks,Computer Networks,0.55,19.0,0.232,20.63,3,0.088
L028,operating_systems,Operating Systems,0.6,11.0,0.075,15.23,4,0.149
L009,data_structures,Data Structures,0.4,8.0,0.221,16.67,3,0.235
L030,data_structures,Data Structures,0.4,16.0,0.357,29.38,3,0.046
L034,algorithm_design,Algorithm Design,0.5,12.0,0.241,25.62,4,0.239
L016,computer_networks,Computer Networks,0.55,3.0,0.311,23.56,4,0.695
L027,probability_and_statistics,Probability & Statistics,0.65,2.0,0.344,9.03,5,0.623
L016,data_structures,Data Structures,0.4,16.0,0.207,19.75,1,0.149
L040,dbms_normalization,DBMS Normalization,0.7,1.0,0.467,21.35,3,0.756
L034,neural_networks,Neural Networks,0.6,19.0,0.0,25.68,2,0.0
L003,computer_networks,Computer Networks,0.55,3.0,0.684,18.3,5,0.592
L005,software_engineering,Software Engineering,0.4,18.0,0.168,23.39,2,0.132
L001,discrete_mathematics,Discrete Mathematics,0.55,10.0,0.177,18.99,4,0.233
L016,probability_and_statistics,Probability & Statistics,0.65,19.0,0.031,23.86,1,0.0
L021,neural_networks,Neural Networks,0.6,13.0,0.067,17.73,5,0.145
L028,discrete_mathematics,Discrete Mathematics,0.55,0.0,0.647,14.16,4,0.984
L012,oop_concepts,OOP Concepts,0.35,7.0,0.363,12.96,4,0.318
L030,ml_fundamentals,ML Fundamentals,0.5,1.0,0.513,14.16,4,0.725
L017,operating_systems,Operating Systems,0.6,21.0,0.0,19.32,1,0.042
L010,dbms_normalization,DBMS Normalization,0.7,7.0,0.263,18.41,2,0.111
L011,operating_systems,Operating Systems,0.6,4.0,0.194,23.42,4,0.288
L019,dbms_normalization,DBMS Normalization,0.7,7.0,0.141,25.91,3,0.086
L032,probability_and_statistics,Probability & Statistics,0.65,0.0,0.606,10.32,5,1.0
L038,software_engineering,Software Engineering,0.4,19.0,0.028,29.38,2,0.018
L025,algorithm_design,Algorithm Design,0.5,7.0,0.0,26.73,5,0.237
L038,ml_fundamentals,ML Fundamentals,0.5,0.0,0.67,15.87,1,0.948
L006,oop_concepts,OOP Concepts,0.35,13.0,0.039,17.83,4,0.0
L032,operating_systems,Operating Systems,0.6,21.0,0.0,16.71,4,0.009
L030,ml_fundamentals,ML Fundamentals,0.5,18.0,0.0,20.55,3,0.191
L004,ml_fundamentals,ML Fundamentals,0.5,21.0,0.064,19.43,2,0.114
L004,operating_systems,Operating Systems,0.6,13.0,0.0,18.23,5,0.07
L040,computer_architecture,Computer Architecture,0.5,9.0,0.385,16.37,5,0.274
L008,software_engineering,Software Engineering,0.4,14.0,0.002,18.26,4,0.142
L003,data_structures,Data Structures,0.4,12.0,0.033,20.81,3,0.122
L015,software_engineering,Software Engineering,0.4,5.0,0.442,15.7,3,0.548
L029,neural_networks,Neural Networks,0.6,0.0,0.701,4.49,3,1.0
L009,ml_fundamentals,ML Fundamentals,0.5,10.0,0.048,26.82,3,0.13
L019,data_structures,Data Structures,0.4,2.0,0.457,13.42,1,0.817
L002,computer_architecture,Computer Architecture,0.5,6.0,0.032,21.71,3,0.173
L016,dbms_normalization,DBMS Normalization,0.7,2.0,0.108,11.59,5,0.425
L013,probability_and_statistics,Probability & Statistics,0.65,12.0,0.0,17.23,3,0.0
L037,neural_networks,Neural Networks,0.6,0.0,0.643,8.81,2,1.0
L022,discrete_mathematics,Discrete Mathematics,0.55,7.0,0.068,23.4,2,0.068
L004,software_engineering,Software Engineering,0.4,6.0,0.279,17.03,2,0.414
L020,probability_and_statistics,Probability & Statistics,0.65,7.0,0.111,19.56,4,0.121
L032,operating_systems,Operating Systems,0.6,3.0,0.423,22.22,4,0.37
L004,software_engineering,Software Engineering,0.4,19.0,0.022,19.76,5,0.0
L009,neural_networks,Neural Networks,0.6,16.0,0.157,19.71,4,0.0
L012,computer_architecture,Computer Architecture,0.5,15.0,0.069,20.08,1,0.039
L021,dbms_normalization,DBMS Normalization,0.7,3.0,0.328,11.91,1,0.567
L013,dbms_normalization,DBMS Normalization,0.7,9.0,0.047,24.12,3,0.116
L035,algorithm_design,Algorithm Design,0.5,16.0,0.043,21.03,4,0.068
L032,oop_concepts,OOP Concepts,0.35,1.0,0.743,13.81,1,0.834
L037,discrete_mathematics,Discrete Mathematics,0.55,12.0,0.013,22.59,1,0.0
L014,ml_fundamentals,ML Fundamentals,0.5,16.0,0.039,19.97,3,0.0
L022,ml_fundamentals,ML Fundamentals,0.5,5.0,0.189,17.1,3,0.28
L026,discrete_mathematics,Discrete Mathematics,0.55,15.0,0.0,16.2,4,0.01
L006,ml_fundamentals,ML Fundamentals,0.5,18.0,0.0,22.24,2,0.0
L029,computer_architecture,Computer Architecture,0.5,19.0,0.0,16.79,2,0.0
L013,data_structures,Data Structures,0.4,2.0,0.572,11.38,4,0.765
L007,software_engineering,Software Engineering,0.4,4.0,0.337,12.88,4,0.543
L015,ml_fundamentals,ML Fundamentals,0.5,8.0,0.054,20.61,3,0.255
L021,ml_fundamentals,ML Fundamentals,0.5,13.0,0.0,14.08,5,0.178
L010,discrete_mathematics,Discrete Mathematics,0.55,2.0,0.287,22.92,2,0.749
L028,computer_networks,Computer Networks,0.55,8.0,0.364,12.59,4,0.227
L001,computer_architecture,Computer Architecture,0.5,0.0,0.506,12.78,4,1.0
L024,operating_systems,Operating Systems,0.6,17.0,0.0,24.09,2,0.025
L002,operating_systems,Operating Systems,0.6,21.0,0.0,24.29,5,0.0
L013,computer_architecture,Computer Architecture,0.5,2.0,0.545,12.74,4,0.661
L025,computer_architecture,Computer Architecture,0.5,8.0,0.204,19.6,2,0.204
L014,probability_and_statistics,Probability & Statistics,0.65,15.0,0.069,22.84,2,0.0
L018,dbms_normalization,DBMS Normalization,0.7,10.0,0.0,20.58,3,0.03
L037,computer_architecture,Computer Architecture,0.5,0.0,0.647,14.27,4,1.0
L037,computer_architecture,Computer Architecture,0.5,4.0,0.214,23.37,5,0.374
L015,discrete_mathematics,Discrete Mathematics,0.55,9.0,0.0,19.76,4,0.137
L010,discrete_mathematics,Discrete Mathematics,0.55,6.0,0.285,22.22,4,0.432
L005,neural_networks,Neural Networks,0.6,2.0,0.534,16.54,1,0.56
L025,data_structures,Data Structures,0.4,15.0,0.096,18.28,2,0.056
L014,neural_networks,Neural Networks,0.6,16.0,0.0,22.16,1,0.026
L035,probability_and_statistics,Probability & Statistics,0.65,10.0,0.131,15.89,3,0.078
L035,algorithm_design,Algorithm Design,0.5,21.0,0.004,19.65,2,0.0
L020,ml_fundamentals,ML Fundamentals,0.5,0.0,0.793,3.0,5,0.995
L013,software_engineering,Software Engineering,0.4,19.0,0.162,22.54,2,0.0
L026,discrete_mathematics,Discrete Mathematics,0.55,10.0,0.039,17.98,5,0.318
L014,ml_fundamentals,ML Fundamentals,0.5,15.0,0.018,27.66,4,0.0
L029,probability_and_statistics,Probability & Statistics,0.65,3.0,0.152,17.03,1,0.433
L025,probability_and_statistics,Probability & Statistics,0.65,14.0,0.046,20.03,3,0.0
L001,software_engineering,Software Engineering,0.4,7.0,0.414,21.33,3,0.411
L015,software_engineering,Software Engineering,0.4,12.0,0.215,18.27,4,0.0
L008,operating_systems,Operating Systems,0.6,19.0,0.019,13.92,2,0.0
L025,dbms_normalization,DBMS Normalization,0.7,16.0,0.0,21.3,5,0.126
L032,ml_fundamentals,ML Fundamentals,0.5,4.0,0.414,21.33,2,0.481
L023,operating_systems,Operating Systems,0.6,19.0,0.0,26.63,4,0.0
L001,oop_concepts,OOP Concepts,0.35,9.0,0.205,22.21,3,0.175
L017,neural_networks,Neural Networks,0.6,5.0,0.268,24.78,5,0.428
L017,ml_fundamentals,ML Fundamentals,0.5,1.0,0.678,8.92,4,0.815
L034,computer_architecture,Computer Architecture,0.5,11.0,0.096,21.96,1,0.094
L023,oop_concepts,OOP Concepts,0.35,1.0,0.595,10.28,4,0.66
L016,algorithm_design,Algorithm Design,0.5,13.0,0.0,17.89,3,0.011
L021,ml_fundamentals,ML Fundamentals,0.5,19.0,0.039,21.44,1,0.0
L004,algorithm_design,Algorithm Design,0.5,10.0,0.27,18.63,3,0.184
L019,computer_architecture,Computer Architecture,0.5,11.0,0.104,15.99,1,0.06
L014,operating_systems,Operating Systems,0.6,4.0,0.276,23.32,3,0.431
L014,neural_networks,Neural Networks,0.6,2.0,0.434,19.68,2,0.608
L016,dbms_normalization,DBMS Normalization,0.7,15.0,0.0,22.15,3,0.0
L036,data_structures,Data Structures,0.4,18.0,0.16,18.41,4,0.066
L034,data_structures,Data Structures,0.4,12.0,0.146,14.29,2,0.237
L024,software_engineering,Software Engineering,0.4,3.0,0.428,20.75,2,0.397
L020,probability_and_statistics,Probability & Statistics,0.65,13.0,0.168,21.29,4,0.107
L020,operating_systems,Operating Systems,0.6,11.0,0.071,24.12,4,0.0
L005,ml_fundamentals,ML Fundamentals,0.5,10.0,0.0,23.88,5,0.084
L037,probability_and_statistics,Probability & Statistics,0.65,5.0,0.026,19.37,1,0.241
L015,dbms_normalization,DBMS Normalization,0.7,1.0,0.445,16.22,3,0.861
L017,algorithm_design,Algorithm Design,0.5,13.0,0.0,22.38,2,0.0
L012,dbms_normalization,DBMS Normalization,0.7,1.0,0.512,18.7,2,0.749
L040,data_structures,Data Structures,0.4,11.0,0.043,16.09,1,0.038
L013,computer_architecture,Computer Architecture,0.5,2.0,0.428,18.05,2,0.515
L011,dbms_normalization,DBMS Normalization,0.7,7.0,0.042,17.15,3,0.06
L036,computer_networks,Computer Networks,0.55,19.0,0.018,30.12,4,0.0
L008,computer_architecture,Computer Architecture,0.5,18.0,0.156,17.25,5,0.0
L014,computer_networks,Computer Networks,0.55,6.0,0.264,21.33,1,0.265
L024,neural_networks,Neural Networks,0.6,11.0,0.104,20.88,4,0.0
L019,operating_systems,Operating Systems,0.6,5.0,0.036,19.31,5,0.205
L034,oop_concepts,OOP Concepts,0.35,2.0,0.687,12.82,4,0.782
L011,data_structures,Data Structures,0.4,11.0,0.115,20.38,5,0.1
L031,operating_systems,Operating Systems,0.6,10.0,0.095,23.42,2,0.105
L006,operating_systems,Operating Systems,0.6,8.0,0.106,20.9,3,0.031
L014,discrete_mathematics,Discrete Mathematics,0.55,8.0,0.297,18.65,4,0.22
L020,computer_architecture,Computer Architecture,0.5,2.0,0.588,13.91,1,0.552
L036,ml_fundamentals,ML Fundamentals,0.5,10.0,0.0,16.79,5,0.109
L012,neural_networks,Neural Networks,0.6,12.0,0.0,22.86,3,0.0
L017,discrete_mathematics,Discrete Mathematics,0.55,4.0,0.303,21.29,2,0.455
L028,discrete_mathematics,Discrete Mathematics,0.55,9.0,0.022,30.53,3,0.041
L017,discrete_mathematics,Discrete Mathematics,0.55,7.0,0.217,19.26,1,0.367
L005,ml_fundamentals,ML Fundamentals,0.5,17.0,0.0,26.49,4,0.115
L038,computer_architecture,Computer Architecture,0.5,11.0,0.053,19.89,1,0.017
L028,computer_architecture,Computer Architecture,0.5,15.0,0.0,26.68,1,0.048
L001,software_engineering,Software Engineering,0.4,14.0,0.0,21.09,4,0.074
L016,discrete_mathematics,Discrete Mathematics,0.55,9.0,0.145,26.78,2,0.206
L016,computer_architecture,Computer Architecture,0.5,12.0,0.061,26.41,5,0.128
L019,operating_systems,Operating Systems,0.6,2.0,0.434,15.81,2,0.442
L031,dbms_normalization,DBMS Normalization,0.7,7.0,0.062,22.27,1,0.012
L026,computer_networks,Computer Networks,0.55,21.0,0.008,25.89,1,0.0
L021,discrete_mathematics,Discrete Mathematics,0.55,4.0,0.293,15.6,4,0.372
L027,discrete_mathematics,Discrete Mathematics,0.55,17.0,0.102,21.23,3,0.0
L024,software_engineering,Software Engineering,0.4,7.0,0.235,17.47,4,0.425
L022,dbms_normalization,DBMS Normalization,0.7,15.0,0.033,24.35,4,0.078
L033,algorithm_design,Algorithm Design,0.5,12.0,0.177,20.27,3,0.07
L027,software_engineering,Software Engineering,0.4,5.0,0.252,19.97,4,0.415
L035,neural_networks,Neural Networks,0.6,12.0,0.09,23.12,1,0.141
L019,computer_networks,Computer Networks,0.55,7.0,0.172,20.69,1,0.024
L011,computer_networks,Computer Networks,0.55,16.0,0.039,20.17,3,0.058
L017,dbms_normalization,DBMS Normalization,0.7,0.0,0.627,12.57,3,0.97
L029,computer_architecture,Computer Architecture,0.5,17.0,0.057,21.05,1,0.046
L007,data_structures,Data Structures,0.4,1.0,0.576,13.81,4,0.824
L022,algorithm_design,Algorithm Design,0.5,3.0,0.199,10.39,4,0.515
L040,dbms_normalization,DBMS Normalization,0.7,18.0,0.0,21.58,2,0.0
L023,oop_concepts,OOP Concepts,0.35,10.0,0.177,20.87,3,0.254
L034,algorithm_design,Algorithm Design,0.5,2.0,0.338,16.27,1,0.665
L039,computer_networks,Computer Networks,0.55,7.0,0.127,19.02,3,0.29
L004,software_engineering,Software Engineering,0.4,4.0,0.414,13.34,5,0.633
L004,oop_concepts,OOP Concepts,0.35,10.0,0.113,22.83,3,0.207
L007,probability_and_statistics,Probability & Statistics,0.65,15.0,0.096,23.47,5,0.0
L019,data_structures,Data Structures,0.4,9.0,0.169,19.36,4,0.268
L035,discrete_mathematics,Discrete Mathematics,0.55,13.0,0.075,22.02,1,0.0
L016,ml_fundamentals,ML Fundamentals,0.5,11.0,0.301,21.8,4,0.197
L028,software_engineering,Software Engineering,0.4,9.0,0.106,16.67,2,0.303
L040,discrete_mathematics,Discrete Mathematics,0.55,8.0,0.077,20.35,2,0.199
L003,discrete_mathematics,Discrete Mathematics,0.55,17.0,0.154,24.65,3,0.0
L020,ml_fundamentals,ML Fundamentals,0.5,2.0,0.503,10.01,5,0.77
L006,operating_systems,Operating Systems,0.6,10.0,0.115,25.78,1,0.011
L001,software_engineering,Software Engineering,0.4,21.0,0.123,18.46,2,0.071
L022,data_structures,Data Structures,0.4,3.0,0.504,18.2,3,0.576
L011,algorithm_design,Algorithm Design,0.5,10.0,0.001,22.72,1,0.062
L026,oop_concepts,OOP Concepts,0.35,9.0,0.376,17.21,2,0.434
L039,data_structures,Data Structures,0.4,20.0,0.09,22.14,2,0.104
L003,discrete_mathematics,Discrete Mathematics,0.55,15.0,0.343,14.5,2,0.052
L004,oop_concepts,OOP Concepts,0.35,6.0,0.423,20.0,3,0.542
L040,computer_architecture,Computer Architecture,0.5,19.0,0.0,20.33,4,0.177
L033,data_structures,Data Structures,0.4,21.0,0.0,20.06,4,0.013
L009,computer_networks,Computer Networks,0.55,17.0,0.03,18.23,4,0.0
L025,software_engineering,Software Engineering,0.4,16.0,0.0,21.19,4,0.081
L026,operating_systems,Operating Systems,0.6,9.0,0.007,17.65,4,0.006
L009,computer_architecture,Computer Architecture,0.5,19.0,0.026,16.9,2,0.0
L035,operating_systems,Operating Systems,0.6,7.0,0.198,14.33,1,0.386
L031,software_engineering,Software Engineering,0.4,8.0,0.239,17.33,4,0.238
L033,probability_and_statistics,Probability & Statistics,0.65,0.0,0.556,14.62,5,0.947
L013,algorithm_design,Algorithm Design,0.5,14.0,0.03,23.08,2,0.086
L014,software_engineering,Software Engineering,0.4,4.0,0.456,9.86,3,0.498
L023,algorithm_design,Algorithm Design,0.5,11.0,0.08,23.78,4,0.014
L034,operating_systems,Operating Systems,0.6,19.0,0.0,26.78,4,0.0
L026,oop_concepts,OOP Concepts,0.35,0.0,0.536,12.52,5,1.0
L007,computer_architecture,Computer Architecture,0.5,6.0,0.337,25.91,1,0.328
L015,operating_systems,Operating Systems,0.6,8.0,0.373,15.94,3,0.269
L023,probability_and_statistics,Probability & Statistics,0.65,3.0,0.397,16.52,2,0.481
L028,probability_and_statistics,Probability & Statistics,0.65,15.0,0.0,21.82,4,0.086
L026,discrete_mathematics,Discrete Mathematics,0.55,4.0,0.567,14.45,3,0.535
L011,neural_networks,Neural Networks,0.6,3.0,0.137,16.17,4,0.324
L022,data_structures,Data Structures,0.4,13.0,0.259,19.81,5,0.168
L039,dbms_normalization,DBMS Normalization,0.7,21.0,0.076,18.68,4,0.0
L013,dbms_normalization,DBMS Normalization,0.7,17.0,0.041,24.43,1,0.025
L001,algorithm_design,Algorithm Design,0.5,3.0,0.216,12.74,1,0.516
L003,data_structures,Data Structures,0.4,0.0,0.49,15.78,2,0.935
L031,dbms_normalization,DBMS Normalization,0.7,6.0,0.056,25.05,1,0.1
L015,software_engineering,Software Engineering,0.4,0.0,0.773,12.46,2,1.0
L013,discrete_mathematics,Discrete Mathematics,0.55,8.0,0.323,19.26,1,0.277
L036,computer_architecture,Computer Architecture,0.5,0.0,0.664,9.58,1,0.979
L026,data_structures,Data Structures,0.4,3.0,0.301,16.08,3,0.56
L012,computer_networks,Computer Networks,0.55,10.0,0.008,29.6,3,0.048
L009,dbms_normalization,DBMS Normalization,0.7,3.0,0.457,16.37,1,0.442
L016,ml_fundamentals,ML Fundamentals,0.5,3.0,0.221,19.28,5,0.435
L030,software_engineering,Software Engineering,0.4,4.0,0.374,13.57,3,0.682
L004,dbms_normalization,DBMS Normalization,0.7,8.0,0.068,10.16,3,0.054
L004,computer_architecture,Computer Architecture,0.5,2.0,0.484,17.48,3,0.665
L007,computer_architecture,Computer Architecture,0.5,2.0,0.577,9.77,4,0.648
L004,computer_networks,Computer Networks,0.55,0.0,0.627,4.93,2,1.0
L007,probability_and_statistics,Probability & Statistics,0.65,14.0,0.012,17.41,5,0.128
L011,discrete_mathematics,Discrete Mathematics,0.55,15.0,0.0,25.52,5,0.114
L036,algorithm_design,Algorithm Design,0.5,2.0,0.476,20.02,4,0.429
L016,computer_networks,Computer Networks,0.55,8.0,0.114,20.31,2,0.126
L006,ml_fundamentals,ML Fundamentals,0.5,20.0,0.108,20.61,4,0.0
L025,ml_fundamentals,ML Fundamentals,0.5,9.0,0.064,17.56,2,0.27
L004,data_structures,Data Structures,0.4,17.0,0.029,23.25,4,0.15
L006,data_structures,Data Structures,0.4,8.0,0.18,10.03,1,0.22
L013,computer_networks,Computer Networks,0.55,7.0,0.058,23.04,1,0.015
L038,computer_architecture,Computer Architecture,0.5,12.0,0.004,26.41,3,0.082
L002,oop_concepts,OOP Concepts,0.35,20.0,0.068,23.85,2,0.14
L014,oop_concepts,OOP Concepts,0.35,3.0,0.405,13.64,3,0.639
L013,oop_concepts,OOP Concepts,0.35,10.0,0.105,16.65,4,0.217
L004,computer_networks,Computer Networks,0.55,3.0,0.299,16.29,4,0.544
L009,ml_fundamentals,ML Fundamentals,0.5,21.0,0.143,21.37,5,0.099
L010,oop_concepts,OOP Concepts,0.35,10.0,0.282,12.75,2,0.288
L004,software_engineering,Software Engineering,0.4,2.0,0.339,20.3,1,0.687
L038,operating_systems,Operating Systems,0.6,16.0,0.0,19.3,3,0.0
L001,oop_concepts,OOP Concepts,0.35,17.0,0.0,18.6,1,0.138
L004,algorithm_design,Algorithm Design,0.5,8.0,0.176,13.72,3,0.147
L004,neural_networks,Neural Networks,0.6,1.0,0.355,14.37,1,0.755
L029,computer_networks,Computer Networks,0.55,12.0,0.114,22.39,2,0.099
L038,neural_networks,Neural Networks,0.6,2.0,0.436,19.42,3,0.524
L014,algorithm_design,Algorithm Design,0.5,6.0,0.001,16.54,1,0.052
L033,oop_concepts,OOP Concepts,0.35,9.0,0.234,18.33,3,0.34
L026,algorithm_design,Algorithm Design,0.5,20.0,0.109,19.65,5,0.14
L002,software_engineering,Software Engineering,0.4,19.0,0.046,23.22,3,0.09
L023,data_structures,Data Structures,0.4,16.0,0.0,20.64,3,0.054
L011,discrete_mathematics,Discrete Mathematics,0.55,20.0,0.083,19.52,4,0.08
L017,ml_fundamentals,ML Fundamentals,0.5,19.0,0.112,27.72,1,0.0
L004,computer_networks,Computer Networks,0.55,11.0,0.065,25.53,3,0.025
L001,software_engineering,Software Engineering,0.4,5.0,0.416,21.54,5,0.479
L020,neural_networks,Neural Networks,0.6,7.0,0.196,20.97,1,0.201
L024,algorithm_design,Algorithm Design,0.5,19.0,0.122,25.8,4,0.062
L028,data_structures,Data Structures,0.4,17.0,0.0,14.15,4,0.007
L002,operating_systems,Operating Systems,0.6,14.0,0.063,17.97,1,0.055
L012,computer_networks,Computer Networks,0.55,11.0,0.18,21.18,3,0.014
L025,dbms_normalization,DBMS Normalization,0.7,14.0,0.0,22.71,4,0.0
L004,operating_systems,Operating Systems,0.6,14.0,0.07,30.92,3,0.046
L032,computer_networks,Computer Networks,0.55,7.0,0.225,22.94,5,0.187
L001,discrete_mathematics,Discrete Mathematics,0.55,13.0,0.103,21.61,2,0.165
L027,data_structures,Data Structures,0.4,4.0,0.346,20.56,1,0.495
L018,ml_fundamentals,ML Fundamentals,0.5,11.0,0.024,19.6,4,0.112
L029,ml_fundamentals,ML Fundamentals,0.5,19.0,0.04,25.72,4,0.0
L011,computer_architecture,Computer Architecture,0.5,8.0,0.207,19.68,3,0.227
L016,software_engineering,Software Engineering,0.4,11.0,0.232,18.48,5,0.234
L012,computer_networks,Computer Networks,0.55,21.0,0.0,20.29,4,0.0
L037,probability_and_statistics,Probability & Statistics,0.65,7.0,0.085,15.82,3,0.245
L022,probability_and_statistics,Probability & Statistics,0.65,2.0,0.078,17.53,2,0.187
L004,operating_systems,Operating Systems,0.6,6.0,0.43,23.69,1,0.273
L024,probability_and_statistics,Probability & Statistics,0.65,20.0,0.0,19.66,1,0.033
L014,discrete_mathematics,Discrete Mathematics,0.55,14.0,0.257,14.24,3,0.103
L015,neural_networks,Neural Networks,0.6,2.0,0.425,13.22,1,0.763
L032,neural_networks,Neural Networks,0.6,14.0,0.13,20.76,2,0.142
L009,ml_fundamentals,ML Fundamentals,0.5,8.0,0.105,15.25,1,0.185
L029,computer_networks,Computer Networks,0.55,6.0,0.38,9.63,3,0.269
L030,discrete_mathematics,Discrete Mathematics,0.55,5.0,0.245,10.58,5,0.524
L033,computer_architecture,Computer Architecture,0.5,1.0,0.489,6.97,1,0.677
L035,probability_and_statistics,Probability & Statistics,0.65,6.0,0.326,12.19,3,0.239
L001,computer_networks,Computer Networks,0.55,12.0,0.0,20.73,3,0.095
L021,probability_and_statistics,Probability & Statistics,0.65,19.0,0.005,19.52,4,0.0
L020,dbms_normalization,DBMS Normalization,0.7,11.0,0.208,26.12,4,0.0
L012,discrete_mathematics,Discrete Mathematics,0.55,7.0,0.116,20.01,2,0.199
L008,algorithm_design,Algorithm Design,0.5,18.0,0.043,22.04,1,0.085
L035,ml_fundamentals,ML Fundamentals,0.5,1.0,0.554,6.67,2,0.894
L016,operating_systems,Operating Systems,0.6,0.0,0.697,14.17,4,0.984
L021,computer_architecture,Computer Architecture,0.5,21.0,0.0,19.38,1,0.039
L003,software_engineering,Software Engineering,0.4,18.0,0.05,25.94,1,0.086
L024,algorithm_design,Algorithm Design,0.5,18.0,0.051,21.1,1,0.014
L035,computer_architecture,Computer Architecture,0.5,0.0,0.8,5.36,5,0.987
L004,neural_networks,Neural Networks,0.6,13.0,0.0,16.59,1,0.0
L001,algorithm_design,Algorithm Design,0.5,14.0,0.191,20.3,3,0.093
L031,oop_concepts,OOP Concepts,0.35,11.0,0.15,14.75,2,0.3
L035,oop_concepts,OOP Concepts,0.35,21.0,0.07,24.74,1,0.0
L036,discrete_mathematics,Discrete Mathematics,0.55,13.0,0.0,21.22,1,0.0
L016,operating_systems,Operating Systems,0.6,3.0,0.311,9.98,1,0.476
L035,computer_architecture,Computer Architecture,0.5,4.0,0.354,17.63,1,0.498
L033,dbms_normalization,DBMS Normalization,0.7,7.0,0.275,25.36,5,0.3
L034,operating_systems,Operating Systems,0.6,16.0,0.0,18.44,2,0.168
L038,algorithm_design,Algorithm Design,0.5,13.0,0.038,12.05,1,0.129
L030,operating_systems,Operating Systems,0.6,20.0,0.046,39.3,4,0.038
L023,algorithm_design,Algorithm Design,0.5,21.0,0.074,24.66,1,0.013
L036,computer_architecture,Computer Architecture,0.5,5.0,0.28,9.9,5,0.334
L023,dbms_normalization,DBMS Normalization,0.7,20.0,0.0,16.38,2,0.091
L004,ml_fundamentals,ML Fundamentals,0.5,10.0,0.0,23.88,5,0.043
L003,probability_and_statistics,Probability & Statistics,0.65,15.0,0.22,18.9,2,0.016
L024,data_structures,Data Structures,0.4,19.0,0.166,21.27,1,0.0
L036,dbms_normalization,DBMS Normalization,0.7,6.0,0.029,20.38,2,0.187
L036,computer_networks,Computer Networks,0.55,7.0,0.0,19.25,3,0.028
L039,software_engineering,Software Engineering,0.4,6.0,0.332,19.18,3,0.497
L026,software_engineering,Software Engineering,0.4,5.0,0.386,12.78,1,0.43
L023,algorithm_design,Algorithm Design,0.5,7.0,0.247,19.75,2,0.356
L027,discrete_mathematics,Discrete Mathematics,0.55,15.0,0.163,20.69,1,0.0
L005,software_engineering,Software Engineering,0.4,5.0,0.326,16.39,5,0.271
L018,data_structures,Data Structures,0.4,8.0,0.051,25.06,2,0.258
L006,software_engineering,Software Engineering,0.4,21.0,0.0,21.31,1,0.0
L033,oop_concepts,OOP Concepts,0.35,21.0,0.0,22.95,1,0.024
L006,computer_networks,Computer Networks,0.55,19.0,0.08,12.98,4,0.01
L040,computer_networks,Computer Networks,0.55,15.0,0.0,22.37,3,0.0
L036,ml_fundamentals,ML Fundamentals,0.5,10.0,0.112,20.65,5,0.165
L007,computer_networks,Computer Networks,0.55,6.0,0.114,28.77,5,0.429
L023,software_engineering,Software Engineering,0.4,1.0,0.703,6.82,1,0.692
L039,discrete_mathematics,Discrete Mathematics,0.55,21.0,0.18,19.26,2,0.0
L016,discrete_mathematics,Discrete Mathematics,0.55,6.0,0.122,19.94,3,0.311
L038,software_engineering,Software Engineering,0.4,21.0,0.0,16.23,2,0.162
L035,probability_and_statistics,Probability & Statistics,0.65,3.0,0.42,20.93,5,0.431
L004,discrete_mathematics,Discrete Mathematics,0.55,8.0,0.087,22.04,5,0.0
L033,probability_and_statistics,Probability & Statistics,0.65,12.0,0.072,12.11,3,0.093
L038,discrete_mathematics,Discrete Mathematics,0.55,15.0,0.102,22.77,3,0.101
L018,computer_architecture,Computer Architecture,0.5,7.0,0.247,22.69,4,0.333
L007,data_structures,Data Structures,0.4,14.0,0.027,27.71,4,0.0
L012,software_engineering,Software Engineering,0.4,2.0,0.604,5.98,2,0.767
L015,computer_networks,Computer Networks,0.55,6.0,0.314,18.64,3,0.192
L025,dbms_normalization,DBMS Normalization,0.7,4.0,0.218,17.71,3,0.21
L027,software_engineering,Software Engineering,0.4,16.0,0.0,18.18,5,0.041
L024,operating_systems,Operating Systems,0.6,11.0,0.0,25.85,5,0.119
L039,computer_networks,Computer Networks,0.55,21.0,0.144,25.62,1,0.0
L018,computer_architecture,Computer Architecture,0.5,1.0,0.588,15.79,2,0.755
L026,algorithm_design,Algorithm Design,0.5,12.0,0.178,16.3,5,0.104
L017,software_engineering,Software Engineering,0.4,15.0,0.0,30.04,4,0.0
L019,computer_architecture,Computer Architecture,0.5,12.0,0.067,23.34,5,0.106
L039,discrete_mathematics,Discrete Mathematics,0.55,17.0,0.092,24.39,5,0.089
L006,operating_systems,Operating Systems,0.6,2.0,0.389,16.63,2,0.67
L038,discrete_mathematics,Discrete Mathematics,0.55,19.0,0.047,15.39,3,0.0
L039,computer_networks,Computer Networks,0.55,21.0,0.0,30.29,5,0.0
L035,oop_concepts,OOP Concepts,0.35,0.0,0.819,9.23,1,0.966
L018,data_structures,Data Structures,0.4,10.0,0.008,26.96,5,0.133
L010,operating_systems,Operating Systems,0.6,4.0,0.202,18.83,4,0.516
L032,probability_and_statistics,Probability & Statistics,0.65,11.0,0.123,21.35,3,0.114
L023,computer_architecture,Computer Architecture,0.5,3.0,0.299,12.82,1,0.513
L026,software_engineering,Software Engineering,0.4,15.0,0.0,22.2,5,0.041
L014,algorithm_design,Algorithm Design,0.5,18.0,0.0,26.87,2,0.093
L004,operating_systems,Operating Systems,0.6,10.0,0.137,24.23,3,0.17
L028,computer_architecture,Computer Architecture,0.5,9.0,0.227,18.49,3,0.16
L031,discrete_mathematics,Discrete Mathematics,0.55,0.0,0.698,11.51,3,0.917
L017,neural_networks,Neural Networks,0.6,18.0,0.029,19.78,1,0.028
L006,dbms_normalization,DBMS Normalization,0.7,19.0,0.0,16.23,5,0.105
L033,ml_fundamentals,ML Fundamentals,0.5,9.0,0.0,18.0,1,0.149
L014,discrete_mathematics,Discrete Mathematics,0.55,5.0,0.219,21.2,5,0.096
L019,dbms_normalization,DBMS Normalization,0.7,3.0,0.109,17.86,2,0.247
L033,probability_and_statistics,Probability & Statistics,0.65,13.0,0.007,19.5,1,0.07
L012,neural_networks,Neural Networks,0.6,7.0,0.099,24.21,2,0.361
L029,computer_architecture,Computer Architecture,0.5,20.0,0.0,16.58,1,0.0
L007,computer_networks,Computer Networks,0.55,13.0,0.138,14.74,2,0.013
L015,discrete_mathematics,Discrete Mathematics,0.55,5.0,0.227,26.95,3,0.39
L024,software_engineering,Software Engineering,0.4,5.0,0.243,18.09,4,0.284
L010,dbms_normalization,DBMS Normalization,0.7,1.0,0.411,15.37,1,0.675
L009,operating_systems,Operating Systems,0.6,20.0,0.0,24.38,5,0.0
L008,operating_systems,Operating Systems,0.6,8.0,0.0,13.06,5,0.162
L026,ml_fundamentals,ML Fundamentals,0.5,6.0,0.238,25.28,5,0.296
L028,algorithm_design,Algorithm Design,0.5,14.0,0.0,19.27,1,0.074
L031,computer_architecture,Computer Architecture,0.5,17.0,0.161,20.39,3,0.083
L028,probability_and_statistics,Probability & Statistics,0.65,15.0,0.0,19.47,2,0.062
L034,oop_concepts,OOP Concepts,0.35,15.0,0.155,21.94,3,0.173
L033,ml_fundamentals,ML Fundamentals,0.5,14.0,0.237,25.39,3,0.089
L022,neural_networks,Neural Networks,0.6,1.0,0.301,15.18,3,0.79
L018,oop_concepts,OOP Concepts,0.35,3.0,0.488,18.31,1,0.546
L011,dbms_normalization,DBMS Normalization,0.7,4.0,0.272,18.32,1,0.302
L002,dbms_normalization,DBMS Normalization,0.7,9.0,0.057,18.9,2,0.04
L013,dbms_normalization,DBMS Normalization,0.7,17.0,0.151,23.21,5,0.046
L032,software_engineering,Software Engineering,0.4,1.0,0.478,16.45,3,0.783
L004,discrete_mathematics,Discrete Mathematics,0.55,3.0,0.24,22.65,4,0.534
L029,computer_architecture,Computer Architecture,0.5,3.0,0.376,14.03,4,0.612
L006,computer_networks,Computer Networks,0.55,18.0,0.058,19.16,5,0.02
L002,discrete_mathematics,Discrete Mathematics,0.55,21.0,0.004,19.19,5,0.0
L004,probability_and_statistics,Probability & Statistics,0.65,1.0,0.388,18.65,2,0.602
L009,neural_networks,Neural Networks,0.6,17.0,0.174,20.17,1,0.0
L034,software_engineering,Software Engineering,0.4,12.0,0.082,23.96,1,0.156
L038,probability_and_statistics,Probability & Statistics,0.65,14.0,0.084,22.07,3,0.0
L019,data_structures,Data Structures,0.4,17.0,0.0,24.59,3,0.071
L028,software_engineering,Software Engineering,0.4,5.0,0.352,17.9,2,0.377
L037,operating_systems,Operating Systems,0.6,10.0,0.139,24.45,4,0.002
L012,ml_fundamentals,ML Fundamentals,0.5,8.0,0.0,23.76,3,0.094
L016,oop_concepts,OOP Concepts,0.35,15.0,0.289,16.16,2,0.101
L006,neural_networks,Neural Networks,0.6,6.0,0.238,18.49,5,0.17
L010,data_structures,Data Structures,0.4,19.0,0.014,29.44,2,0.0
L020,software_engineering,Software Engineering,0.4,13.0,0.073,14.02,5,0.176
L021,computer_architecture,Computer Architecture,0.5,17.0,0.009,25.51,2,0.032
L012,neural_networks,Neural Networks,0.6,4.0,0.323,16.44,5,0.367
L007,discrete_mathematics,Discrete Mathematics,0.55,2.0,0.411,13.03,4,0.738
L031,ml_fundamentals,ML Fundamentals,0.5,16.0,0.0,23.38,4,0.033
L022,data_structures,Data Structures,0.4,2.0,0.505,12.13,4,0.691
L008,oop_concepts,OOP Concepts,0.35,14.0,0.224,22.15,1,0.149
L038,probability_and_statistics,Probability & Statistics,0.65,0.0,0.865,19.1,1,0.98
L040,computer_networks,Computer Networks,0.55,1.0,0.576,8.13,3,0.838
L002,neural_networks,Neural Networks,0.6,5.0,0.078,18.32,5,0.362
L028,ml_fundamentals,ML Fundamentals,0.5,4.0,0.42,11.28,4,0.564
L010,software_engineering,Software Engineering,0.4,14.0,0.318,14.18,1,0.151
L011,oop_concepts,OOP Concepts,0.35,16.0,0.022,24.9,1,0.026
L029,software_engineering,Software Engineering,0.4,8.0,0.113,18.8,4,0.352
L003,probability_and_statistics,Probability & Statistics,0.65,17.0,0.056,18.12,1,0.0
L032,ml_fundamentals,ML Fundamentals,0.5,19.0,0.014,22.1,1,0.171
L034,dbms_normalization,DBMS Normalization,0.7,5.0,0.226,18.65,2,0.209
L035,probability_and_statistics,Probability & Statistics,0.65,11.0,0.087,19.31,5,0.0
L029,computer_networks,Computer Networks,0.55,9.0,0.075,13.94,4,0.226
L010,discrete_mathematics,Discrete Mathematics,0.55,2.0,0.541,19.08,2,0.58
L009,dbms_normalization,DBMS Normalization,0.7,21.0,0.0,21.88,3,0.091
L006,neural_networks,Neural Networks,0.6,12.0,0.0,23.97,3,0.007
L004,discrete_mathematics,Discrete Mathematics,0.55,15.0,0.062,21.6,2,0.0
L032,oop_concepts,OOP Concepts,0.35,1.0,0.673,13.86,3,0.756
L006,computer_networks,Computer Networks,0.55,4.0,0.256,20.67,5,0.351
L011,dbms_normalization,DBMS Normalization,0.7,4.0,0.324,17.98,3,0.365
L011,computer_architecture,Computer Architecture,0.5,1.0,0.465,16.68,3,0.671
L012,dbms_normalization,DBMS Normalization,0.7,16.0,0.004,20.27,2,0.0
L010,algorithm_design,Algorithm Design,0.5,0.0,0.575,4.21,5,1.0
L009,oop_concepts,OOP Concepts,0.35,8.0,0.127,18.53,1,0.274
L024,oop_concepts,OOP Concepts,0.35,8.0,0.221,23.28,1,0.332
L037,computer_networks,Computer Networks,0.55,7.0,0.0,19.3,2,0.076
L023,oop_concepts,OOP Concepts,0.35,11.0,0.062,22.68,1,0.132
L006,probability_and_statistics,Probability & Statistics,0.65,20.0,0.0,32.78,4,0.0
L020,computer_networks,Computer Networks,0.55,14.0,0.114,19.29,1,0.089
L008,operating_systems,Operating Systems,0.6,13.0,0.0,25.55,4,0.052
L003,software_engineering,Software Engineering,0.4,4.0,0.215,20.26,4,0.553
L023,computer_architecture,Computer Architecture,0.5,2.0,0.39,16.66,3,0.592
L029,neural_networks,Neural Networks,0.6,14.0,0.052,24.01,2,0.074
L024,neural_networks,Neural Networks,0.6,2.0,0.66,24.4,4,0.816
L014,probability_and_statistics,Probability & Statistics,0.65,16.0,0.061,29.51,2,0.103
L001,probability_and_statistics,Probability & Statistics,0.65,2.0,0.474,11.99,1,0.656
L030,operating_systems,Operating Systems,0.6,17.0,0.081,15.85,4,0.0
L035,computer_networks,Computer Networks,0.55,2.0,0.607,11.96,4,0.642
L023,ml_fundamentals,ML Fundamentals,0.5,16.0,0.0,19.56,3,0.037
L004,neural_networks,Neural Networks,0.6,3.0,0.457,16.77,2,0.456
L020,neural_networks,Neural Networks,0.6,4.0,0.339,16.43,3,0.416
L021,software_engineering,Software Engineering,0.4,17.0,0.007,15.6,5,0.0
L013,discrete_mathematics,Discrete Mathematics,0.55,2.0,0.596,13.87,5,0.76
L038,algorithm_design,Algorithm Design,0.5,0.0,0.499,4.65,4,0.876
L032,oop_concepts,OOP Concepts,0.35,7.0,0.238,24.46,5,0.337
L031,computer_architecture,Computer Architecture,0.5,4.0,0.263,15.43,2,0.574
L024,oop_concepts,OOP Concepts,0.35,6.0,0.221,19.68,2,0.166
L004,computer_networks,Computer Networks,0.55,10.0,0.171,14.2,4,0.196
L040,computer_architecture,Computer Architecture,0.5,7.0,0.216,20.01,5,0.302
L005,software_engineering,Software Engineering,0.4,20.0,0.0,18.15,1,0.031
L013,oop_concepts,OOP Concepts,0.35,5.0,0.082,19.83,5,0.243
L028,algorithm_design,Algorithm Design,0.5,4.0,0.422,17.08,2,0.235
L011,ml_fundamentals,ML Fundamentals,0.5,6.0,0.333,17.61,5,0.383
L007,probability_and_statistics,Probability & Statistics,0.65,10.0,0.186,17.49,1,0.214
L038,dbms_normalization,DBMS Normalization,0.7,1.0,0.518,8.37,4,0.826
L016,probability_and_statistics,Probability & Statistics,0.65,16.0,0.0,16.93,3,0.0
L008,dbms_normalization,DBMS Normalization,0.7,5.0,0.105,10.05,2,0.146
L029,algorithm_design,Algorithm Design,0.5,6.0,0.143,14.47,3,0.015
L005,operating_systems,Operating Systems,0.6,16.0,0.014,21.98,1,0.175
L022,probability_and_statistics,Probability & Statistics,0.65,6.0,0.199,21.71,2,0.243
L014,computer_architecture,Computer Architecture,0.5,8.0,0.316,22.36,2,0.261
L001,computer_architecture,Computer Architecture,0.5,0.0,0.601,19.72,2,1.0
L006,data_structures,Data Structures,0.4,21.0,0.117,22.75,4,0.0
L021,oop_concepts,OOP Concepts,0.35,8.0,0.322,17.54,5,0.303
L040,computer_architecture,Computer Architecture,0.5,2.0,0.469,11.91,5,0.634
L020,algorithm_design,Algorithm Design,0.5,4.0,0.293,13.73,5,0.575
L027,software_engineering,Software Engineering,0.4,12.0,0.083,17.31,1,0.079
L014,dbms_normalization,DBMS Normalization,0.7,4.0,0.207,17.69,3,0.324
L035,computer_networks,Computer Networks,0.55,3.0,0.325,13.81,1,0.469
L037,algorithm_design,Algorithm Design,0.5,3.0,0.071,20.16,1,0.403
L014,probability_and_statistics,Probability & Statistics,0.65,11.0,0.057,24.65,1,0.0
L023,dbms_normalization,DBMS Normalization,0.7,19.0,0.095,22.55,3,0.0
L015,operating_systems,Operating Systems,0.6,15.0,0.041,21.44,3,0.05
L032,discrete_mathematics,Discrete Mathematics,0.55,20.0,0.128,23.51,3,0.079
L037,probability_and_statistics,Probability & Statistics,0.65,16.0,0.07,25.73,3,0.0
L002,software_engineering,Software Engineering,0.4,1.0,0.646,19.01,1,0.614
L038,computer_architecture,Computer Architecture,0.5,14.0,0.0,16.74,2,0.042
L009,probability_and_statistics,Probability & Statistics,0.65,6.0,0.0,24.24,1,0.0
L001,discrete_mathematics,Discrete Mathematics,0.55,14.0,0.0,14.22,5,0.0
L028,computer_architecture,Computer Architecture,0.5,19.0,0.0,23.05,2,0.0
L016,ml_fundamentals,ML Fundamentals,0.5,10.0,0.018,21.68,4,0.0
L030,discrete_mathematics,Discrete Mathematics,0.55,9.0,0.177,18.92,1,0.104
L039,data_structures,Data Structures,0.4,5.0,0.138,21.34,5,0.374
L029,computer_networks,Computer Networks,0.55,9.0,0.105,22.31,2,0.015
L015,computer_networks,Computer Networks,0.55,15.0,0.114,18.82,3,0.245
L030,dbms_normalization,DBMS Normalization,0.7,10.0,0.0,21.46,4,0.047
L012,computer_architecture,Computer Architecture,0.5,3.0,0.342,12.95,3,0.629
L025,data_structures,Data Structures,0.4,5.0,0.06,24.69,5,0.197
L038,data_structures,Data Structures,0.4,21.0,0.049,24.29,5,0.015
L031,software_engineering,Software Engineering,0.4,10.0,0.259,13.25,1,0.278
L008,software_engineering,Software Engineering,0.4,3.0,0.441,13.62,4,0.717
L006,operating_systems,Operating Systems,0.6,16.0,0.0,17.36,5,0.0
L034,ml_fundamentals,ML Fundamentals,0.5,8.0,0.155,18.54,3,0.0
L014,computer_networks,Computer Networks,0.55,6.0,0.305,12.15,2,0.434
L017,neural_networks,Neural Networks,0.6,11.0,0.0,24.48,5,0.054
L032,probability_and_statistics,Probability & Statistics,0.65,5.0,0.082,25.4,1,0.34
L029,probability_and_statistics,Probability & Statistics,0.65,1.0,0.559,17.5,3,0.708
L037,algorithm_design,Algorithm Design,0.5,16.0,0.079,22.73,3,0.027
L034,data_structures,Data Structures,0.4,8.0,0.243,14.16,2,0.3
L015,computer_networks,Computer Networks,0.55,6.0,0.309,18.43,3,0.261
L005,operating_systems,Operating Systems,0.6,5.0,0.284,22.84,3,0.374
L027,probability_and_statistics,Probability & Statistics,0.65,15.0,0.127,26.54,2,0.0
L035,neural_networks,Neural Networks,0.6,20.0,0.119,19.9,5,0.053
L037,operating_systems,Operating Systems,0.6,12.0,0.162,25.07,1,0.139
L020,dbms_normalization,DBMS Normalization,0.7,13.0,0.185,18.45,4,0.091
L036,operating_systems,Operating Systems,0.6,20.0,0.062,19.44,2,0.042
L032,discrete_mathematics,Discrete Mathematics,0.55,6.0,0.358,19.45,5,0.284
L018,neural_networks,Neural Networks,0.6,14.0,0.001,25.46,2,0.001
L022,software_engineering,Software Engineering,0.4,4.0,0.328,15.0,4,0.541
L016,software_engineering,Software Engineering,0.4,12.0,0.214,27.49,4,0.089
L007,data_structures,Data Structures,0.4,11.0,0.353,18.7,4,0.265
L025,software_engineering,Software Engineering,0.4,16.0,0.041,27.72,1,0.0
L034,data_structures,Data Structures,0.4,6.0,0.341,19.8,5,0.291
L022,computer_architecture,Computer Architecture,0.5,0.0,0.681,7.78,1,1.0
L012,neural_networks,Neural Networks,0.6,19.0,0.093,16.54,1,0.115
L006,data_structures,Data Structures,0.4,15.0,0.265,22.21,5,0.093
L023,data_structures,Data Structures,0.4,1.0,0.533,12.75,3,0.888
L023,algorithm_design,Algorithm Design,0.5,9.0,0.0,20.37,1,0.0
L027,dbms_normalization,DBMS Normalization,0.7,14.0,0.0,18.9,1,0.003
L034,ml_fundamentals,ML Fundamentals,0.5,17.0,0.178,27.62,2,0.0
L012,discrete_mathematics,Discrete Mathematics,0.55,0.0,0.68,13.45,4,1.0
L034,data_structures,Data Structures,0.4,5.0,0.352,11.36,5,0.459
L011,oop_concepts,OOP Concepts,0.35,17.0,0.102,29.33,1,0.038
L012,probability_and_statistics,Probability & Statistics,0.65,21.0,0.0,22.52,3,0.025
L006,computer_architecture,Computer Architecture,0.5,18.0,0.139,27.13,1,0.0
L025,data_structures,Data Structures,0.4,17.0,0.194,17.42,1,0.026
L030,software_engineering,Software Engineering,0.4,17.0,0.189,21.71,1,0.107
L016,algorithm_design,Algorithm Design,0.5,15.0,0.0,20.32,5,0.0
L003,dbms_normalization,DBMS Normalization,0.7,8.0,0.025,24.21,1,0.082
L030,ml_fundamentals,ML Fundamentals,0.5,0.0,0.547,12.87,1,1.0
L035,dbms_normalization,DBMS Normalization,0.7,19.0,0.148,22.78,2,0.0
L017,probability_and_statistics,Probability & Statistics,0.65,18.0,0.0,19.13,3,0.0
L036,probability_and_statistics,Probability & Statistics,0.65,21.0,0.033,20.23,5,0.005
L001,software_engineering,Software Engineering,0.4,16.0,0.231,16.18,5,0.056
L032,dbms_normalization,DBMS Normalization,0.7,8.0,0.026,25.32,3,0.004
L010,computer_networks,Computer Networks,0.55,11.0,0.0,22.66,2,0.216
L010,discrete_mathematics,Discrete Mathematics,0.55,19.0,0.137,27.04,1,0.114
L021,dbms_normalization,DBMS Normalization,0.7,6.0,0.323,17.71,5,0.106
L019,computer_networks,Computer Networks,0.55,9.0,0.125,23.42,3,0.143
L003,probability_and_statistics,Probability & Statistics,0.65,0.0,0.711,9.55,5,0.927
L023,data_structures,Data Structures,0.4,21.0,0.087,19.04,2,0.005
L006,oop_concepts,OOP Concepts,0.35,1.0,0.636,17.06,3,0.866
L007,software_engineering,Software Engineering,0.4,15.0,0.213,23.25,5,0.034
L018,discrete_mathematics,Discrete Mathematics,0.55,12.0,0.062,20.53,5,0.158
L017,software_engineering,Software Engineering,0.4,7.0,0.248,26.73,5,0.325
L003,probability_and_statistics,Probability & Statistics,0.65,16.0,0.04,27.24,3,0.0
L024,probability_and_statistics,Probability & Statistics,0.65,18.0,0.0,24.26,3,0.0
L005,computer_architecture,Computer Architecture,0.5,6.0,0.237,19.26,5,0.339
L033,software_engineering,Software Engineering,0.4,16.0,0.0,27.76,3,0.026
L037,data_structures,Data Structures,0.4,6.0,0.199,18.14,2,0.194
L025,neural_networks,Neural Networks,0.6,10.0,0.094,25.3,2,0.093
L003,data_structures,Data Structures,0.4,19.0,0.088,13.8,4,0.034
L040,neural_networks,Neural Networks,0.6,15.0,0.0,22.9,5,0.056
L019,data_structures,Data Structures,0.4,6.0,0.217,21.91,3,0.386
L011,computer_networks,Computer Networks,0.55,16.0,0.262,21.38,1,0.0
L004,data_structures,Data Structures,0.4,4.0,0.435,19.18,3,0.467
L033,neural_networks,Neural Networks,0.6,10.0,0.138,14.35,1,0.117
L020,software_engineering,Software Engineering,0.4,9.0,0.041,12.45,5,0.115
L013,dbms_normalization,DBMS Normalization,0.7,7.0,0.255,18.73,5,0.191
L028,data_structures,Data Structures,0.4,12.0,0.257,24.14,4,0.274
L036,computer_architecture,Computer Architecture,0.5,6.0,0.26,25.23,1,0.209
L024,software_engineering,Software Engineering,0.4,18.0,0.032,20.92,2,0.135
L004,software_engineering,Software Engineering,0.4,18.0,0.073,16.9,5,0.029
L032,ml_fundamentals,ML Fundamentals,0.5,21.0,0.145,29.43,2,0.012
L031,ml_fundamentals,ML Fundamentals,0.5,14.0,0.126,22.54,1,0.0
L025,algorithm_design,Algorithm Design,0.5,9.0,0.04,24.04,5,0.17
L018,oop_concepts,OOP Concepts,0.35,15.0,0.0,24.03,3,0.012
L028,oop_concepts,OOP Concepts,0.35,3.0,0.469,23.74,3,0.722
L007,dbms_normalization,DBMS Normalization,0.7,4.0,0.209,22.25,2,0.5
L038,data_structures,Data Structures,0.4,7.0,0.323,16.03,5,0.235
L037,software_engineering,Software Engineering,0.4,16.0,0.146,18.36,3,0.0
L004,discrete_mathematics,Discrete Mathematics,0.55,11.0,0.0,25.63,3,0.026
L028,software_engineering,Software Engineering,0.4,19.0,0.044,18.76,3,0.0
L035,algorithm_design,Algorithm Design,0.5,7.0,0.329,21.24,4,0.24
L037,software_engineering,Software Engineering,0.4,17.0,0.0,19.75,3,0.041
L026,computer_networks,Computer Networks,0.55,11.0,0.153,22.76,2,0.078
L025,oop_concepts,OOP Concepts,0.35,8.0,0.334,22.78,5,0.468
L034,software_engineering,Software Engineering,0.4,15.0,0.181,23.22,2,0.076
L026,data_structures,Data Structures,0.4,19.0,0.162,21.41,4,0.063
L015,dbms_normalization,DBMS Normalization,0.7,16.0,0.227,18.16,3,0.008
L013,neural_networks,Neural Networks,0.6,21.0,0.0,16.29,5,0.082
L022,data_structures,Data Structures,0.4,2.0,0.372,15.09,5,0.66
L009,data_structures,Data Structures,0.4,20.0,0.054,25.93,4,0.161
L001,oop_concepts,OOP Concepts,0.35,15.0,0.161,22.27,5,0.149
L013,neural_networks,Neural Networks,0.6,11.0,0.0,27.1,2,0.035
L028,probability_and_statistics,Probability & Statistics,0.65,8.0,0.078,22.41,3,0.117
L008,neural_networks,Neural Networks,0.6,8.0,0.141,19.01,4,0.133
L016,algorithm_design,Algorithm Design,0.5,14.0,0.189,20.96,4,0.025
L022,software_engineering,Software Engineering,0.4,4.0,0.551,24.61,3,0.604
L008,ml_fundamentals,ML Fundamentals,0.5,11.0,0.0,15.36,1,0.186
L015,operating_systems,Operating Systems,0.6,11.0,0.088,19.31,3,0.131
L022,dbms_normalization,DBMS Normalization,0.7,20.0,0.027,20.19,2,0.031
L012,computer_networks,Computer Networks,0.55,6.0,0.195,18.07,3,0.239
L030,operating_systems,Operating Systems,0.6,12.0,0.0,25.53,4,0.037
L035,dbms_normalization,DBMS Normalization,0.7,2.0,0.498,15.01,5,0.696
L035,probability_and_statistics,Probability & Statistics,0.65,13.0,0.049,29.07,3,0.0
L020,neural_networks,Neural Networks,0.6,17.0,0.044,13.05,2,0.083
L005,algorithm_design,Algorithm Design,0.5,14.0,0.174,22.58,2,0.082
L037,computer_networks,Computer Networks,0.55,7.0,0.17,22.96,4,0.188
L035,operating_systems,Operating Systems,0.6,12.0,0.075,21.22,5,0.0
L017,computer_networks,Computer Networks,0.55,0.0,0.506,9.86,1,1.0
L027,dbms_normalization,DBMS Normalization,0.7,16.0,0.0,17.76,1,0.019
L039,probability_and_statistics,Probability & Statistics,0.65,10.0,0.146,23.98,5,0.047
L021,computer_networks,Computer Networks,0.55,4.0,0.33,14.01,5,0.379
L014,discrete_mathematics,Discrete Mathematics,0.55,10.0,0.109,20.64,3,0.199
L033,ml_fundamentals,ML Fundamentals,0.5,1.0,0.49,13.95,3,0.905
L040,probability_and_statistics,Probability & Statistics,0.65,15.0,0.168,23.98,2,0.07
L032,algorithm_design,Algorithm Design,0.5,7.0,0.188,18.76,4,0.281
L013,oop_concepts,OOP Concepts,0.35,15.0,0.094,24.36,5,0.0
L005,algorithm_design,Algorithm Design,0.5,4.0,0.385,24.04,1,0.459
L027,dbms_normalization,DBMS Normalization,0.7,11.0,0.024,17.09,5,0.018
L008,discrete_mathematics,Discrete Mathematics,0.55,3.0,0.427,13.48,2,0.529
L018,ml_fundamentals,ML Fundamentals,0.5,6.0,0.222,21.47,3,0.39
L009,probability_and_statistics,Probability & Statistics,0.65,7.0,0.21,18.92,4,0.086
L003,dbms_normalization,DBMS Normalization,0.7,0.0,0.766,12.57,4,0.944
L016,dbms_normalization,DBMS Normalization,0.7,4.0,0.025,26.64,3,0.0
L002,dbms_normalization,DBMS Normalization,0.7,15.0,0.106,24.44,5,0.123
L040,data_structures,Data Structures,0.4,12.0,0.312,24.73,2,0.0
L013,oop_concepts,OOP Concepts,0.35,7.0,0.396,19.3,5,0.249
L039,oop_concepts,OOP Concepts,0.35,9.0,0.034,8.8,4,0.202
L033,computer_architecture,Computer Architecture,0.5,1.0,0.556,18.83,5,0.908
L014,dbms_normalization,DBMS Normalization,0.7,2.0,0.254,16.55,5,0.274
L037,discrete_mathematics,Discrete Mathematics,0.55,9.0,0.0,23.98,1,0.054
L039,oop_concepts,OOP Concepts,0.35,10.0,0.176,17.75,2,0.295
L030,discrete_mathematics,Discrete Mathematics,0.55,17.0,0.0,27.64,3,0.104
L025,operating_systems,Operating Systems,0.6,11.0,0.031,28.36,2,0.047
L001,computer_networks,Computer Networks,0.55,14.0,0.0,22.51,4,0.047
L007,discrete_mathematics,Discrete Mathematics,0.55,0.0,0.7,12.45,5,0.993
L001,software_engineering,Software Engineering,0.4,21.0,0.009,23.26,4,0.025
L001,computer_architecture,Computer Architecture,0.5,1.0,0.465,17.08,2,0.734
L030,operating_systems,Operating Systems,0.6,19.0,0.055,20.29,5,0.067
L028,software_engineering,Software Engineering,0.4,2.0,0.433,10.47,3,0.657
L014,dbms_normalization,DBMS Normalization,0.7,16.0,0.0,17.27,4,0.0
L016,computer_networks,Computer Networks,0.55,15.0,0.058,14.9,1,0.0
L017,operating_systems,Operating Systems,0.6,14.0,0.038,24.07,1,0.0
L004,software_engineering,Software Engineering,0.4,1.0,0.738,13.59,3,0.77
L025,computer_architecture,Computer Architecture,0.5,13.0,0.0,24.05,1,0.176
L005,software_engineering,Software Engineering,0.4,21.0,0.0,22.19,1,0.085
L012,operating_systems,Operating Systems,0.6,12.0,0.112,22.85,1,0.078
L020,software_engineering,Software Engineering,0.4,6.0,0.297,15.74,4,0.561
L005,computer_networks,Computer Networks,0.55,10.0,0.147,14.42,5,0.208
L001,computer_architecture,Computer Architecture,0.5,9.0,0.0,24.74,2,0.0
L034,computer_networks,Computer Networks,0.55,6.0,0.174,20.33,5,0.212
L024,operating_systems,Operating Systems,0.6,19.0,0.004,19.49,5,0.055
L006,dbms_normalization,DBMS Normalization,0.7,0.0,0.802,10.66,5,0.952
L040,probability_and_statistics,Probability & Statistics,0.65,9.0,0.079,22.07,5,0.155
L008,computer_architecture,Computer Architecture,0.5,15.0,0.056,19.85,1,0.076
L030,software_engineering,Software Engineering,0.4,14.0,0.158,19.35,1,0.031
L028,operating_systems,Operating Systems,0.6,18.0,0.242,20.86,1,0.017
L012,computer_architecture,Computer Architecture,0.5,12.0,0.141,19.88,4,0.006
